candidate_id,five_prime_flank,rbs,spacer,cds_start,full_seq,utr_seq,structure,mfe,backend,rbs_start,rbs_end,aug_start,aug_end,rbs_access,aug_access,long_range_flag,long_range_pairs,dG_duplex_orth,dG_duplex_wt,dG_start,dG_standby,best_dG_spacing,best_dG_mrna_unfolding,dG_total,orth_tir,wt_tir,t_score,fitness_for_selection,orthScore,wtLeakage,fitness
g20_child_35,AACGAUCAGGUU,UUGCGA,UAAUA,AUGGAGAGAGAGAGAG,AACGAUCAGGUUUUGCGAUAAUAAUGGAGAGAGAGAGAG,AACGAUCAGGUUUUGCGAUAAUA,..(..((...((((.((.......)).))))...))..),-0.3,ViennaRNA; duplex=ViennaRNA cofold,12,18,23,26,0.3333,0.5,False,,-19.6,-3.2,-1.194,0.0,0.0,0.3,-20.494,6.924800069747562e+17,116225.14918412044,6.924800069747155e+17,17.840407,1.0,0.2667,1.0
g20_child_50,AACGAUCAGGUU,UUGCGA,UAA,AUGGAGAGAGAGAGAG,AACGAUCAGGUUUUGCGAUAAAUGGAGAGAGAGAGAG,AACGAUCAGGUUUUGCGAUAA,..(..((...((((.(.......).))))...))..),-0.6,ViennaRNA; duplex=ViennaRNA cofold,12,18,21,24,0.5,0.5833,False,,-19.6,-3.2,-1.194,0.0,0.288,0.6,-19.906,2.6670657366045405e+17,396338.3035439738,2.6670657366031533e+17,17.426034,1.0,0.2667,0.9852
g21_child_61,AACGAUCAGGUU,UUGCGA,UAU,AUGGAGAGAGAGAGAG,AACGAUCAGGUUUUGCGAUAUAUGGAGAGAGAGAGAG,AACGAUCAGGUUUUGCGAUAU,..(..((...((((.(.......).))))...))..),-0.6,ViennaRNA; duplex=ViennaRNA cofold,12,18,21,24,0.5,0.5833,False,,-19.6,-3.2,-1.194,0.0,0.288,0.6,-19.906,2.6670657366045405e+17,1169183.6810822496,2.6670657366004483e+17,17.426034,1.0,0.2667,0.9852
g23_child_16,AACGAUCAGGUU,UUGCGA,UAC,AUGGAGAGAGAGAGAG,AACGAUCAGGUUUUGCGAUACAUGGAGAGAGAGAGAG,AACGAUCAGGUUUUGCGAUAC,..(..((...((((.(.......).))))...))..),-0.6,ViennaRNA; duplex=ViennaRNA cofold,12,18,21,24,0.5,0.5833,False,,-19.6,-3.2,-1.194,0.0,0.288,0.6,-19.906,2.6670657366045405e+17,396338.3035439738,2.6670657366031533e+17,17.426034,1.0,0.2667,0.9852
g23_child_74,AACGAUCAAGUU,UUGCGA,UAU,AUGGAGAGAGAGAGAG,AACGAUCAAGUUUUGCGAUAUAUGGAGAGAGAGAGAG,AACGAUCAAGUUUUGCGAUAU,..(..((...((((.(.......).))))...))..),-0.6,ViennaRNA; duplex=ViennaRNA cofold,12,18,21,24,0.5,0.5833,False,,-19.6,-0.2,-1.194,0.0,0.288,0.6,-19.906,2.6670657366045405e+17,8989.429880557496,2.667065736604509e+17,17.426034,1.0,0.0167,0.9852
g24_child_70,AACGAUCAAGUU,UUGCGA,UAA,AUGGAGAGAGAGAGAG,AACGAUCAAGUUUUGCGAUAAAUGGAGAGAGAGAGAG,AACGAUCAAGUUUUGCGAUAA,..(..((...((((.(.......).))))...))..),-0.6,ViennaRNA; duplex=ViennaRNA cofold,12,18,21,24,0.5,0.5833,False,,-19.6,-0.2,-1.194,0.0,0.288,0.6,-19.906,2.6670657366045405e+17,3047.3016740959997,2.66706573660453e+17,17.426034,1.0,0.0167,0.9852
g22_child_24,AACGGUCAGGUU,UUGCGA,UAA,AUGGAGAGAGAGAGAG,AACGGUCAGGUUUUGCGAUAAAUGGAGAGAGAGAGAG,AACGGUCAGGUUUUGCGAUAA,.....((...((((.(.......).))))...))...,-0.2,ViennaRNA; duplex=ViennaRNA cofold,12,18,21,24,0.5,0.5833,False,,-19.0,-4.5,-1.194,0.0,0.288,0.2,-19.706,1.9279248225401136e+17,6252946.0317668095,1.9279248225182282e+17,17.28509,1.0,0.375,0.9801
g17_child_52,AACGAUCAGGUU,UUGCGA,UAAA,AUGGAGAGAGAGAGAG,AACGAUCAGGUUUUGCGAUAAAAUGGAGAGAGAGAGAG,AACGAUCAGGUUUUGCGAUAAA,..(..((...((((.(........).))))...))..),-1.1,ViennaRNA; duplex=ViennaRNA cofold,12,18,22,25,0.5,0.5833,False,,-19.6,-3.2,-1.194,0.0,0.0053,1.1,-19.6887,1.8744796045427824e+17,80805.9849783013,1.8744796045424995e+17,17.272881,1.0,0.2667,0.9797
g22_child_48,AACGAUCAGGUU,UUGCGA,UAAU,AUGGAGAGAGAGAGAG,AACGAUCAGGUUUUGCGAUAAUAUGGAGAGAGAGAGAG,AACGAUCAGGUUUUGCGAUAAU,..(..((...((((.(........).))))...))..),-1.1,ViennaRNA; duplex=ViennaRNA cofold,12,18,22,25,0.5,0.5833,False,,-19.6,-3.2,-1.194,0.0,0.0053,1.1,-19.6887,1.8744796045427824e+17,80805.9849783013,1.8744796045424995e+17,17.272881,1.0,0.2667,0.9797
g24_child_69,UACGAUCAGGUU,UUGCGA,UAA,AUGGAGAGAGAGAGAG,UACGAUCAGGUUUUGCGAUAAAUGGAGAGAGAGAGAG,UACGAUCAGGUUUUGCGAUAA,..(..((...((((.(.......).))))...))..),-0.6,ViennaRNA; duplex=ViennaRNA cofold,12,18,21,24,0.5,0.5833,False,,-19.2,-3.2,-1.194,0.0,0.288,0.6,-19.506,1.3936292311744406e+17,396338.3035439738,1.3936292311730534e+17,17.144147,1.0,0.2667,0.9751
g21_child_36,AACGGUCAGGUU,UUGCGA,UAAA,AUGGAGAGAGAGAGAG,AACGGUCAGGUUUUGCGAUAAAAUGGAGAGAGAGAGAG,AACGGUCAGGUUUUGCGAUAAA,.....((...((((.(........).))))...))...,-0.7,ViennaRNA; duplex=ViennaRNA cofold,12,18,22,25,0.5,0.5833,False,,-19.0,-4.5,-1.194,0.0,0.0053,0.7,-19.4887,1.3549931659824342e+17,1274859.055540197,1.3549931659779722e+17,17.131937,1.0,0.375,0.9747
g22_child_49,AACGAUCAGGUU,UUGCGA,UAUUA,AUGGAGAGAGAGAGAG,AACGAUCAGGUUUUGCGAUAUUAAUGGAGAGAGAGAGAG,AACGAUCAGGUUUUGCGAUAUUA,..(..((...((((.((.......)).))))...))..),-0.3,ViennaRNA; duplex=ViennaRNA cofold,12,18,23,26,0.3333,0.5,False,,-19.6,-3.2,-1.194,0.0,1.152,0.3,-19.342,1.068005335700636e+17,1202520.2077360486,1.0680053356964272e+17,17.028573,1.0,0.2667,0.971
g23_child_24,UACGAUCAGGUU,UUGCGA,UAAA,AUGGAGAGAGAGAGAG,UACGAUCAGGUUUUGCGAUAAAAUGGAGAGAGAGAGAG,UACGAUCAGGUUUUGCGAUAAA,..(..((...((((.(........).))))...))..),-1.1,ViennaRNA; duplex=ViennaRNA cofold,12,18,22,25,0.5,0.5833,False,,-19.2,-3.2,-1.194,0.0,0.0053,1.1,-19.2887,9.794770088632693e+16,80805.9849783013,9.794770088629864e+16,16.990994,1.0,0.2667,0.9696
g19_child_75,AACGAUCAGGUU,UUGCGA,UACAA,AUGGAGAGAGAGAGAG,AACGAUCAGGUUUUGCGAUACAAAUGGAGAGAGAGAGAG,AACGAUCAGGUUUUGCGAUACAA,..(..((....((((.....))))....))..)......,-0.6,ViennaRNA; duplex=ViennaRNA cofold,12,18,23,26,0.5,0.5,False,,-19.6,-3.2,-1.194,0.0,1.152,0.6,-19.042,6.563845613492465e+16,71430.72325094948,6.563845613489965e+16,16.817158,1.0,0.2667,0.9634
g21_child_30,AACGAUCAGGUU,UUGCGA,UAUA,AUGGAGAGAGAGAGAG,AACGAUCAGGUUUUGCGAUAUAAUGGAGAGAGAGAGAG,AACGAUCAGGUUUUGCGAUAUA,..(..((...((((.(........).))))...))..),-1.1,ViennaRNA; duplex=ViennaRNA cofold,12,18,22,25,0.5,0.5833,False,,-19.6,-3.2,-1.194,0.0,0.672,1.1,-19.022,6.354245945381105e+16,523934.92027516395,6.354245945362767e+16,16.803064,1.0,0.2667,0.9629
g23_child_17,AACGAUCAGGUU,UUGCGA,UAUC,AUGGAGAGAGAGAGAG,AACGAUCAGGUUUUGCGAUAUCAUGGAGAGAGAGAGAG,AACGAUCAGGUUUUGCGAUAUC,..(..((...((((.(........).))))...))..),-1.1,ViennaRNA; duplex=ViennaRNA cofold,12,18,22,25,0.5,0.5833,False,,-19.6,-3.2,-1.194,0.0,0.672,1.1,-19.022,6.354245945381105e+16,523934.92027516395,6.354245945362767e+16,16.803064,1.0,0.2667,0.9629
g24_child_19,AACGAUCAGGUU,UUGCGA,UACA,AUGGAGAGAGAGAGAG,AACGAUCAGGUUUUGCGAUACAAUGGAGAGAGAGAGAG,AACGAUCAGGUUUUGCGAUACA,..(..((...((((.(........).))))...))..),-1.1,ViennaRNA; duplex=ViennaRNA cofold,12,18,22,25,0.5,0.5833,False,,-19.6,-3.2,-1.194,0.0,0.672,1.1,-19.022,6.354245945381105e+16,80805.9849783013,6.354245945378277e+16,16.803064,1.0,0.2667,0.9629
g24_child_50,AACGAUCAGGUU,UUGCGA,UAUU,AUGGAGAGAGAGAGAG,AACGAUCAGGUUUUGCGAUAUUAUGGAGAGAGAGAGAG,AACGAUCAGGUUUUGCGAUAUU,..(..((...((((.(........).))))...))..),-1.1,ViennaRNA; duplex=ViennaRNA cofold,12,18,22,25,0.5,0.5833,False,,-19.6,-3.2,-1.194,0.0,0.672,1.1,-19.022,6.354245945381105e+16,523934.92027516395,6.354245945362767e+16,16.803064,1.0,0.2667,0.9629
g24_child_78,AACGAUCAGGUU,UUGCGA,UAAC,AUGGAGAGAGAGAGAG,AACGAUCAGGUUUUGCGAUAACAUGGAGAGAGAGAGAG,AACGAUCAGGUUUUGCGAUAAC,..(..((...((((.(........).))))...))..),-1.1,ViennaRNA; duplex=ViennaRNA cofold,12,18,22,25,0.5,0.5833,False,,-19.6,-3.2,-1.194,0.0,0.672,1.1,-19.022,6.354245945381105e+16,80805.9849783013,6.354245945378277e+16,16.803064,1.0,0.2667,0.9629
g17_child_55,AAUGAUCAGGUU,UUGCGA,UAAUA,AUGGAGAGAGAGAGAG,AAUGAUCAGGUUUUGCGAUAAUAAUGGAGAGAGAGAGAG,AAUGAUCAGGUUUUGCGAUAAUA,.......................................,0.0,ViennaRNA; duplex=ViennaRNA cofold,12,18,23,26,1.0,1.0,False,,-17.8,-3.2,-1.194,0.0,0.0,0.0,-18.994,6.072010347765411e+16,189110.29719542284,6.072010347758792e+16,16.783333,1.0,0.2667,0.9622
g20_child_59,AACGAUUAGGUU,UUGCGA,UAAA,AUGGAGAGAGAGAGAG,AACGAUUAGGUUUUGCGAUAAAAUGGAGAGAGAGAGAG,AACGAUUAGGUUUUGCGAUAAA,..........((((.(........).))))........,-0.2,ViennaRNA; duplex=ViennaRNA cofold,12,18,22,25,0.5,0.5833,False,,-18.0,-3.1,-1.194,0.0,0.0053,0.2,-18.9887,6.0197529319124e+16,295949.03360153316,6.019752931902042e+16,16.779579,1.0,0.2583,0.9621
g21_child_70,AACGAUUAGGUU,UUGCGA,UAA,AUGGAGAGAGAGAGAG,AACGAUUAGGUUUUGCGAUAAAUGGAGAGAGAGAGAG,AACGAUUAGGUUUUGCGAUAA,.....................................,0.0,ViennaRNA; duplex=ViennaRNA cofold,12,18,21,24,1.0,1.0,False,,-18.0,-3.1,-1.194,0.0,0.288,0.0,-18.906,5.2640088808003144e+16,892122.2879498168,5.2640088807690904e+16,16.721317,1.0,0.2583,0.96
g23_child_45,AACGAUCAGGUU,UUGCGA,AAU,AUGGAGAGAGAGAGAG,AACGAUCAGGUUUUGCGAAAUAUGGAGAGAGAGAGAG,AACGAUCAGGUUUUGCGAAAU,..(..((...((((.(.......).))))...))..),-0.6,ViennaRNA; duplex=ViennaRNA cofold,12,18,21,24,0.5,0.5833,False,,-18.6,-3.2,-1.194,0.0,0.288,0.6,-18.906,5.264011935569775e+16,1179331.157368661,5.2640119355284984e+16,16.721317,1.0,0.2667,0.96
g22_child_45,AACGGUCAGGUU,UUGCGAU,UAAA,AUGGAGAGAGAGAGAG,AACGGUCAGGUUUUGCGAUUAAAAUGGAGAGAGAGAGAG,AACGGUCAGGUUUUGCGAUUAAA,..(..((..((((((....)))))).))..)........,-0.7,ViennaRNA; duplex=ViennaRNA cofold,12,19,23,26,0.5714,0.3333,False,,-18.4,-4.5,-1.194,0.0,0.0,0.7,-18.894,5.162496266817876e+16,500662.73192808055,5.162496266800353e+16,16.71286,1.0,0.375,0.9597
g24_child_27,AACGAUCAGGUU,UUGCGA,UUA,AUGGAGAGAGAGAGAG,AACGAUCAGGUUUUGCGAUUAAUGGAGAGAGAGAGAG,AACGAUCAGGUUUUGCGAUUA,..(..((...((((.(.......).))))...))..),-0.6,ViennaRNA; duplex=ViennaRNA cofold,12,18,21,24,0.5,0.5833,False,,-18.5,-2.7,-1.194,0.0,0.288,0.6,-18.806,4.475534517988041e+16,176079.02256447563,4.475534517981878e+16,16.650845,1.0,0.225,0.9575
g24_child_24,AACGAUCAGGUU,UUGCGA,GUAAUA,AUGGAGAGAGAGAGAG,AACGAUCAGGUUUUGCGAGUAAUAAUGGAGAGAGAGAGAG,AACGAUCAGGUUUUGCGAGUAAUA,..(..((...((((.((........)).))))...))..),-0.8,ViennaRNA; duplex=ViennaRNA cofold,12,18,24,27,0.3333,0.5,False,,-18.6,-3.2,-1.194,0.0,0.288,0.8,-18.706,3.805165081687269e+16,17352.895781547602,3.8051650816866616e+16,16.580374,1.0,0.2667,0.9549
g21_child_49,AACGAUCAGGUU,UUGCGA,CAA,AUGGAGAGAGAGAGAG,AACGAUCAGGUUUUGCGACAAAUGGAGAGAGAGAGAG,AACGAUCAGGUUUUGCGACAA,..(..((...((((.(.......).))))...))..),-0.6,ViennaRNA; duplex=ViennaRNA cofold,12,18,21,24,0.5,0.5833,False,,-18.4,-3.2,-1.194,0.0,0.288,0.6,-18.706,3.805160297292214e+16,71430.72325094948,3.8051602972897144e+16,16.580373,1.0,0.2667,0.9549
g23_child_64,AACGAUCAGGUU,UUGCGG,UAAUA,AUGGAGAGAGAGAGAG,AACGAUCAGGUUUUGCGGUAAUAAUGGAGAGAGAGAGAG,AACGAUCAGGUUUUGCGGUAAUA,..(..((...((((.((.......)).))))...))..),-1.5,ViennaRNA; duplex=ViennaRNA cofold,12,18,23,26,0.3333,0.5,False,,-19.0,-3.2,-1.194,0.0,0.0,1.5,-18.694,3.731785218008548e+16,16582.113939656687,3.731785218007968e+16,16.571917,1.0,0.2667,0.9546
g21_child_77,UAUGAUCAGGUU,UUGCGA,UAAUA,AUGGAGAGAGAGAGAG,UAUGAUCAGGUUUUGCGAUAAUAAUGGAGAGAGAGAGAG,UAUGAUCAGGUUUUGCGAUAAUA,.......................................,0.0,ViennaRNA; duplex=ViennaRNA cofold,12,18,23,26,1.0,1.0,False,,-17.4,-3.2,-1.194,0.0,0.0,0.0,-18.594,3.1728145303126092e+16,189110.29719542284,3.1728145303059904e+16,16.501445,1.0,0.2667,0.9521
g12_child_38,AAUGAUCAGGUU,UUGCGA,UAA,AUGGAGAGAGAGAGAG,AAUGAUCAGGUUUUGCGAUAAAUGGAGAGAGAGAGAG,AAUGAUCAGGUUUUGCGAUAA,.....((...((((.(.......).))))...))...,-0.2,ViennaRNA; duplex=ViennaRNA cofold,12,18,21,24,0.5,0.5833,False,,-17.8,-3.2,-1.194,0.0,0.288,0.2,-18.506,2.7506205022797044e+16,758495.1405609077,2.7506205022531572e+16,16.439431,1.0,0.2667,0.9499
g18_child_31,AAUGAUCAGGUU,UUGCGA,UGA,AUGGAGAGAGAGAGAG,AAUGAUCAGGUUUUGCGAUGAAUGGAGAGAGAGAGAG,AAUGAUCAGGUUUUGCGAUGA,.....((...((((.(.......).))))...))...,-0.2,ViennaRNA; duplex=ViennaRNA cofold,12,18,21,24,0.5,0.5833,False,,-17.8,-3.2,-1.194,0.0,0.288,0.2,-18.506,2.7506205022797044e+16,136701.03542385716,2.75062050227492e+16,16.439431,1.0,0.2667,0.9499
g18_child_52,AAUGAUCAGGUU,UUGCGA,UAU,AUGGAGAGAGAGAGAG,AAUGAUCAGGUUUUGCGAUAUAUGGAGAGAGAGAGAG,AAUGAUCAGGUUUUGCGAUAU,.....((...((((.(.......).))))...))...,-0.2,ViennaRNA; duplex=ViennaRNA cofold,12,18,21,24,0.5,0.5833,False,,-17.8,-3.2,-1.194,0.0,0.288,0.2,-18.506,2.7506205022797044e+16,2237533.2704264037,2.7506205022013908e+16,16.439431,1.0,0.2667,0.9499
g20_child_32,AAUGAUCAAGUU,UUGCGA,UAA,AUGGAGAGAGAGAGAG,AAUGAUCAAGUUUUGCGAUAAAUGGAGAGAGAGAGAG,AAUGAUCAAGUUUUGCGAUAA,.....((...((((.(.......).))))...))...,-0.2,ViennaRNA; duplex=ViennaRNA cofold,12,18,21,24,0.5,0.5833,False,,-17.8,-0.2,-1.194,0.0,0.288,0.2,-18.506,2.7506205022797044e+16,5831.794431568203,2.7506205022795004e+16,16.439431,1.0,0.0167,0.9499
g21_child_58,AAUGAUCAGGUU,UUGCGA,UAAUAU,AUGGAGAGAGAGAGAG,AAUGAUCAGGUUUUGCGAUAAUAUAUGGAGAGAGAGAGAG,AAUGAUCAGGUUUUGCGAUAAUAU,..........((((.(.(((...))).).)))).......,-0.4,ViennaRNA; duplex=ViennaRNA cofold,12,18,24,27,0.3333,0.3333,False,,-17.8,-3.2,-1.194,0.0,0.288,0.4,-18.306,1.988324677694107e+16,137368.11935256099,1.988324677689299e+16,16.298487,1.0,0.2667,0.9449
g23_child_79,AACGAUCAGAUU,UUGCGA,UAU,AUGGAGAGAGAGAGAG,AACGAUCAGAUUUUGCGAUAUAUGGAGAGAGAGAGAG,AACGAUCAGAUUUUGCGAUAU,..(..((...((((.(.......).)))).))..)..,-0.1,ViennaRNA; duplex=ViennaRNA cofold,12,18,21,24,0.5,0.5833,False,,-17.2,0.0,-1.194,0.0,0.0,0.1,-18.294,1.949981247022193e+16,14626.729144388628,1.949981247021681e+16,16.29003,1.0,0.0,0.9446
g15_child_18,AAUGAUCAGGUU,UUGCGA,UAAA,AUGGAGAGAGAGAGAG,AAUGAUCAGGUUUUGCGAUAAAAUGGAGAGAGAGAGAG,AAUGAUCAGGUUUUGCGAUAAA,.....((...((((.(........).))))...))...,-0.7,ViennaRNA; duplex=ViennaRNA cofold,12,18,22,25,0.5,0.5833,False,,-17.8,-3.2,-1.194,0.0,0.0053,0.7,-18.2887,1.933204002161045e+16,154643.01044896164,1.9332040021556324e+16,16.286278,1.0,0.2667,0.9444
g16_child_71,AAUGAUCAGGUU,UUGCGA,UAAU,AUGGAGAGAGAGAGAG,AAUGAUCAGGUUUUGCGAUAAUAUGGAGAGAGAGAGAG,AAUGAUCAGGUUUUGCGAUAAU,.....((...((((.(........).))))...))...,-0.7,ViennaRNA; duplex=ViennaRNA cofold,12,18,22,25,0.5,0.5833,False,,-17.8,-3.2,-1.194,0.0,0.0053,0.7,-18.2887,1.933204002161045e+16,154643.01044896164,1.9332040021556324e+16,16.286278,1.0,0.2667,0.9444
g18_child_28,AAUGAUCAGGUU,UUGCGA,UGAA,AUGGAGAGAGAGAGAG,AAUGAUCAGGUUUUGCGAUGAAAUGGAGAGAGAGAGAG,AAUGAUCAGGUUUUGCGAUGAA,.....((...((((.(........).))))...))...,-0.7,ViennaRNA; duplex=ViennaRNA cofold,12,18,22,25,0.5,0.5833,False,,-17.8,-3.2,-1.194,0.0,0.0053,0.7,-18.2887,1.933204002161045e+16,628355.8432971016,1.9332040021390524e+16,16.286278,1.0,0.2667,0.9444
g20_child_71,AACGAUCAGGUU,UUGCGA,UACACA,AUGGAGAGAGAGAGAG,AACGAUCAGGUUUUGCGAUACACAAUGGAGAGAGAGAGAG,AACGAUCAGGUUUUGCGAUACACA,..(..((...((((.((........)).))))...))..),-0.8,ViennaRNA; duplex=ViennaRNA cofold,12,18,24,27,0.3333,0.5,False,,-19.6,-3.2,-1.194,0.0,1.728,0.8,-18.266,1.8633656559328024e+16,71779.29796808292,1.86336565593029e+16,16.270298,1.0,0.2667,0.9439
g22_child_42,AACGAUCAGGUU,UUGCGA,UAAAUA,AUGGAGAGAGAGAGAG,AACGAUCAGGUUUUGCGAUAAAUAAUGGAGAGAGAGAGAG,AACGAUCAGGUUUUGCGAUAAAUA,..(..((...((((.((........)).))))...))..),-0.8,ViennaRNA; duplex=ViennaRNA cofold,12,18,24,27,0.3333,0.5,False,,-19.6,-3.2,-1.194,0.0,1.728,0.8,-18.266,1.8633656559328024e+16,71779.29796808292,1.86336565593029e+16,16.270298,1.0,0.2667,0.9439
g16_child_54,AACGAUCAGGGU,UGCGA,UAU,AUGGAGAGAGAGAGAG,AACGAUCAGGGUUGCGAUAUAUGGAGAGAGAGAGAG,AACGAUCAGGGUUGCGAUAU,....(((........)))..................,-0.1,ViennaRNA; duplex=ViennaRNA cofold,12,17,20,23,0.6,0.9167,False,,-17.3,-3.2,-1.194,0.0,0.288,0.1,-18.106,1.4372848854285178e+16,2631728.7199750594,1.4372848853364072e+16,16.157543,1.0,0.2667,0.9398
g20_child_57,UAUGAUCAGGUU,UUGCGA,UAA,AUGGAGAGAGAGAGAG,UAUGAUCAGGUUUUGCGAUAAAUGGAGAGAGAGAGAG,UAUGAUCAGGUUUUGCGAUAA,.....((...((((.(.......).))))...))...,-0.2,ViennaRNA; duplex=ViennaRNA cofold,12,18,21,24,0.5,0.5833,False,,-17.4,-3.2,-1.194,0.0,0.288,0.2,-18.106,1.4372848854285178e+16,758495.1405609077,1.4372848854019704e+16,16.157543,1.0,0.2667,0.9398
g22_child_39,AACGAUCAGGUU,UUGCGG,UAA,AUGGAGAGAGAGAGAG,AACGAUCAGGUUUUGCGGUAAAUGGAGAGAGAGAGAG,AACGAUCAGGUUUUGCGGUAA,..(..((...((((.((.....)).))))...))..),-1.8,ViennaRNA; duplex=ViennaRNA cofold,12,18,21,24,0.3333,0.5,False,,-19.0,-3.2,-1.194,0.0,0.288,1.8,-18.106,1.4372858932682358e+16,56546.51845834711,1.4372858932662566e+16,16.157543,1.0,0.2667,0.9398
g20_child_79,AACGAUCAGGUU,UUGCGA,AACAA,AUGGAGAGAGAGAGAG,AACGAUCAGGUUUUGCGAAACAAAUGGAGAGAGAGAGAG,AACGAUCAGGUUUUGCGAAACAA,..(..((....((((.....))))....))..)......,-0.6,ViennaRNA; duplex=ViennaRNA cofold,12,18,23,26,0.5,0.5,False,,-18.6,-3.2,-1.194,0.0,1.152,0.6,-18.042,1.2955121869868162e+16,71430.72325094948,1.2955121869843162e+16,16.112442,1.0,0.2667,0.9382
g21_child_31,AACGAUCAGGUU,UUGCGA,GUAA,AUGGAGAGAGAGAGAG,AACGAUCAGGUUUUGCGAGUAAAUGGAGAGAGAGAGAG,AACGAUCAGGUUUUGCGAGUAA,..(..((...((((.(........).))))...))..),-1.1,ViennaRNA; duplex=ViennaRNA cofold,12,18,22,25,0.5,0.5833,False,,-18.6,-3.2,-1.194,0.0,0.672,1.1,-18.022,1.254143309591458e+16,80805.9849783013,1.2541433095886298e+16,16.098347,1.0,0.2667,0.9377
g22_child_40,AACGAUCAGGUU,UUGCGA,AAUA,AUGGAGAGAGAGAGAG,AACGAUCAGGUUUUGCGAAAUAAUGGAGAGAGAGAGAG,AACGAUCAGGUUUUGCGAAAUA,..(..((...((((.(........).))))...))..),-1.1,ViennaRNA; duplex=ViennaRNA cofold,12,18,22,25,0.5,0.5833,False,,-18.6,-3.2,-1.194,0.0,0.672,1.1,-18.022,1.254143309591458e+16,328336.2932930693,1.2541433095799662e+16,16.098347,1.0,0.2667,0.9377
g24_child_22,AACGAUCAGGUU,UUGCGA,AUAA,AUGGAGAGAGAGAGAG,AACGAUCAGGUUUUGCGAAUAAAUGGAGAGAGAGAGAG,AACGAUCAGGUUUUGCGAAUAA,..(..((...((((.(........).))))...))..),-1.1,ViennaRNA; duplex=ViennaRNA cofold,12,18,22,25,0.5,0.5833,False,,-18.6,-3.2,-1.194,0.0,0.672,1.1,-18.022,1.254143309591458e+16,80805.9849783013,1.2541433095886298e+16,16.098347,1.0,0.2667,0.9377
g14_child_58,AACGAUCAGGGU,UGCG,GUA,AUGGAGAGAGAGAGAG,AACGAUCAGGGUUGCGGUAAUGGAGAGAGAGAGAG,AACGAUCAGGGUUGCGGUA,...................................,0.0,ViennaRNA; duplex=ViennaRNA cofold,12,16,19,22,1.0,1.0,False,,-16.8,-4.5,-1.194,0.0,0.0,0.0,-17.994,1.1984382126341132e+16,16130184.154845458,1.1984382120695568e+16,16.078616,1.0,0.375,0.937
g21_child_56,AACGAUCAGGUU,UGCGA,UAAUA,AUGGAGAGAGAGAGAG,AACGAUCAGGUUUGCGAUAAUAAUGGAGAGAGAGAGAG,AACGAUCAGGUUUGCGAUAAUA,....(((........)))....................,-0.1,ViennaRNA; duplex=ViennaRNA cofold,12,17,22,25,0.6,1.0,False,,-16.9,-3.1,-1.194,0.0,0.0,0.1,-17.994,1.1984359813420076e+16,136701.03542385716,1.198435981337223e+16,16.078615,1.0,0.2583,0.937
g21_child_71,AACGAUCAGGUU,UUGCGA,GACAA,AUGGAGAGAGAGAGAG,AACGAUCAGGUUUUGCGAGACAAAUGGAGAGAGAGAGAG,AACGAUCAGGUUUUGCGAGACAA,..(..((....((((.....))))....))..)......,-0.6,ViennaRNA; duplex=ViennaRNA cofold,12,18,23,26,0.5,0.5,False,,-18.5,-3.1,-1.194,0.0,1.152,0.6,-17.942,1.1014627545132072e+16,336972.42212440755,1.1014627545014132e+16,16.04197,1.0,0.2583,0.9357
g22_child_72,AACGAUCAGGUU,UUGCGA,UUAA,AUGGAGAGAGAGAGAG,AACGAUCAGGUUUUGCGAUUAAAUGGAGAGAGAGAGAG,AACGAUCAGGUUUUGCGAUUAA,..(..((...((((.(........).))))...))..),-1.1,ViennaRNA; duplex=ViennaRNA cofold,12,18,22,25,0.5,0.5833,False,,-18.5,-2.7,-1.194,0.0,0.672,1.1,-17.922,1.0662896933520702e+16,35899.22731442579,1.0662896933508138e+16,16.027875,1.0,0.225,0.9352
g20_child_29,AAUGAUCAGGUU,UUGCGA,UGAAUA,AUGGAGAGAGAGAGAG,AAUGAUCAGGUUUUGCGAUGAAUAAUGGAGAGAGAGAGAG,AAUGAUCAGGUUUUGCGAUGAAUA,..........((((.(.((.....)).).)))).......,-0.8,ViennaRNA; duplex=ViennaRNA cofold,12,18,24,27,0.3333,0.4167,False,,-17.8,-3.2,-1.194,0.0,0.288,0.8,-17.906,1.038964136439833e+16,131479.6663345843,1.0389641364352312e+16,16.016601,1.0,0.2667,0.9348
g17_child_32,AAUGGUCAGGUU,UUGCGA,UAA,AUGGAGAGAGAGAGAG,AAUGGUCAGGUUUUGCGAUAAAUGGAGAGAGAGAGAG,AAUGGUCAGGUUUUGCGAUAA,.....((...((((.(.......).))))...))...,-0.2,ViennaRNA; duplex=ViennaRNA cofold,12,18,21,24,0.5,0.5833,False,,-17.2,-4.3,-1.194,0.0,0.288,0.2,-17.906,1.0389635083946456e+16,4520031.316951506,1.0389635082364446e+16,16.0166,1.0,0.3583,0.9348
g24_child_45,AACGAUAAGGUU,UUGCGA,UAU,AUGGAGAGAGAGAGAG,AACGAUAAGGUUUUGCGAUAUAUGGAGAGAGAGAGAG,AACGAUAAGGUUUUGCGAUAU,.....................................,0.0,ViennaRNA; duplex=ViennaRNA cofold,12,18,21,24,1.0,1.0,False,,-17.0,-4.0,-1.194,0.0,0.288,0.0,-17.906,1.038962227183631e+16,11336691.406140706,1.0389622267868468e+16,16.0166,1.0,0.3333,0.9348
g17_child_35,AAUGAUCAGGUU,UUGCGA,UACAA,AUGGAGAGAGAGAGAG,AAUGAUCAGGUUUUGCGAUACAAAUGGAGAGAGAGAGAG,AAUGAUCAGGUUUUGCGAUACAA,.......................................,0.0,ViennaRNA; duplex=ViennaRNA cofold,12,18,23,26,1.0,1.0,False,,-17.8,-3.2,-1.194,0.0,1.152,0.0,-17.842,9364803870907010.0,189110.29719542284,9364803870840822.0,15.971499,1.0,0.2667,0.9332
g20_child_51,AAUGAUCAGGUU,UUGCGA,UAUAA,AUGGAGAGAGAGAGAG,AAUGAUCAGGUUUUGCGAUAUAAAUGGAGAGAGAGAGAG,AAUGAUCAGGUUUUGCGAUAUAA,.......................................,0.0,ViennaRNA; duplex=ViennaRNA cofold,12,18,23,26,1.0,1.0,False,,-17.8,-3.2,-1.194,0.0,1.152,0.0,-17.842,9364803870907010.0,1956624.3232625262,9364803870222192.0,15.971499,1.0,0.2667,0.9332
g22_child_25,AAUGAUCAGGUU,UUGCGA,UAUUA,AUGGAGAGAGAGAGAG,AAUGAUCAGGUUUUGCGAUAUUAAUGGAGAGAGAGAGAG,AAUGAUCAGGUUUUGCGAUAUUA,.......................................,0.0,ViennaRNA; duplex=ViennaRNA cofold,12,18,23,26,1.0,1.0,False,,-17.8,-3.2,-1.194,0.0,1.152,0.0,-17.842,9364803870907010.0,1956624.3232625262,9364803870222192.0,15.971499,1.0,0.2667,0.9332
g21_child_41,AACGAUUAGGUU,UUGCGA,UACAA,AUGGAGAGAGAGAGAG,AACGAUUAGGUUUUGCGAUACAAAUGGAGAGAGAGAGAG,AACGAUUAGGUUUUGCGAUACAA,..(.(((..((........)).))).)............,-0.2,ViennaRNA; duplex=ViennaRNA cofold,12,18,23,26,1.0,0.5833,False,,-18.0,-3.1,-1.194,0.0,1.152,0.2,-17.842,9364786435203834.0,116225.12389154613,9364786435163156.0,15.971498,1.0,0.2583,0.9332
g13_child_49,AACGAUCAGGGU,UGCGA,UAA,AUGGAGAGAGAGAGAG,AACGAUCAGGGUUGCGAUAAAUGGAGAGAGAGAGAG,AACGAUCAGGGUUGCGAUAA,..(..((...(((......)))...))..)......,-0.4,ViennaRNA; duplex=ViennaRNA cofold,12,17,20,23,0.8,0.5833,False,,-17.3,-3.2,-1.194,0.0,0.288,0.4,-17.806,8833398007723379.0,548288.7834247088,8833398007531478.0,15.946128,1.0,0.2667,0.9323
g23_child_53,AACGAUCAGGUU,UUGCGA,UAG,AUGGAGAGAGAGAGAG,AACGAUCAGGUUUUGCGAUAGAUGGAGAGAGAGAGAG,AACGAUCAGGUUUUGCGAUAG,..(.(((..(((....))).))).)............,-1.3,ViennaRNA; duplex=ViennaRNA cofold,12,18,21,24,0.6667,0.5833,False,,-19.6,-3.2,-1.194,0.0,1.728,1.3,-17.766,8278272177491603.0,127281.21084891152,8278272177447055.0,15.91794,1.0,0.2667,0.9313
g23_child_49,AACGAUCAGGUU,UUGCGA,UAAAC,AUGGAGAGAGAGAGAG,AACGAUCAGGUUUUGCGAUAAACAUGGAGAGAGAGAGAG,AACGAUCAGGUUUUGCGAUAAAC,......((.((((......)))).)).............,-1.9,ViennaRNA; duplex=ViennaRNA cofold,12,18,23,26,0.8333,0.5833,False,,-19.6,-3.2,-1.194,0.0,1.152,1.9,-17.742,7962078955956241.0,8664.69280197631,7962078955953208.0,15.901026,1.0,0.2667,0.9307
g21_child_68,AACGAUCAGGUU,UUGCGA,AAA,AUGGAGAGAGAGAGAG,AACGAUCAGGUUUUGCGAAAAAUGGAGAGAGAGAGAG,AACGAUCAGGUUUUGCGAAAA,..(..((..(((((....))))).))..)........,-1.8,ViennaRNA; duplex=ViennaRNA cofold,12,18,21,24,0.6667,0.3333,False,,-18.6,-3.2,-1.194,0.0,0.288,1.8,-17.706,7510289704982559.0,56546.51845834711,7510289704962768.0,15.875657,1.0,0.2667,0.9297
g17_child_30,UACGAUCAGGGU,UGCGA,UAU,AUGGAGAGAGAGAGAG,UACGAUCAGGGUUGCGAUAUAUGGAGAGAGAGAGAG,UACGAUCAGGGUUGCGAUAU,....(((........)))..................,-0.1,ViennaRNA; duplex=ViennaRNA cofold,12,17,20,23,0.6,0.9167,False,,-16.9,-3.2,-1.194,0.0,0.288,0.1,-17.706,7510284438689823.0,2631728.7199750594,7510284437768718.0,15.875656,1.0,0.2667,0.9297
g23_child_32,AACGAUCAGGUU,UGCGA,UAU,AUGGAGAGAGAGAGAG,AACGAUCAGGUUUGCGAUAUAUGGAGAGAGAGAGAG,AACGAUCAGGUUUGCGAUAU,....(((........)))..................,-0.1,ViennaRNA; duplex=ViennaRNA cofold,12,17,20,23,0.6,0.9167,False,,-16.9,-3.1,-1.194,0.0,0.288,0.1,-17.706,7510284438689823.0,2237533.2704264037,7510284437906686.0,15.875656,1.0,0.2583,0.9297
g24_child_25,AACGAUCAGGUU,UGCGA,UAA,AUGGAGAGAGAGAGAG,AACGAUCAGGUUUGCGAUAAAUGGAGAGAGAGAGAG,AACGAUCAGGUUUGCGAUAA,....(((........)))..................,-0.1,ViennaRNA; duplex=ViennaRNA cofold,12,17,20,23,0.6,0.9167,False,,-16.9,-3.1,-1.194,0.0,0.288,0.1,-17.706,7510284438689823.0,758495.1405609077,7510284438424350.0,15.875656,1.0,0.2583,0.9297
g23_child_40,AACGAUCAGGUU,UUGCGA,UAAAA,AUGGAGAGAGAGAGAG,AACGAUCAGGUUUUGCGAUAAAAAUGGAGAGAGAGAGAG,AACGAUCAGGUUUUGCGAUAAAA,..(..((..(((((......))))).))..)........,-2.0,ViennaRNA; duplex=ViennaRNA cofold,12,18,23,26,0.6667,0.3333,False,,-19.6,-3.2,-1.194,0.0,1.152,2.0,-17.642,6769471710486674.0,7366.843901887897,6769471710484096.0,15.830555,1.0,0.2667,0.9281
g17_child_36,AAUGAUCAGGUU,UUGCGA,UAUA,AUGGAGAGAGAGAGAG,AAUGAUCAGGUUUUGCGAUAUAAUGGAGAGAGAGAGAG,AAUGAUCAGGUUUUGCGAUAUA,.....((...((((.(........).))))...))...,-0.7,ViennaRNA; duplex=ViennaRNA cofold,12,18,22,25,0.5,0.5833,False,,-17.8,-3.2,-1.194,0.0,0.672,0.7,-17.622,6553314137190963.0,1002684.0632218639,6553314136840024.0,15.816461,1.0,0.2667,0.9276
g17_child_51,AAUGAUCAGGUU,UUGCGA,UACA,AUGGAGAGAGAGAGAG,AAUGAUCAGGUUUUGCGAUACAAUGGAGAGAGAGAGAG,AAUGAUCAGGUUUUGCGAUACA,.....((...((((.(........).))))...))...,-0.7,ViennaRNA; duplex=ViennaRNA cofold,12,18,22,25,0.5,0.5833,False,,-17.8,-3.2,-1.194,0.0,0.672,0.7,-17.622,6553314137190963.0,154643.01044896164,6553314137136838.0,15.816461,1.0,0.2667,0.9276
g18_child_56,AAUGAUCAGGUU,UUGCGA,UAAG,AUGGAGAGAGAGAGAG,AAUGAUCAGGUUUUGCGAUAAGAUGGAGAGAGAGAGAG,AAUGAUCAGGUUUUGCGAUAAG,.....((...((((.(........).))))...))...,-0.7,ViennaRNA; duplex=ViennaRNA cofold,12,18,22,25,0.5,0.5833,False,,-17.8,-3.2,-1.194,0.0,0.672,0.7,-17.622,6553314137190963.0,154643.01044896164,6553314137136838.0,15.816461,1.0,0.2667,0.9276
g20_child_72,AAGGAUCAGGUU,UUGCGA,UAAUA,AUGGAGAGAGAGAGAG,AAGGAUCAGGUUUUGCGAUAAUAAUGGAGAGAGAGAGAG,AAGGAUCAGGUUUUGCGAUAAUA,.......................................,0.0,ViennaRNA; duplex=ViennaRNA cofold,12,18,23,26,1.0,1.0,False,,-16.4,-6.2,-1.194,0.0,0.0,0.0,-17.594,6262212935995277.0,24596061.681863833,6262212927386655.0,15.796728,1.0,0.5167,0.9269
g16_child_40,AAUGAUCAUGUU,UUGCGA,UAA,AUGGAGAGAGAGAGAG,AAUGAUCAUGUUUUGCGAUAAAUGGAGAGAGAGAGAG,AAUGAUCAUGUUUUGCGAUAA,.....((.(.((((.(........).)))).)))...,-0.8,ViennaRNA; duplex=ViennaRNA cofold,12,18,21,24,0.5,0.5833,False,,-17.8,0.0,-1.194,0.0,0.672,0.8,-17.522,5571720012706011.0,1592.3140040309072,5571720012705454.0,15.745989,1.0,0.0,0.9251
g15_child_17,AAUGAUCAGGUU,UUGCGA,GUA,AUGGAGAGAGAGAGAG,AAUGAUCAGGUUUUGCGAGUAAUGGAGAGAGAGAGAG,AAUGAUCAGGUUUUGCGAGUA,.....((...((((.(.......).))))...))...,-0.2,ViennaRNA; duplex=ViennaRNA cofold,12,18,21,24,0.5,0.5833,False,,-16.8,-3.2,-1.194,0.0,0.288,0.2,-17.506,5428924737587078.0,136701.03542385716,5428924737539233.0,15.734714,1.0,0.2667,0.9247
g22_child_67,ACUGAUCAGGUU,UUGCGA,UAAUA,AUGGAGAGAGAGAGAG,ACUGAUCAGGUUUUGCGAUAAUAAUGGAGAGAGAGAGAG,ACUGAUCAGGUUUUGCGAUAAUA,.......................................,0.0,ViennaRNA; duplex=ViennaRNA cofold,12,18,23,26,1.0,1.0,False,,-16.3,-3.2,-1.194,0.0,0.0,0.0,-17.494,5324235058727283.0,189110.29719542284,5324235058661094.0,15.726257,1.0,0.2667,0.9244
g18_child_32,AAUGAUCAGGUU,UUGCGA,UAC,AUGGAGAGAGAGAGAG,AAUGAUCAGGUUUUGCGAUACAUGGAGAGAGAGAGAG,AAUGAUCAGGUUUUGCGAUAC,.((((((.(......)))).)))..............,-1.3,ViennaRNA; duplex=ViennaRNA cofold,12,18,21,24,0.5,0.6667,False,,-17.8,-3.2,-1.194,0.0,0.288,1.3,-17.406,4615748861055336.0,127281.21084891152,4615748861010788.0,15.664242,1.0,0.2667,0.9222
g24_child_55,AACGAUCAGGGU,UUGCGA,UAAUA,AUGGAGAGAGAGAGAG,AACGAUCAGGGUUUGCGAUAAUAAUGGAGAGAGAGAGAG,AACGAUCAGGGUUUGCGAUAAUA,.......................................,0.0,ViennaRNA; duplex=ViennaRNA cofold,12,18,23,26,1.0,1.0,False,,-16.2,-3.3,-1.194,0.0,0.0,0.0,-17.394,4526737036099980.0,222426.63693548995,4526737036022131.0,15.655785,1.0,0.275,0.9219
g14_child_49,AACGAUCAGGGU,UGCGA,CAAA,AUGGAGAGAGAGAGAG,AACGAUCAGGGUUGCGACAAAAUGGAGAGAGAGAGAG,AACGAUCAGGGUUGCGACAAA,.....................................,0.0,ViennaRNA; duplex=ViennaRNA cofold,12,17,21,24,1.0,1.0,False,,-16.2,-3.3,-1.194,0.0,0.0053,0.0,-17.3887,4487787029190000.0,566374.5156316017,4487787028991769.0,15.652032,1.0,0.275,0.9218
g21_child_73,AACGAUUAGGUU,UUGCGA,AAAA,AUGGAGAGAGAGAGAG,AACGAUUAGGUUUUGCGAAAAAAUGGAGAGAGAGAGAG,AACGAUUAGGUUUUGCGAAAAA,.........(((((.....)))))..............,-0.2,ViennaRNA; duplex=ViennaRNA cofold,12,18,22,25,0.6667,0.5833,False,,-17.0,-3.1,-1.194,0.0,0.672,0.2,-17.322,4027588695366473.0,295949.03360153316,4027588695262891.0,15.605045,1.0,0.2583,0.9201
g19_child_52,AAUGAUCAGGUU,UUGCGA,CAA,AUGGAGAGAGAGAGAG,AAUGAUCAGGUUUUGCGACAAAUGGAGAGAGAGAGAG,AAUGAUCAGGUUUUGCGACAA,.....((...((((.(.......).))))...))...,-0.2,ViennaRNA; duplex=ViennaRNA cofold,12,18,21,24,0.5,0.5833,False,,-16.6,-3.2,-1.194,0.0,0.288,0.2,-17.306,3924369686334653.5,136701.03542385716,3924369686286808.0,15.59377,1.0,0.2667,0.9197
g20_child_73,AAUGAUCAGGUU,UUGCGAG,UAAUA,AUGGAGAGAGAGAGAG,AAUGAUCAGGUUUUGCGAGUAAUAAUGGAGAGAGAGAGAG,AAUGAUCAGGUUUUGCGAGUAAUA,.....((...((((.((........)).))))...))...,-0.4,ViennaRNA; duplex=ViennaRNA cofold,12,19,24,27,0.4286,0.5,False,,-16.8,-3.2,-1.194,0.0,0.288,0.4,-17.306,3924374525726809.5,33209.22224527918,3924374525715186.5,15.59377,1.0,0.2667,0.9197
g11_child_31,AACGAUCAGGGU,UGCGA,GUA,AUGGAGAGAGAGAGAG,AACGAUCAGGGUUGCGAGUAAUGGAGAGAGAGAGAG,AACGAUCAGGGUUGCGAGUA,....................................,0.0,ViennaRNA; duplex=ViennaRNA cofold,12,17,20,23,1.0,1.0,False,,-16.4,-3.3,-1.194,0.0,0.288,0.0,-17.306,3924364846948464.5,222426.63693548995,3924364846870615.0,15.593769,1.0,0.275,0.9197
g22_child_43,AAUGAUCAGGUU,UUGCGG,UAAUA,AUGGAGAGAGAGAGAG,AAUGAUCAGGUUUUGCGGUAAUAAUGGAGAGAGAGAGAG,AAUGAUCAGGUUUUGCGGUAAUA,.....((...((((.((.......)).))))...))...,-1.1,ViennaRNA; duplex=ViennaRNA cofold,12,18,23,26,0.3333,0.5,False,,-17.2,-3.2,-1.194,0.0,0.0,1.1,-17.294,3848695607793156.5,31734.13172190481,3848695607782049.5,15.585314,1.0,0.2667,0.9194
g22_child_73,AACGGUCAGGUU,UUGCGA,GAU,AUGGAGAGAGAGAGAG,AACGGUCAGGUUUUGCGAGAUAUGGAGAGAGAGAGAG,AACGGUCAGGUUUUGCGAGAU,....(((..((...))..)))................,-1.3,ViennaRNA; duplex=ViennaRNA cofold,12,18,21,24,0.6667,0.75,False,,-17.4,-3.9,-1.194,0.0,0.0,1.3,-17.294,3848691140905703.5,1179331.157368661,3848691140492937.5,15.585313,1.0,0.325,0.9194
g19_child_47,AACGAUCAGGUU,UUGCGAA,UAAA,AUGGAGAGAGAGAGAG,AACGAUCAGGUUUUGCGAAUAAAAUGGAGAGAGAGAGAG,AACGAUCAGGUUUUGCGAAUAAA,..(..((..((((((....)))))).))..)........,-1.4,ViennaRNA; duplex=ViennaRNA cofold,12,19,23,26,0.5714,0.3333,False,,-18.6,-3.2,-1.194,0.0,1.152,1.4,-17.242,3537268711123728.0,19503.4570038431,3537268711116902.0,15.548668,1.0,0.2667,0.9181
g23_child_67,AACGGUCUGGUU,UUGCGA,UAA,AUGGAGAGAGAGAGAG,AACGGUCUGGUUUUGCGAUAAAUGGAGAGAGAGAGAG,AACGGUCUGGUUUUGCGAUAA,.....(((..((((.(.......).))))..)))...,-1.8,ViennaRNA; duplex=ViennaRNA cofold,12,18,21,24,0.5,0.5833,False,,-19.0,-3.4,-1.194,0.0,1.152,1.8,-17.242,3537266658404123.0,78225.66708120507,3537266658376744.0,15.548668,1.0,0.2833,0.9181
g14_child_51,GACGAUCAGGGU,UGCGA,GAA,AUGGAGAGAGAGAGAG,GACGAUCAGGGUUGCGAGAAAUGGAGAGAGAGAGAG,GACGAUCAGGGUUGCGAGAA,..(..((...(((......)))...))..)......,-0.4,ViennaRNA; duplex=ViennaRNA cofold,12,17,20,23,0.8,0.5833,False,,-16.7,-3.2,-1.194,0.0,0.288,0.4,-17.206,3336558635470793.0,98816.24864467542,3336558635436207.5,15.523299,1.0,0.2667,0.9171
g20_child_22,AACGAUCUGGUU,UUGCGA,UACAA,AUGGAGAGAGAGAGAG,AACGAUCUGGUUUUGCGAUACAAAUGGAGAGAGAGAGAG,AACGAUCUGGUUUUGCGAUACAA,..(..(((...((((.....))))...)))..)......,-3.3,ViennaRNA; duplex=ViennaRNA cofold,12,18,23,26,0.5,0.4167,False,,-19.6,-2.2,-1.194,0.0,0.288,3.3,-17.206,3336554803320071.5,176.37325710688995,3336554803320010.0,15.523298,1.0,0.1833,0.9171
g15_child_28,AACGAUCAGGGU,UGCGA,CUAA,AUGGAGAGAGAGAGAG,AACGAUCAGGGUUGCGACUAAAUGGAGAGAGAGAGAG,AACGAUCAGGGUUGCGACUAA,..(.((..((.......))..)).)............,-0.2,ViennaRNA; duplex=ViennaRNA cofold,12,17,21,24,1.0,0.6667,False,,-16.2,-3.3,-1.194,0.0,0.0053,0.2,-17.1887,3244059909747093.0,409411.7764751708,3244059909603799.0,15.511089,1.0,0.275,0.9167
g22_child_66,AAUGAUCAGGUU,UUGCGA,UACAG,AUGGAGAGAGAGAGAG,AAUGAUCAGGUUUUGCGAUACAGAUGGAGAGAGAGAGAG,AAUGAUCAGGUUUUGCGAUACAG,....(((..((........)).)))..............,-0.7,ViennaRNA; duplex=ViennaRNA cofold,12,18,23,26,1.0,0.6667,False,,-17.8,-3.2,-1.194,0.0,1.152,0.7,-17.142,3007439478112937.0,60731.41320877457,3007439478091681.0,15.478197,1.0,0.2667,0.9155
g18_child_53,AAUGAUUAGGUU,UUGCGA,UAA,AUGGAGAGAGAGAGAG,AAUGAUUAGGUUUUGCGAUAAAUGGAGAGAGAGAGAG,AAUGAUUAGGUUUUGCGAUAA,.....................................,0.0,ViennaRNA; duplex=ViennaRNA cofold,12,18,21,24,1.0,1.0,False,,-16.2,-3.1,-1.194,0.0,0.288,0.0,-17.106,2836787550570091.0,892122.2879498168,2836787550257848.0,15.452827,1.0,0.2583,0.9146
g20_child_48,AAUGAUCAGGUU,UUGCGA,GAA,AUGGAGAGAGAGAGAG,AAUGAUCAGGUUUUGCGAGAAAUGGAGAGAGAGAGAG,AAUGAUCAGGUUUUGCGAGAA,.....((..(((((....))))).))...........,-0.6,ViennaRNA; duplex=ViennaRNA cofold,12,18,21,24,0.6667,0.4167,False,,-16.8,-3.2,-1.194,0.0,0.288,0.6,-17.106,2836789196793003.5,71430.72325094948,2836789196768002.5,15.452827,1.0,0.2667,0.9146
g21_child_52,AAUGAUCAGGUU,UUGCGA,UAG,AUGGAGAGAGAGAGAG,AAUGAUCAGGUUUUGCGAUAGAUGGAGAGAGAGAGAG,AAUGAUCAGGUUUUGCGAUAG,.....((...((((.(.......).))))...))...,-0.2,ViennaRNA; duplex=ViennaRNA cofold,12,18,21,24,0.5,0.5833,False,,-17.8,-3.2,-1.194,0.0,1.728,0.2,-17.066,2658510652625389.0,758495.1405609077,2658510652359915.5,15.424638,1.0,0.2667,0.9136
g17_child_43,AAUGAUCAGGUU,UUGCGA,UGAAU,AUGGAGAGAGAGAGAG,AAUGAUCAGGUUUUGCGAUGAAUAUGGAGAGAGAGAGAG,AAUGAUCAGGUUUUGCGAUGAAU,......((.((((......)))).)).............,-0.8,ViennaRNA; duplex=ViennaRNA cofold,12,18,23,26,0.8333,0.5833,False,,-17.8,-3.2,-1.194,0.0,1.152,0.8,-17.042,2556967417769261.0,286498.7183995547,2556967417668986.5,15.407725,1.0,0.2667,0.913
g15_child_45,GACGAUCAGGGU,UGCGA,CAA,AUGGAGAGAGAGAGAG,GACGAUCAGGGUUGCGACAAAUGGAGAGAGAGAGAG,GACGAUCAGGGUUGCGACAA,..(..((...(((......)))...))..)......,-0.4,ViennaRNA; duplex=ViennaRNA cofold,12,17,20,23,0.8,0.5833,False,,-16.5,-3.2,-1.194,0.0,0.288,0.4,-17.006,2411875315762694.5,98816.24864467542,2411875315728109.0,15.382355,1.0,0.2667,0.9121
g22_child_77,AAUGAUGAGGUU,UUGCGA,UAAUA,AUGGAGAGAGAGAGAG,AAUGAUGAGGUUUUGCGAUAAUAAUGGAGAGAGAGAGAG,AAUGAUGAGGUUUUGCGAUAAUA,.......................................,0.0,ViennaRNA; duplex=ViennaRNA cofold,12,18,23,26,1.0,1.0,False,,-15.8,-6.4,-1.194,0.0,0.0,0.0,-16.994,2365368415470851.0,34025862.766698286,2365368403561799.0,15.373899,1.0,0.5333,0.9118
g22_child_65,AACGAUCAGGUU,UGCGA,UAAA,AUGGAGAGAGAGAGAG,AACGAUCAGGUUUGCGAUAAAAUGGAGAGAGAGAGAG,AACGAUCAGGUUUGCGAUAAA,..(..((..((((......)))).))..)........,-1.1,ViennaRNA; duplex=ViennaRNA cofold,12,17,21,24,0.8,0.4167,False,,-16.9,-3.1,-1.194,0.0,0.0053,1.1,-16.9887,2345011309620803.5,68702.38944055431,2345011309596757.5,15.370145,1.0,0.2583,0.9117
g21_child_75,AACGAUCACGUU,UUGCGA,UAAUA,AUGGAGAGAGAGAGAG,AACGAUCACGUUUUGCGAUAAUAAUGGAGAGAGAGAGAG,AACGAUCACGUUUUGCGAUAAUA,..(..((.((((.(......).))))))..)........,-1.5,ViennaRNA; duplex=ViennaRNA cofold,12,18,23,26,0.8333,0.3333,False,,-19.0,0.0,-1.194,0.0,1.728,1.5,-16.966,2260300426767052.5,243.9922633573824,2260300426766967.0,15.354166,1.0,0.0,0.9111
g13_child_74,AACGAUCAGGGU,UGCGA,GAAA,AUGGAGAGAGAGAGAG,AACGAUCAGGGUUGCGAGAAAAUGGAGAGAGAGAGAG,AACGAUCAGGGUUGCGAGAAA,.....................................,0.0,ViennaRNA; duplex=ViennaRNA cofold,12,17,21,24,1.0,1.0,False,,-16.4,-3.3,-1.194,0.0,0.672,0.0,-16.922,2104544458081875.5,2301330.886914793,2104544457276409.8,15.323158,1.0,0.275,0.91
g14_child_57,AACGAUCAGGGU,UGCGA,GUAA,AUGGAGAGAGAGAGAG,AACGAUCAGGGUUGCGAGUAAAUGGAGAGAGAGAGAG,AACGAUCAGGGUUGCGAGUAA,.....................................,0.0,ViennaRNA; duplex=ViennaRNA cofold,12,17,21,24,1.0,1.0,False,,-16.4,-3.3,-1.194,0.0,0.672,0.0,-16.922,2104544458081875.5,566374.5156316017,2104544457883644.5,15.323158,1.0,0.275,0.91
g14_child_69,AACGAUCAGGGU,UGCGA,AAAA,AUGGAGAGAGAGAGAG,AACGAUCAGGGUUGCGAAAAAAUGGAGAGAGAGAGAG,AACGAUCAGGGUUGCGAAAAA,.....................................,0.0,ViennaRNA; duplex=ViennaRNA cofold,12,17,21,24,1.0,1.0,False,,-16.4,-3.3,-1.194,0.0,0.672,0.0,-16.922,2104544458081875.5,566374.5156316017,2104544457883644.5,15.323158,1.0,0.275,0.91
g17_child_58,AAUGAUCAGGUU,UUGCGA,AAA,AUGGAGAGAGAGAGAG,AAUGAUCAGGUUUUGCGAAAAAUGGAGAGAGAGAGAG,AAUGAUCAGGUUUUGCGAAAA,.....((..(((((....))))).))...........,-0.8,ViennaRNA; duplex=ViennaRNA cofold,12,18,21,24,0.6667,0.4167,False,,-16.8,-3.2,-1.194,0.0,0.288,0.8,-16.906,2050612978820311.5,286498.7183995547,2050612978720037.0,15.311884,1.0,0.2667,0.9096
g12_child_65,AACGAUCAGGGU,UGCGA,GAA,AUGGAGAGAGAGAGAG,AACGAUCAGGGUUGCGAGAAAUGGAGAGAGAGAGAG,AACGAUCAGGGUUGCGAGAA,..(..((...(((......)))...))..)......,-0.4,ViennaRNA; duplex=ViennaRNA cofold,12,17,20,23,0.8,0.5833,False,,-16.4,-3.3,-1.194,0.0,0.288,0.4,-16.906,2050607921344690.0,116225.13232240362,2050607921304011.2,15.311883,1.0,0.275,0.9096
g12_child_75,AACGAUCAGGUU,UGCGA,GUA,AUGGAGAGAGAGAGAG,AACGAUCAGGUUUGCGAGUAAUGGAGAGAGAGAGAG,AACGAUCAGGUUUGCGAGUA,....................................,0.0,ViennaRNA; duplex=ViennaRNA cofold,12,17,20,23,1.0,1.0,False,,-16.0,-3.2,-1.194,0.0,0.288,0.0,-16.906,2050609210503956.2,189110.29719542284,2050609210437767.8,15.311883,1.0,0.2667,0.9096
g14_child_41,AACGAUCAGGUU,UGCGA,AUA,AUGGAGAGAGAGAGAG,AACGAUCAGGUUUGCGAAUAAUGGAGAGAGAGAGAG,AACGAUCAGGUUUGCGAAUA,....................................,0.0,ViennaRNA; duplex=ViennaRNA cofold,12,17,20,23,1.0,1.0,False,,-16.0,-3.2,-1.194,0.0,0.288,0.0,-16.906,2050609210503956.2,1049291.550777267,2050609210136704.2,15.311883,1.0,0.2667,0.9096
g14_child_42,UACGAUCAGGGU,UGCGA,GUA,AUGGAGAGAGAGAGAG,UACGAUCAGGGUUGCGAGUAAUGGAGAGAGAGAGAG,UACGAUCAGGGUUGCGAGUA,....................................,0.0,ViennaRNA; duplex=ViennaRNA cofold,12,17,20,23,1.0,1.0,False,,-16.0,-3.3,-1.194,0.0,0.288,0.0,-16.906,2050609210503956.2,222426.63693548995,2050609210426107.0,15.311883,1.0,0.275,0.9096
g24_child_63,AACGAUCAGGAU,UUGCGA,UAC,AUGGAGAGAGAGAGAG,AACGAUCAGGAUUUGCGAUACAUGGAGAGAGAGAGAG,AACGAUCAGGAUUUGCGAUAC,.....................................,0.0,ViennaRNA; duplex=ViennaRNA cofold,12,18,21,24,1.0,1.0,False,,-16.0,-4.1,-1.194,0.0,0.288,0.0,-16.906,2050609210503956.2,4520029.240387102,2050609208921946.0,15.311883,1.0,0.3417,0.9096
g18_child_33,AAUGAUCAGGUU,UUGCGA,UAAUAG,AUGGAGAGAGAGAGAG,AAUGAUCAGGUUUUGCGAUAAUAGAUGGAGAGAGAGAGAG,AAUGAUCAGGUUUUGCGAUAAUAG,.....((...((((.((........)).))))...))...,-0.4,ViennaRNA; duplex=ViennaRNA cofold,12,18,24,27,0.3333,0.5,False,,-17.8,-3.2,-1.194,0.0,1.728,0.4,-16.866,1921741778681103.0,137368.11935256099,1921741778633024.2,15.283695,1.0,0.2667,0.9086
g18_child_60,AAUGAUCAGGUU,UUGCGA,UAAAA,AUGGAGAGAGAGAGAG,AAUGAUCAGGUUUUGCGAUAAAAAUGGAGAGAGAGAGAG,AAUGAUCAGGUUUUGCGAUAAAA,.....((..(((((......))))).))...........,-1.0,ViennaRNA; duplex=ViennaRNA cofold,12,18,23,26,0.6667,0.4167,False,,-17.8,-3.2,-1.194,0.0,1.152,1.0,-16.842,1848339869323362.0,37324.87159627356,1848339869310298.2,15.266782,1.0,0.2667,0.908
g16_child_64,AACGAUCAGGGU,UUGCGA,UAA,AUGGAGAGAGAGAGAG,AACGAUCAGGGUUUGCGAUAAAUGGAGAGAGAGAGAG,AACGAUCAGGGUUUGCGAUAA,..(..((...(((((...)))))...))..)......,-0.3,ViennaRNA; duplex=ViennaRNA cofold,12,18,21,24,0.5,0.4167,False,,-16.2,-3.3,-1.194,0.0,0.288,0.3,-16.806,1743459035062238.2,758495.0121797565,1743459034796765.0,15.241412,1.0,0.275,0.9071
g14_child_32,AACGAUCAGGAU,UGCGA,GUA,AUGGAGAGAGAGAGAG,AACGAUCAGGAUUGCGAGUAAUGGAGAGAGAGAGAG,AACGAUCAGGAUUGCGAGUA,....................................,0.0,ViennaRNA; duplex=ViennaRNA cofold,12,17,20,23,1.0,1.0,False,,-15.9,-4.1,-1.194,0.0,0.288,0.0,-16.806,1743455831188438.0,814629.7112069764,1743455830903317.5,15.241411,1.0,0.3417,0.9071
g22_child_69,ACUGAUCAGGUU,UUGCGA,UAAA,AUGGAGAGAGAGAGAG,ACUGAUCAGGUUUUGCGAUAAAAUGGAGAGAGAGAGAG,ACUGAUCAGGUUUUGCGAUAAA,.((..((..((((((...)))))).))...))......,-0.7,ViennaRNA; duplex=ViennaRNA cofold,12,18,22,25,0.5,0.3333,False,,-16.3,-3.2,-1.194,0.0,0.0053,0.7,-16.7887,1695127632278427.5,154643.01044896164,1695127632224302.5,15.229202,1.0,0.2667,0.9066
g15_child_52,AAUGAUCAGGUU,UUGCGA,UAGA,AUGGAGAGAGAGAGAG,AAUGAUCAGGUUUUGCGAUAGAAUGGAGAGAGAGAGAG,AAUGAUCAGGUUUUGCGAUAGA,.....((...((((.(........).))))...))...,-0.7,ViennaRNA; duplex=ViennaRNA cofold,12,18,22,25,0.5,0.5833,False,,-17.8,-3.2,-1.194,0.0,1.525,0.7,-16.769,1641865243794451.2,154643.01044896164,1641865243740326.2,15.215338,1.0,0.2667,0.9061
g16_child_16,AAUGAUCAGGUU,UUGCGA,UAAAG,AUGGAGAGAGAGAGAG,AAUGAUCAGGUUUUGCGAUAAAGAUGGAGAGAGAGAGAG,AAUGAUCAGGUUUUGCGAUAAAG,.....((..(((((......))))).))...........,-1.1,ViennaRNA; duplex=ViennaRNA cofold,12,18,23,26,0.6667,0.4167,False,,-17.8,-3.2,-1.194,0.0,1.152,1.1,-16.742,1571484599181096.2,31734.13172190481,1571484599169989.2,15.19631,1.0,0.2667,0.9055
g21_child_19,AAUGAUCAGGUU,UUGCGA,UAAGA,AUGGAGAGAGAGAGAG,AAUGAUCAGGUUUUGCGAUAAGAAUGGAGAGAGAGAGAG,AAUGAUCAGGUUUUGCGAUAAGA,.....((..(((((......))))).))...........,-1.1,ViennaRNA; duplex=ViennaRNA cofold,12,18,23,26,0.6667,0.4167,False,,-17.8,-3.2,-1.194,0.0,1.152,1.1,-16.742,1571484599181096.2,31734.13172190481,1571484599169989.2,15.19631,1.0,0.2667,0.9055
g15_child_38,AACGAUCAGGGU,UGCGA,CAA,AUGGAGAGAGAGAGAG,AACGAUCAGGGUUGCGACAAAUGGAGAGAGAGAGAG,AACGAUCAGGGUUGCGACAA,..(..((...(((......)))...))..)......,-0.4,ViennaRNA; duplex=ViennaRNA cofold,12,17,20,23,0.8,0.5833,False,,-16.2,-3.3,-1.194,0.0,0.288,0.4,-16.706,1482313507851942.2,116225.13232240362,1482313507811263.5,15.17094,1.0,0.275,0.9045
g16_child_68,AAUGAUCAGGUU,UUGCGG,UAA,AUGGAGAGAGAGAGAG,AAUGAUCAGGUUUUGCGGUAAAUGGAGAGAGAGAGAG,AAUGAUCAGGUUUUGCGGUAA,.....((...((((.((.....)).))))...))...,-1.4,ViennaRNA; duplex=ViennaRNA cofold,12,18,21,24,0.3333,0.5,False,,-17.2,-3.2,-1.194,0.0,0.288,1.4,-16.706,1482313579535662.2,108216.27879909864,1482313579497786.5,15.17094,1.0,0.2667,0.9045
g18_child_41,AAAGAUCAGGUU,UUGCGA,UAA,AUGGAGAGAGAGAGAG,AAAGAUCAGGUUUUGCGAUAAAUGGAGAGAGAGAGAG,AAAGAUCAGGUUUUGCGAUAA,.....((...((((.(.......).))))...))...,-0.2,ViennaRNA; duplex=ViennaRNA cofold,12,18,21,24,0.5,0.5833,False,,-16.0,-3.6,-1.194,0.0,0.288,0.2,-16.706,1482311679918263.5,1451574.8795662522,1482311679410212.2,15.17094,1.0,0.3,0.9045
g18_child_18,AAUGAUCCGGUU,UUGCGA,UAAUA,AUGGAGAGAGAGAGAG,AAUGAUCCGGUUUUGCGAUAAUAAUGGAGAGAGAGAGAG,AAUGAUCCGGUUUUGCGAUAAUA,.....((((...(((...)))...))))...........,-1.6,ViennaRNA; duplex=ViennaRNA cofold,12,18,23,26,0.5,0.5833,False,,-17.1,-1.7,-1.194,0.0,0.0,1.6,-16.694,1453729918680280.5,1236.2119928698257,1453729918679847.8,15.162484,1.0,0.1417,0.9042
g24_child_34,AACGAUCAGGUU,UUGCGC,UAU,AUGGAGAGAGAGAGAG,AACGAUCAGGUUUUGCGCUAUAUGGAGAGAGAGAGAG,AACGAUCAGGUUUUGCGCUAU,..(..((...((((.((.....)).))))...))..),-0.9,ViennaRNA; duplex=ViennaRNA cofold,12,18,21,24,0.3333,0.5,False,,-16.4,-3.2,-1.194,0.0,0.0,0.9,-16.694,1453726403612826.5,243585.27058140122,1453726403527571.8,15.162483,1.0,0.2667,0.9042
g17_child_71,AAUGAUCAGGUU,UUGCGG,UAAU,AUGGAGAGAGAGAGAG,AAUGAUCAGGUUUUGCGGUAAUAUGGAGAGAGAGAGAG,AAUGAUCAGGUUUUGCGGUAAU,.....((...((((.((......)).))))...))...,-1.7,ViennaRNA; duplex=ViennaRNA cofold,12,18,22,25,0.3333,0.5,False,,-17.2,-3.2,-1.194,0.0,0.0053,1.7,-16.6887,1441220420802483.5,30522.028866787303,1441220420791800.8,15.15873,1.0,0.2667,0.9041
g22_child_58,AAUGAUCAGGUU,UUGCGA,UAAUCA,AUGGAGAGAGAGAGAG,AAUGAUCAGGUUUUGCGAUAAUCAAUGGAGAGAGAGAGAG,AAUGAUCAGGUUUUGCGAUAAUCA,.....((...((((.((........)).))))...))...,-0.4,ViennaRNA; duplex=ViennaRNA cofold,12,18,24,27,0.3333,0.5,False,,-17.6,-3.0,-1.194,0.0,1.728,0.4,-16.666,1389158046171958.0,99298.47516615069,1389158046137203.5,15.142752,1.0,0.25,0.9035
g15_child_20,AAUGAUCAGGUU,UUGCGA,GAAA,AUGGAGAGAGAGAGAG,AAUGAUCAGGUUUUGCGAGAAAAUGGAGAGAGAGAGAG,AAUGAUCAGGUUUUGCGAGAAA,.....((..(((((.....))))).))...........,-0.7,ViennaRNA; duplex=ViennaRNA cofold,12,18,22,25,0.6667,0.4167,False,,-16.8,-3.2,-1.194,0.0,0.672,0.7,-16.622,1293433579917283.5,628355.8432971016,1293433579697359.0,15.111744,1.0,0.2667,0.9024
g18_child_27,AAUGAUCAGGUU,UUGCGA,AUAA,AUGGAGAGAGAGAGAG,AAUGAUCAGGUUUUGCGAAUAAAUGGAGAGAGAGAGAG,AAUGAUCAGGUUUUGCGAAUAA,.....((...((((.(........).))))...))...,-0.7,ViennaRNA; duplex=ViennaRNA cofold,12,18,22,25,0.5,0.5833,False,,-16.8,-3.2,-1.194,0.0,0.672,0.7,-16.622,1293433579917283.5,154643.01044896164,1293433579863158.5,15.111744,1.0,0.2667,0.9024
g18_child_77,AAUGAUCAGGUU,UUGCGA,AAUA,AUGGAGAGAGAGAGAG,AAUGAUCAGGUUUUGCGAAAUAAUGGAGAGAGAGAGAG,AAUGAUCAGGUUUUGCGAAAUA,.....((...((((.(........).))))...))...,-0.7,ViennaRNA; duplex=ViennaRNA cofold,12,18,22,25,0.5,0.5833,False,,-16.8,-3.2,-1.194,0.0,0.672,0.7,-16.622,1293433579917283.5,628355.8432971016,1293433579697359.0,15.111744,1.0,0.2667,0.9024
g15_child_79,AACGAUCAGGGU,UGCGA,GAAAU,AUGGAGAGAGAGAGAG,AACGAUCAGGGUUGCGAGAAAUAUGGAGAGAGAGAGAG,AACGAUCAGGGUUGCGAGAAAU,..(..((...(((......)))...))..)........,-1.0,ViennaRNA; duplex=ViennaRNA cofold,12,17,22,25,0.8,0.5,False,,-16.4,-3.3,-1.194,0.0,0.0,1.0,-16.594,1235978670706697.2,718567.6117574708,1235978670455198.5,15.092011,1.0,0.275,0.9017
g11_child_25,AAUGAUCAGGGU,UGCGAUA,GAA,AUGGAGAGAGAGAGAG,AAUGAUCAGGGUUGCGAUAGAAAUGGAGAGAGAGAGAG,AAUGAUCAGGGUUGCGAUAGAA,....(((........)))....................,-0.1,ViennaRNA; duplex=ViennaRNA cofold,12,19,22,25,0.5714,1.0,False,,-15.5,-3.2,-1.194,0.0,0.0053,0.1,-16.5887,1225345285720015.5,160784.21971653355,1225345285663741.0,15.088258,1.0,0.2667,0.9016
g12_child_48,AACGAUCAGGGU,UGCGA,GUAC,AUGGAGAGAGAGAGAG,AACGAUCAGGGUUGCGAGUACAUGGAGAGAGAGAGAG,AACGAUCAGGGUUGCGAGUAC,..(..((...((.......))...))..)........,-0.4,ViennaRNA; duplex=ViennaRNA cofold,12,17,21,24,1.0,0.5833,False,,-16.4,-3.3,-1.194,0.0,0.672,0.4,-16.522,1099692741341442.2,295949.0550693884,1099692741237860.1,15.041271,1.0,0.275,0.8999
g12_child_58,AACGAUCAGGGU,UGCGA,GUC,AUGGAGAGAGAGAGAG,AACGAUCAGGGUUGCGAGUCAUGGAGAGAGAGAGAG,AACGAUCAGGGUUGCGAGUC,...(((..(.....)..)))................,-0.8,ViennaRNA; duplex=ViennaRNA cofold,12,17,20,23,0.8,0.75,False,,-16.4,-3.3,-1.194,0.0,0.288,0.8,-16.506,1071509151436655.6,994056.3427876172,1071509151088735.9,15.029996,1.0,0.275,0.8995
g24_child_79,AACGAUCAGGUU,AUGCGA,UAU,AUGGAGAGAGAGAGAG,AACGAUCAGGUUAUGCGAUAUAUGGAGAGAGAGAGAG,AACGAUCAGGUUAUGCGAUAU,(((......))).........................,-0.3,ViennaRNA; duplex=ViennaRNA cofold,12,18,21,24,1.0,1.0,False,,-15.6,-2.9,-1.194,0.0,0.0,0.3,-16.494,1050846480221707.1,1169183.6810822496,1050846479812492.9,15.021539,1.0,0.2417,0.8992
g17_child_20,AAAGAUCAGGUU,UUGCGA,UAAA,AUGGAGAGAGAGAGAG,AAAGAUCAGGUUUUGCGAUAAAAUGGAGAGAGAGAGAG,AAAGAUCAGGUUUUGCGAUAAA,.....((...((((.(........).))))...))...,-0.7,ViennaRNA; duplex=ViennaRNA cofold,12,18,22,25,0.5,0.5833,False,,-16.0,-3.6,-1.194,0.0,0.0053,0.7,-16.4887,1041805247104440.9,295949.04075748473,1041805247000858.8,15.017787,1.0,0.3,0.8991
g21_child_66,AACGAUUAGGUU,UUGCGA,CAAA,AUGGAGAGAGAGAGAG,AACGAUUAGGUUUUGCGACAAAAUGGAGAGAGAGAGAG,AACGAUUAGGUUUUGCGACAAA,..(.(((..(((....)))..))).)............,-1.5,ViennaRNA; duplex=ViennaRNA cofold,12,18,22,25,0.6667,0.6667,False,,-16.8,-3.1,-1.194,0.0,0.0053,1.5,-16.4887,1041807161585138.4,35899.22037017326,1041807161572573.6,15.017787,1.0,0.2583,0.8991
g16_child_38,AAUGAUCAGGUU,UUGCGA,AUAAA,AUGGAGAGAGAGAGAG,AAUGAUCAGGUUUUGCGAAUAAAAUGGAGAGAGAGAGAG,AAUGAUCAGGUUUUGCGAAUAAA,.....((..((((((....)))))).))...........,-0.4,ViennaRNA; duplex=ViennaRNA cofold,12,18,23,26,0.5,0.4167,False,,-16.8,-3.2,-1.194,0.0,1.152,0.4,-16.442,965817533586083.9,98816.26417541769,965817533551498.1,14.984895,1.0,0.2667,0.8979
g14_child_22,AACGAUCAGGGU,UGCGA,AUC,AUGGAGAGAGAGAGAG,AACGAUCAGGGUUGCGAAUCAUGGAGAGAGAGAGAG,AACGAUCAGGGUUGCGAAUC,...(((..(.....)..)))................,-0.9,ViennaRNA; duplex=ViennaRNA cofold,12,17,20,23,0.8,0.75,False,,-16.4,-3.3,-1.194,0.0,0.288,0.9,-16.406,911012265748239.5,286498.6906897725,911012265647965.0,14.959524,1.0,0.275,0.897
g20_child_49,AAUGAUAAGGUU,UUGCGA,UAAUA,AUGGAGAGAGAGAGAG,AAUGAUAAGGUUUUGCGAUAAUAAUGGAGAGAGAGAGAG,AAUGAUAAGGUUUUGCGAUAAUA,.......................................,0.0,ViennaRNA; duplex=ViennaRNA cofold,12,18,23,26,1.0,1.0,False,,-15.2,-4.0,-1.194,0.0,0.0,0.0,-16.394,893446211699024.6,692609.7922132101,893446211456611.2,14.951068,1.0,0.3333,0.8967
g18_child_70,AACGAUCAGGUU,UUGCGC,UAAA,AUGGAGAGAGAGAGAG,AACGAUCAGGUUUUGCGCUAAAAUGGAGAGAGAGAGAG,AACGAUCAGGUUUUGCGCUAAA,..(..((...((((.((......)).))))...))..),-1.2,ViennaRNA; duplex=ViennaRNA cofold,12,18,22,25,0.3333,0.5,False,,-16.4,-3.2,-1.194,0.0,0.0053,1.2,-16.3887,885756899973345.8,68702.38694875216,885756899949299.9,14.947315,1.0,0.2667,0.8966
g14_child_44,AACGGUCAGGGU,UGCGA,GAAA,AUGGAGAGAGAGAGAG,AACGGUCAGGGUUGCGAGAAAAUGGAGAGAGAGAGAG,AACGGUCAGGGUUGCGAGAAA,.....................................,0.0,ViennaRNA; duplex=ViennaRNA cofold,12,17,21,24,1.0,1.0,False,,-15.8,-4.3,-1.194,0.0,0.672,0.0,-16.322,794930329099371.8,11659933.918779647,794930325018394.9,14.900329,1.0,0.3583,0.8949
g15_child_39,AACGGUCAGGGU,UGCGA,GUAA,AUGGAGAGAGAGAGAG,AACGGUCAGGGUUGCGAGUAAAUGGAGAGAGAGAGAG,AACGGUCAGGGUUGCGAGUAA,.....................................,0.0,ViennaRNA; duplex=ViennaRNA cofold,12,17,21,24,1.0,1.0,False,,-15.8,-4.3,-1.194,0.0,0.672,0.0,-16.322,794930329099371.8,2869595.7904595817,794930328095013.2,14.900329,1.0,0.3583,0.8949
g16_child_67,AACGAUCAGGGU,UGCGA,UAAC,AUGGAGAGAGAGAGAG,AACGAUCAGGGUUGCGAUAACAUGGAGAGAGAGAGAG,AACGAUCAGGGUUGCGAUAAC,..(..((...((((...))))...))..)........,-1.5,ViennaRNA; duplex=ViennaRNA cofold,12,17,21,24,0.6,0.5,False,,-17.3,-3.2,-1.194,0.0,0.672,1.5,-16.322,794928358933215.6,42223.743540992764,794928358918437.4,14.900328,1.0,0.2667,0.8949
g17_child_68,AACGAUCAGUGU,UGCGA,UAU,AUGGAGAGAGAGAGAG,AACGAUCAGUGUUGCGAUAUAUGGAGAGAGAGAGAG,AACGAUCAGUGUUGCGAUAU,..(..((.((((......)))).))..)........,-1.8,ViennaRNA; duplex=ViennaRNA cofold,12,17,20,23,1.0,0.4167,False,,-17.2,0.0,-1.194,0.0,0.288,1.8,-16.306,774557439953877.1,927.10431151848,774557439953552.6,14.889054,1.0,0.0,0.8945
g10_child_52,AAUGAUCAGGGU,UGCGA,UAA,AUGGAGAGAGAGAGAG,AAUGAUCAGGGUUGCGAUAAAUGGAGAGAGAGAGAG,AAUGAUCAGGGUUGCGAUAA,....(((........)))..................,-0.1,ViennaRNA; duplex=ViennaRNA cofold,12,17,20,23,0.6,0.9167,False,,-15.5,-3.2,-1.194,0.0,0.288,0.1,-16.306,774556419248727.6,892122.3526635006,774556418936484.8,14.889053,1.0,0.2667,0.8945
g18_child_47,AACGAUCAGGUU,UUGGGA,UAA,AUGGAGAGAGAGAGAG,AACGAUCAGGUUUUGGGAUAAAUGGAGAGAGAGAGAG,AACGAUCAGGUUUUGGGAUAA,..(..((...((((.(......).))))..))..)..,-0.6,ViennaRNA; duplex=ViennaRNA cofold,12,18,21,24,0.5,0.5833,False,,-16.0,-4.0,-1.194,0.0,0.288,0.6,-16.306,774555913578783.8,1451575.0550593073,774555913070732.5,14.889053,1.0,0.3333,0.8945
g13_child_46,CAUGAUCAGGGU,UGCGAUA,GAAA,AUGGAGAGAGAGAGAG,CAUGAUCAGGGUUGCGAUAGAAAAUGGAGAGAGAGAGAG,CAUGAUCAGGGUUGCGAUAGAAA,....(((........))).....................,-0.1,ViennaRNA; duplex=ViennaRNA cofold,12,19,23,26,0.5714,1.0,False,,-15.2,-3.2,-1.194,0.0,0.0,0.1,-16.294,759621053363552.8,223512.05106095882,759621053285323.5,14.880597,1.0,0.2667,0.8942
g14_child_68,AACGAUCAGGGU,UGCG,GAA,AUGGAGAGAGAGAGAG,AACGAUCAGGGUUGCGGAAAUGGAGAGAGAGAGAG,AACGAUCAGGGUUGCGGAA,..(..((...(((.....)))...))..)......,-0.1,ViennaRNA; duplex=ViennaRNA cofold,12,16,19,22,0.75,0.5833,False,,-15.2,-3.5,-1.194,0.0,0.0,0.1,-16.294,759620584995247.6,4319258.917123486,759620583483507.0,14.880597,1.0,0.2917,0.8942
g20_child_25,AACGAUCAGGUU,UUGCGA,ACAA,AUGGAGAGAGAGAGAG,AACGAUCAGGUUUUGCGAACAAAUGGAGAGAGAGAGAG,AACGAUCAGGUUUUGCGAACAA,..(..((...((((.(........).))))...))..),-1.1,ViennaRNA; duplex=ViennaRNA cofold,12,18,22,25,0.5,0.5833,False,,-18.6,-3.2,-1.194,0.0,2.4,1.1,-16.294,759620087239442.6,80805.9849783013,759620087211160.5,14.880596,1.0,0.2667,0.8942
g10_child_59,CAUGAUCAGGGU,UGCGAUA,GAA,AUGGAGAGAGAGAGAG,CAUGAUCAGGGUUGCGAUAGAAAUGGAGAGAGAGAGAG,CAUGAUCAGGGUUGCGAUAGAA,....(((........)))....................,-0.1,ViennaRNA; duplex=ViennaRNA cofold,12,19,22,25,0.5714,1.0,False,,-15.2,-3.2,-1.194,0.0,0.0053,0.1,-16.2887,753084944673891.6,160784.21971653355,753084944617617.1,14.876844,1.0,0.2667,0.894
g17_child_76,AACGAUCAGGGU,UGCGG,GUA,AUGGAGAGAGAGAGAG,AACGAUCAGGGUUGCGGGUAAUGGAGAGAGAGAGAG,AACGAUCAGGGUUGCGGGUA,....................................,0.0,ViennaRNA; duplex=ViennaRNA cofold,12,17,20,23,1.0,1.0,False,,-15.3,-5.9,-1.194,0.0,0.288,0.0,-16.206,658539624731902.9,83874842.4375443,658539595375708.0,14.818582,1.0,0.4917,0.8919
g22_child_30,AAUGAUCAGGUU,UGCGA,UAAUA,AUGGAGAGAGAGAGAG,AAUGAUCAGGUUUGCGAUAAUAAUGGAGAGAGAGAGAG,AAUGAUCAGGUUUGCGAUAAUA,....(((........)))....................,-0.1,ViennaRNA; duplex=ViennaRNA cofold,12,17,22,25,0.6,1.0,False,,-15.1,-3.1,-1.194,0.0,0.0,0.1,-16.194,645840147501685.4,136701.03542385716,645840147453840.0,14.810125,1.0,0.2583,0.8916
g13_child_65,AAUGAUCAGGUU,UGCGA,UAAA,AUGGAGAGAGAGAGAG,AAUGAUCAGGUUUGCGAUAAAAUGGAGAGAGAGAGAG,AAUGAUCAGGUUUGCGAUAAA,....(((........)))...................,-0.1,ViennaRNA; duplex=ViennaRNA cofold,12,17,21,24,0.6,1.0,False,,-15.1,-3.1,-1.194,0.0,0.0053,0.1,-16.1887,640283059027733.5,348087.7281212535,640283058905902.8,14.806372,1.0,0.2583,0.8915
g13_child_67,AAUGAUCAGGUU,UGCGAUA,GAU,AUGGAGAGAGAGAGAG,AAUGAUCAGGUUUGCGAUAGAUAUGGAGAGAGAGAGAG,AAUGAUCAGGUUUGCGAUAGAU,....(((........)))....................,-0.1,ViennaRNA; duplex=ViennaRNA cofold,12,19,22,25,0.5714,1.0,False,,-15.1,-3.1,-1.194,0.0,0.0053,0.1,-16.1887,640283059027733.5,2237533.2704264037,640283058244596.9,14.806372,1.0,0.2583,0.8915
g22_child_23,AACGGUCAGGUU,UUGCGC,UAAA,AUGGAGAGAGAGAGAG,AACGGUCAGGUUUUGCGCUAAAAUGGAGAGAGAGAGAG,AACGGUCAGGUUUUGCGCUAAA,.....((...((((.((......)).))))...))...,-0.8,ViennaRNA; duplex=ViennaRNA cofold,12,18,22,25,0.3333,0.5,False,,-15.8,-4.5,-1.194,0.0,0.0053,0.8,-16.1887,640283446073758.6,1083903.131214385,640283445694392.5,14.806372,1.0,0.375,0.8915
g17_child_60,AACGAUCAGGGU,UGCG,GUUA,AUGGAGAGAGAGAGAG,AACGAUCAGGGUUGCGGUUAAUGGAGAGAGAGAGAG,AACGAUCAGGGUUGCGGUUA,...((((........)))).................,-0.5,ViennaRNA; duplex=ViennaRNA cofold,12,16,20,23,0.75,0.8333,False,,-15.7,-3.4,-1.194,0.0,0.288,0.5,-16.106,559899342559432.4,644883.3333276372,559899342333723.2,14.74811,1.0,0.2833,0.8894
g15_child_40,AACGAUCAGGUU,UGCGA,GAA,AUGGAGAGAGAGAGAG,AACGAUCAGGUUUGCGAGAAAUGGAGAGAGAGAGAG,AACGAUCAGGUUUGCGAGAA,..(..((..((((.....)))).))..)........,-0.8,ViennaRNA; duplex=ViennaRNA cofold,12,17,20,23,0.8,0.4167,False,,-16.0,-3.2,-1.194,0.0,0.288,0.8,-16.106,559898638574299.5,51634.70318855954,559898638556227.4,14.748109,1.0,0.2667,0.8894
g15_child_51,AACGAUCAGGUU,UGCGA,GGA,AUGGAGAGAGAGAGAG,AACGAUCAGGUUUGCGAGGAAUGGAGAGAGAGAGAG,AACGAUCAGGUUUGCGAGGA,..(..((..((((.....)))).))..)........,-0.8,ViennaRNA; duplex=ViennaRNA cofold,12,17,20,23,0.8,0.4167,False,,-16.0,-5.9,-1.194,0.0,0.288,0.8,-16.106,559898638574299.5,4127406.3352951845,559898637129707.3,14.748109,1.0,0.4917,0.8894
g22_child_59,AACGAUCAGGUU,UUGCGC,UAUA,AUGGAGAGAGAGAGAG,AACGAUCAGGUUUUGCGCUAUAAUGGAGAGAGAGAGAG,AACGAUCAGGUUUUGCGCUAUA,..(..((...((((.((......)).))))...))..),-1.2,ViennaRNA; duplex=ViennaRNA cofold,12,18,22,25,0.3333,0.5,False,,-16.4,-3.2,-1.194,0.0,0.288,1.2,-16.106,559898259505746.25,68702.38694875216,559898259481700.44,14.748109,1.0,0.2667,0.8894
g15_child_67,GACGAUCAGGGU,UGCGA,GCAA,AUGGAGAGAGAGAGAG,GACGAUCAGGGUUGCGAGCAAAUGGAGAGAGAGAGAG,GACGAUCAGGGUUGCGAGCAA,..(..((....(((....)))...))..)........,-0.4,ViennaRNA; duplex=ViennaRNA cofold,12,17,21,24,0.6,0.5,False,,-16.7,-3.2,-1.194,0.0,1.525,0.4,-15.969,448295120737865.4,1022399.5123434733,448295120380025.56,14.651564,1.0,0.2667,0.886
g21_child_46,AAUGAUCAUGUU,UUGCGA,UAAUA,AUGGAGAGAGAGAGAG,AAUGAUCAUGUUUUGCGAUAAUAAUGGAGAGAGAGAGAG,AAUGAUCAUGUUUUGCGAUAAUA,.....((.(.((((.(.((....)).).)))).)))...,-1.3,ViennaRNA; duplex=ViennaRNA cofold,12,18,23,26,0.3333,0.4167,False,,-17.8,0.0,-1.194,0.0,1.728,1.3,-15.966,446118157949776.75,127.49387778566847,446118157949732.1,14.64945,1.0,0.0,0.8859
g11_child_51,AAUGAUCAGGUU,UGCGA,UAA,AUGGAGAGAGAGAGAG,AAUGAUCAGGUUUGCGAUAAAUGGAGAGAGAGAGAG,AAUGAUCAGGUUUGCGAUAA,....(((........)))..................,-0.1,ViennaRNA; duplex=ViennaRNA cofold,12,17,20,23,0.6,0.9167,False,,-15.1,-3.1,-1.194,0.0,0.288,0.1,-15.906,404731106640468.44,758495.1405609077,404731106374995.1,14.607167,1.0,0.2583,0.8844
g16_child_26,AAUGAUCAGGUU,UGCGA,UAU,AUGGAGAGAGAGAGAG,AAUGAUCAGGUUUGCGAUAUAUGGAGAGAGAGAGAG,AAUGAUCAGGUUUGCGAUAU,....(((........)))..................,-0.1,ViennaRNA; duplex=ViennaRNA cofold,12,17,20,23,0.6,0.9167,False,,-15.1,-3.1,-1.194,0.0,0.288,0.1,-15.906,404731106640468.44,2237533.2704264037,404731105857331.8,14.607167,1.0,0.2583,0.8844
g10_child_67,AAUGAUCAGUGU,UGCGA,UAA,AUGGAGAGAGAGAGAG,AAUGAUCAGUGUUGCGAUAAAUGGAGAGAGAGAGAG,AAUGAUCAGUGUUGCGAUAA,.....((..(.((.(........).)).)..))...,-0.4,ViennaRNA; duplex=ViennaRNA cofold,12,17,20,23,0.6,0.6667,False,,-15.4,0.0,-1.194,0.0,0.288,0.4,-15.906,404730602648049.94,3047.3017477787653,404730602646983.4,14.607166,1.0,0.0,0.8844
g11_child_60,CAUGAUCAGGGU,UGCGGUA,GAA,AUGGAGAGAGAGAGAG,CAUGAUCAGGGUUGCGGUAGAAAUGGAGAGAGAGAGAG,CAUGAUCAGGGUUGCGGUAGAA,......................................,0.0,ViennaRNA; duplex=ViennaRNA cofold,12,19,22,25,1.0,1.0,False,,-14.7,-4.5,-1.194,0.0,0.0053,0.0,-15.8887,393511072419506.0,1559003.372836251,393511071873854.8,14.594957,1.0,0.375,0.884
g15_child_50,AACGAUCAGGGU,UGCGA,GUGA,AUGGAGAGAGAGAGAG,AACGAUCAGGGUUGCGAGUGAAUGGAGAGAGAGAGAG,AACGAUCAGGGUUGCGAGUGA,..((.(((..........))).)).............,-0.2,ViennaRNA; duplex=ViennaRNA cofold,12,17,21,24,1.0,0.5833,False,,-16.4,-3.3,-1.194,0.0,1.525,0.2,-15.869,381145901721630.9,409411.7764751708,381145901578336.75,14.581091,1.0,0.275,0.8835
g14_child_53,AACGAUCAGGGU,UGCGA,GUU,AUGGAGAGAGAGAGAG,AACGAUCAGGGUUGCGAGUUAUGGAGAGAGAGAGAG,AACGAUCAGGGUUGCGAGUU,....................................,0.0,ViennaRNA; duplex=ViennaRNA cofold,12,17,20,23,1.0,1.0,False,,-16.4,-3.3,-1.194,0.0,1.728,0.0,-15.866,379294989685212.1,3672294.6545730713,379294988399909.0,14.578977,1.0,0.275,0.8834
g13_child_23,AAUGAUCUGGGU,UGCGA,UAA,AUGGAGAGAGAGAGAG,AAUGAUCUGGGUUGCGAUAAAUGGAGAGAGAGAGAG,AAUGAUCUGGGUUGCGAUAA,.....(((..(((......)))..))).........,-0.7,ViennaRNA; duplex=ViennaRNA cofold,12,17,20,23,0.8,0.5,False,,-15.6,-3.1,-1.194,0.0,0.288,0.7,-15.806,344107897976417.3,286498.66297999275,344107897876142.75,14.536695,1.0,0.2583,0.8819
g24_child_68,AACGAUCAGGUU,UUGCGGA,UAA,AUGGAGAGAGAGAGAG,AACGAUCAGGUUUUGCGGAUAAAUGGAGAGAGAGAGAG,AACGAUCAGGUUUUGCGGAUAA,..(..((...((((.((......)).))))...))..),-2.1,ViennaRNA; duplex=ViennaRNA cofold,12,19,22,25,0.4286,0.5,False,,-17.0,-2.9,-1.194,0.0,0.288,2.1,-15.806,344107515237441.9,9801.930747348993,344107515234011.2,14.536694,1.0,0.2417,0.8819
g24_child_66,ACCGAUCAGGUU,UUGCGA,UAAUA,AUGGAGAGAGAGAGAG,ACCGAUCAGGUUUUGCGAUAAUAAUGGAGAGAGAGAGAG,ACCGAUCAGGUUUUGCGAUAAUA,(((.....)))............................,-1.7,ViennaRNA; duplex=ViennaRNA cofold,12,18,23,26,1.0,1.0,False,,-16.3,-1.5,-1.194,0.0,0.0,1.7,-15.794,337471960112418.25,759.7624118434159,337471960112152.3,14.528238,1.0,0.125,0.8816
g22_child_26,ACCGAUCAGGUU,UUGCGA,UAAA,AUGGAGAGAGAGAGAG,ACCGAUCAGGUUUUGCGAUAAAAUGGAGAGAGAGAGAG,ACCGAUCAGGUUUUGCGAUAAA,(((.....)))...........................,-1.7,ViennaRNA; duplex=ViennaRNA cofold,12,18,22,25,1.0,1.0,False,,-16.3,-1.5,-1.194,0.0,0.0053,1.7,-15.7887,334568205139802.8,1934.6157183849994,334568205139125.7,14.524485,1.0,0.125,0.8814
g18_child_19,AAUGAUCCGGUU,UUGCGA,UAA,AUGGAGAGAGAGAGAG,AAUGAUCCGGUUUUGCGAUAAAUGGAGAGAGAGAGAG,AAUGAUCCGGUUUUGCGAUAA,.....((((.(((......)))))))...........,-2.3,ViennaRNA; duplex=ViennaRNA cofold,12,18,21,24,0.8333,0.4167,False,,-17.1,-1.7,-1.194,0.0,0.288,2.3,-15.706,292565779337862.3,2202.785470414875,292565779337091.3,14.466224,1.0,0.1417,0.8794
g15_child_37,AACGAUCAGGGU,UGCG,GAAA,AUGGAGAGAGAGAGAG,AACGAUCAGGGUUGCGGAAAAUGGAGAGAGAGAGAG,AACGAUCAGGGUUGCGGAAA,..(..((...(((......)))...))..)......,-0.4,ViennaRNA; duplex=ViennaRNA cofold,12,16,20,23,0.75,0.5833,False,,-15.2,-3.5,-1.194,0.0,0.288,0.4,-15.706,292565567113575.2,2631728.9108781023,292565566192470.06,14.466223,1.0,0.2917,0.8794
g14_child_72,AACGAUCAGGGU,UGCGA,GGC,AUGGAGAGAGAGAGAG,AACGAUCAGGGUUGCGAGGCAUGGAGAGAGAGAGAG,AACGAUCAGGGUUGCGAGGC,..(..((...(((....)))...))..)........,-1.6,ViennaRNA; duplex=ViennaRNA cofold,12,17,20,23,0.8,0.5,False,,-16.4,-5.9,-1.194,0.0,0.288,1.6,-15.706,292565015331148.5,18606061.806815434,292565008819026.9,14.466222,1.0,0.4917,0.8794
g13_child_52,AACGAUCAGGGU,UGCGA,GUAAC,AUGGAGAGAGAGAGAG,AACGAUCAGGGUUGCGAGUAACAUGGAGAGAGAGAGAG,AACGAUCAGGGUUGCGAGUAAC,..(..((...((((....))))...))..)........,-1.9,ViennaRNA; duplex=ViennaRNA cofold,12,17,22,25,0.6,0.5,False,,-16.4,-3.3,-1.194,0.0,0.0,1.9,-15.694,286923304313196.56,10191.187410758215,286923304309629.6,14.457766,1.0,0.275,0.879
g15_child_22,AAUGAUCAGGUU,UUGCGA,UUA,AUGGAGAGAGAGAGAG,AAUGAUCAGGUUUUGCGAUUAAUGGAGAGAGAGAGAG,AAUGAUCAGGUUUUGCGAUUA,..(((((.(......))))))................,-1.5,ViennaRNA; duplex=ViennaRNA cofold,12,18,21,24,0.5,0.75,False,,-16.2,-2.2,-1.194,0.0,0.288,1.5,-15.606,248743379307065.34,18159.506366362424,248743379300709.53,14.395752,1.0,0.1833,0.8768
g12_child_40,AAUGAUCAGGGU,UGCGA,CUAAA,AUGGAGAGAGAGAGAG,AAUGAUCAGGGUUGCGACUAAAAUGGAGAGAGAGAGAG,AAUGAUCAGGGUUGCGACUAAA,......................................,0.0,ViennaRNA; duplex=ViennaRNA cofold,12,17,22,25,1.0,1.0,False,,-14.4,-3.3,-1.194,0.0,0.0,0.0,-15.594,243946613455053.0,222426.63693548995,243946613377203.7,14.387295,1.0,0.275,0.8765
g16_child_18,AACGAUCAGGGU,UUGCG,GUA,AUGGAGAGAGAGAGAG,AACGAUCAGGGUUUGCGGUAAUGGAGAGAGAGAGAG,AACGAUCAGGGUUUGCGGUA,..(..((....(((.((....)).)))....))..),-1.2,ViennaRNA; duplex=ViennaRNA cofold,12,17,20,23,0.2,0.5833,False,,-15.6,-4.1,-1.194,0.0,0.0,1.2,-15.594,243946519078274.22,1202519.8588175257,243946518657392.28,14.387295,1.0,0.3417,0.8765
g11_child_50,AAUGAUCAGGGU,UGCGA,CUAA,AUGGAGAGAGAGAGAG,AAUGAUCAGGGUUGCGACUAAAUGGAGAGAGAGAGAG,AAUGAUCAGGGUUGCGACUAA,.....................................,0.0,ViennaRNA; duplex=ViennaRNA cofold,12,17,21,24,1.0,1.0,False,,-14.4,-3.3,-1.194,0.0,0.0053,0.0,-15.5887,241847591089945.0,566374.5156316017,241847590891713.9,14.383542,1.0,0.275,0.8764
g16_child_32,AACGAUCAGGGU,UUGCGA,UAAAA,AUGGAGAGAGAGAGAG,AACGAUCAGGGUUUGCGAUAAAAAUGGAGAGAGAGAGAG,AACGAUCAGGGUUUGCGAUAAAA,..(..((...((((.......))))...))..)......,-0.7,ViennaRNA; duplex=ViennaRNA cofold,12,18,23,26,0.6667,0.5,False,,-16.2,-3.3,-1.194,0.0,1.152,0.7,-15.542,224207254100170.25,71430.71634226308,224207254075169.5,14.35065,1.0,0.275,0.8752
g21_child_27,AACGAUCAGGUU,UUGCGA,UAGUA,AUGGAGAGAGAGAGAG,AACGAUCAGGUUUUGCGAUAGUAAUGGAGAGAGAGAGAG,AACGAUCAGGUUUUGCGAUAGUA,..(..((.....((((....))))....))..)......,-1.7,ViennaRNA; duplex=ViennaRNA cofold,12,18,23,26,0.3333,0.5,False,,-19.2,-2.8,-1.194,0.0,3.168,1.7,-15.526,218460978790813.38,34752.87537304817,218460978778649.88,14.339374,1.0,0.2333,0.8748
g14_child_30,AACGAUCAGGGU,UGCGGA,GUC,AUGGAGAGAGAGAGAG,AACGAUCAGGGUUGCGGAGUCAUGGAGAGAGAGAGAG,AACGAUCAGGGUUGCGGAGUC,...(((...(....)...)))................,-0.2,ViennaRNA; duplex=ViennaRNA cofold,12,18,21,24,0.8333,0.75,False,,-15.2,-6.1,-1.194,0.0,0.672,0.2,-15.522,217047762048900.3,156402198.3360294,217047707308130.9,14.336555,1.0,0.5083,0.8747
g7_child_64,AAUGAUCAGGGU,UGCGA,GAA,AUGGAGAGAGAGAGAG,AAUGAUCAGGGUUGCGAGAAAUGGAGAGAGAGAGAG,AAUGAUCAGGGUUGCGAGAA,....................................,0.0,ViennaRNA; duplex=ViennaRNA cofold,12,17,20,23,1.0,1.0,False,,-14.6,-3.3,-1.194,0.0,0.288,0.0,-15.506,211485003042506.25,222426.63693548995,211485002964656.94,14.32528,1.0,0.275,0.8743
g9_child_31,AAUGAUCAGGGU,UGCGA,GGA,AUGGAGAGAGAGAGAG,AAUGAUCAGGGUUGCGAGGAAUGGAGAGAGAGAGAG,AAUGAUCAGGGUUGCGAGGA,....................................,0.0,ViennaRNA; duplex=ViennaRNA cofold,12,17,20,23,1.0,1.0,False,,-14.6,-5.9,-1.194,0.0,0.288,0.0,-15.506,211485003042506.25,15116481.562091803,211484997751737.72,14.32528,1.0,0.4917,0.8743
g10_child_64,AAUGAUCAGGGU,UGCGA,GUA,AUGGAGAGAGAGAGAG,AAUGAUCAGGGUUGCGAGUAAUGGAGAGAGAGAGAG,AAUGAUCAGGGUUGCGAGUA,....................................,0.0,ViennaRNA; duplex=ViennaRNA cofold,12,17,20,23,1.0,1.0,False,,-14.6,-3.3,-1.194,0.0,0.288,0.0,-15.506,211485003042506.25,222426.63693548995,211485002964656.94,14.32528,1.0,0.275,0.8743
g12_child_33,AAUGAUCAGGGU,UGCGA,AAA,AUGGAGAGAGAGAGAG,AAUGAUCAGGGUUGCGAAAAAUGGAGAGAGAGAGAG,AAUGAUCAGGGUUGCGAAAA,....................................,0.0,ViennaRNA; duplex=ViennaRNA cofold,12,17,20,23,1.0,1.0,False,,-14.6,-3.3,-1.194,0.0,0.288,0.0,-15.506,211485003042506.25,1234149.5638549565,211485002610553.9,14.32528,1.0,0.275,0.8743
g12_child_35,AAUGAUCAGGGU,UGCGA,AGA,AUGGAGAGAGAGAGAG,AAUGAUCAGGGUUGCGAAGAAUGGAGAGAGAGAGAG,AAUGAUCAGGGUUGCGAAGA,....................................,0.0,ViennaRNA; duplex=ViennaRNA cofold,12,17,20,23,1.0,1.0,False,,-14.6,-3.3,-1.194,0.0,0.288,0.0,-15.506,211485003042506.25,1234149.5638549565,211485002610553.9,14.32528,1.0,0.275,0.8743
g13_child_56,AAUGAUCAGGGU,UGCGAUGA,GAA,AUGGAGAGAGAGAGAG,AAUGAUCAGGGUUGCGAUGAGAAAUGGAGAGAGAGAGAG,AAUGAUCAGGGUUGCGAUGAGAA,..(.(((........))).)...................,-0.5,ViennaRNA; duplex=ViennaRNA cofold,12,20,23,26,0.5,1.0,False,,-15.1,-2.8,-1.194,0.0,0.288,0.5,-15.506,211485003042506.25,61027.76456815396,211485003021146.53,14.32528,1.0,0.2333,0.8743
g16_child_37,AACGAUCAGGGU,UGCGA,UUA,AUGGAGAGAGAGAGAG,AACGAUCAGGGUUGCGAUUAAUGGAGAGAGAGAGAG,AACGAUCAGGGUUGCGAUUA,...((((........)))).................,-1.1,ViennaRNA; duplex=ViennaRNA cofold,12,17,20,23,0.6,0.8333,False,,-15.7,-2.2,-1.194,0.0,0.288,1.1,-15.506,211485248497304.28,34752.87033116914,211485248485140.78,14.32528,1.0,0.1833,0.8743
g24_child_75,ACCGAUCAGGUU,UUGCGA,UAA,AUGGAGAGAGAGAGAG,ACCGAUCAGGUUUUGCGAUAAAUGGAGAGAGAGAGAG,ACCGAUCAGGUUUUGCGAUAA,(((.....)))..........................,-1.7,ViennaRNA; duplex=ViennaRNA cofold,12,18,21,24,1.0,1.0,False,,-16.3,-1.5,-1.194,0.0,0.288,1.7,-15.506,211484839406132.8,4215.5942387506875,211484839404657.34,14.325279,1.0,0.125,0.8743
g17_child_18,AACGAUCAGGGU,UGCG,GCA,AUGGAGAGAGAGAGAG,AACGAUCAGGGUUGCGGCAAUGGAGAGAGAGAGAG,AACGAUCAGGGUUGCGGCA,..(..((...((((...))))...))..)......,-1.0,ViennaRNA; duplex=ViennaRNA cofold,12,16,19,22,0.5,0.5,False,,-15.3,-3.3,-1.194,0.0,0.0,1.0,-15.494,207407048459506.6,454215.77316791407,207407048300531.06,14.316824,1.0,0.275,0.874
g8_child_45,CAUGAUCAGGGU,UGCGAA,GAA,AUGGAGAGAGAGAGAG,CAUGAUCAGGGUUGCGAAGAAAUGGAGAGAGAGAGAG,CAUGAUCAGGGUUGCGAAGAA,.....................................,0.0,ViennaRNA; duplex=ViennaRNA cofold,12,18,21,24,1.0,1.0,False,,-14.3,-3.3,-1.194,0.0,0.0053,0.0,-15.4887,205622110144046.9,74751.01068532662,205622110117884.06,14.31307,1.0,0.275,0.8739
g17_child_41,AACGAUCAGGGU,UGCG,GUAG,AUGGAGAGAGAGAGAG,AACGAUCAGGGUUGCGGUAGAUGGAGAGAGAGAGAG,AACGAUCAGGGUUGCGGUAG,..(.(((............))).)............,-0.8,ViennaRNA; duplex=ViennaRNA cofold,12,16,20,23,1.0,0.6667,False,,-16.8,-4.5,-1.194,0.0,1.728,0.8,-15.466,198194423552337.8,2361862.230255009,198194422725686.03,14.297091,1.0,0.375,0.8733
g13_child_55,AAUGAUCAGGGU,UGCGAUA,GAG,AUGGAGAGAGAGAGAG,AAUGAUCAGGGUUGCGAUAGAGAUGGAGAGAGAGAGAG,AAUGAUCAGGGUUGCGAUAGAG,....(((........)))....................,-0.1,ViennaRNA; duplex=ViennaRNA cofold,12,19,22,25,0.5714,1.0,False,,-15.5,-3.2,-1.194,0.0,1.152,0.1,-15.442,190624051185207.56,2631728.7199750594,190624050264102.5,14.280178,1.0,0.2667,0.8727
g13_child_64,AAUGAUCAGGGU,UGCGAUA,UAA,AUGGAGAGAGAGAGAG,AAUGAUCAGGGUUGCGAUAUAAAUGGAGAGAGAGAGAG,AAUGAUCAGGGUUGCGAUAUAA,....(((........)))....................,-0.1,ViennaRNA; duplex=ViennaRNA cofold,12,19,22,25,0.5714,1.0,False,,-15.5,-3.2,-1.194,0.0,1.152,0.1,-15.442,190624051185207.56,1663549.3664792904,190624050602965.28,14.280178,1.0,0.2667,0.8727
g23_child_29,AACGAUCAGGUU,UUGCG,UAU,AUGGAGAGAGAGAGAG,AACGAUCAGGUUUUGCGUAUAUGGAGAGAGAGAGAG,AACGAUCAGGUUUUGCGUAU,..(..((...((((.(......).))))...))..),-1.2,ViennaRNA; duplex=ViennaRNA cofold,12,17,20,23,0.4,0.5833,False,,-16.6,-3.2,-1.194,0.0,1.152,1.2,-15.442,190624037357525.53,279156.1426693425,190624037259820.88,14.280178,1.0,0.2667,0.8727
g24_child_76,AACGAUCAGGUU,UUGCG,UAC,AUGGAGAGAGAGAGAG,AACGAUCAGGUUUUGCGUACAUGGAGAGAGAGAGAG,AACGAUCAGGUUUUGCGUAC,..(..((...((((.(......).))))...))..),-1.2,ViennaRNA; duplex=ViennaRNA cofold,12,17,20,23,0.4,0.5833,False,,-16.6,-3.2,-1.194,0.0,1.152,1.2,-15.442,190624037357525.53,279156.1426693425,190624037259820.88,14.280178,1.0,0.2667,0.8727
g24_child_42,AACGAUCAGGUU,UUAGCGA,UAA,AUGGAGAGAGAGAGAG,AACGAUCAGGUUUUAGCGAUAAAUGGAGAGAGAGAGAG,AACGAUCAGGUUUUAGCGAUAA,..(..((...(((((........)))))...))..)..,-0.9,ViennaRNA; duplex=ViennaRNA cofold,12,19,22,25,0.5714,0.5833,False,,-15.8,-3.2,-1.194,0.0,0.672,0.9,-15.422,184537194799288.75,243585.27058140122,184537194714033.9,14.266084,1.0,0.2667,0.8722
g20_child_66,AAUGAUCAGGUU,UUGGGA,UAAUA,AUGGAGAGAGAGAGAG,AAUGAUCAGGUUUUGGGAUAAUAAUGGAGAGAGAGAGAG,AAUGAUCAGGUUUUGGGAUAAUA,.......................................,0.0,ViennaRNA; duplex=ViennaRNA cofold,12,18,23,26,1.0,1.0,False,,-14.2,-4.0,-1.194,0.0,0.0,0.0,-15.394,176340292540401.7,692609.7922132101,176340292297988.25,14.246352,1.0,0.3333,0.8715
g21_child_21,AAUGAUCAGGUU,UUGCGA,UUAAUA,AUGGAGAGAGAGAGAG,AAUGAUCAGGUUUUGCGAUUAAUAAUGGAGAGAGAGAGAG,AAUGAUCAGGUUUUGCGAUUAAUA,..(((((.(......))))))...................,-1.5,ViennaRNA; duplex=ViennaRNA cofold,12,18,24,27,0.5,1.0,False,,-15.7,-1.7,-1.194,0.0,0.0,1.5,-15.394,176340292540401.7,488.64660569191494,176340292540230.66,14.246352,1.0,0.1417,0.8715
g22_child_76,AAUGAACAGGUU,UUGCGA,UAAUA,AUGGAGAGAGAGAGAG,AAUGAACAGGUUUUGCGAUAAUAAUGGAGAGAGAGAGAG,AAUGAACAGGUUUUGCGAUAAUA,.......................................,0.0,ViennaRNA; duplex=ViennaRNA cofold,12,18,23,26,1.0,1.0,False,,-14.2,-3.2,-1.194,0.0,0.0,0.0,-15.394,176340292540401.7,189110.29719542284,176340292474213.1,14.246352,1.0,0.2667,0.8715
g11_child_61,AAUGAUCAGGGU,UGCGA,GGU,AUGGAGAGAGAGAGAG,AAUGAUCAGGGUUGCGAGGUAUGGAGAGAGAGAGAG,AAUGAUCAGGGUUGCGAGGU,....(((..(....)..)))................,-0.4,ViennaRNA; duplex=ViennaRNA cofold,12,17,20,23,0.8,0.75,False,,-14.6,-6.5,-1.194,0.0,0.0,0.4,-15.394,176340181680311.44,345258789.31668687,176340060839735.2,14.246351,1.0,0.5417,0.8715
g23_child_31,AACGAUCAGGUU,AUGCGA,UAA,AUGGAGAGAGAGAGAG,AACGAUCAGGUUAUGCGAUAAAUGGAGAGAGAGAGAG,AACGAUCAGGUUAUGCGAUAA,(((......))).........................,-0.3,ViennaRNA; duplex=ViennaRNA cofold,12,18,21,24,1.0,1.0,False,,-15.6,-2.9,-1.194,0.0,1.152,0.3,-15.342,162071054265098.06,396338.3035439738,162071054126379.66,14.209705,1.0,0.2417,0.8702
g23_child_28,AACGGUCAGGUU,UUGCGGA,UAA,AUGGAGAGAGAGAGAG,AACGGUCAGGUUUUGCGGAUAAAUGGAGAGAGAGAGAG,AACGGUCAGGUUUUGCGGAUAA,.....((...((((.((......)).))))...))...,-1.7,ViennaRNA; duplex=ViennaRNA cofold,12,19,22,25,0.4286,0.5,False,,-16.1,-3.8,-1.194,0.0,0.288,1.7,-15.306,152875087048371.75,80805.97716285186,152875087020089.66,14.184337,1.0,0.3167,0.8693
g8_child_39,AAUGAUCAGGGU,UGCGA,CAA,AUGGAGAGAGAGAGAG,AAUGAUCAGGGUUGCGACAAAUGGAGAGAGAGAGAG,AAUGAUCAGGGUUGCGACAA,....................................,0.0,ViennaRNA; duplex=ViennaRNA cofold,12,17,20,23,1.0,1.0,False,,-14.4,-3.3,-1.194,0.0,0.288,0.0,-15.306,152874953975512.22,222426.63693548995,152874953897662.9,14.184336,1.0,0.275,0.8693
g13_child_25,AAUGAUCAGGGU,UUGCGA,UAA,AUGGAGAGAGAGAGAG,AAUGAUCAGGGUUUGCGAUAAAUGGAGAGAGAGAGAG,AAUGAUCAGGGUUUGCGAUAA,.....................................,0.0,ViennaRNA; duplex=ViennaRNA cofold,12,18,21,24,1.0,1.0,False,,-14.4,-3.3,-1.194,0.0,0.288,0.0,-15.306,152874953975512.22,1234149.5638549565,152874953543559.88,14.184336,1.0,0.275,0.8693
g14_child_56,AACGAUCAGGGU,UGCGA,GAUA,AUGGAGAGAGAGAGAG,AACGAUCAGGGUUGCGAGAUAAUGGAGAGAGAGAGAG,AACGAUCAGGGUUGCGAGAUA,....(((..(....)..))).................,-1.0,ViennaRNA; duplex=ViennaRNA cofold,12,17,21,24,0.8,0.8333,False,,-15.4,-2.3,-1.194,0.0,0.288,1.0,-15.306,152874717401825.9,89648.98084304249,152874717370448.75,14.184336,1.0,0.1917,0.8693
g15_child_48,GACGAUCAGGGU,UGCGC,GAA,AUGGAGAGAGAGAGAG,GACGAUCAGGGUUGCGCGAAAUGGAGAGAGAGAGAG,GACGAUCAGGGUUGCGCGAA,..(..((...(((......)))...))..)......,-0.4,ViennaRNA; duplex=ViennaRNA cofold,12,17,20,23,0.8,0.5833,False,,-14.5,-3.2,-1.194,0.0,0.0,0.4,-15.294,149926912456695.53,98816.24864467542,149926912422109.84,14.17588,1.0,0.2667,0.869
g18_child_26,AAUGAUCAGGUA,UUGCGA,UAAUA,AUGGAGAGAGAGAGAG,AAUGAUCAGGUAUUGCGAUAAUAAUGGAGAGAGAGAGAG,AAUGAUCAGGUAUUGCGAUAAUA,.......................................,0.0,ViennaRNA; duplex=ViennaRNA cofold,12,18,23,26,1.0,1.0,False,,-14.1,-3.8,-1.194,0.0,0.0,0.0,-15.294,149926914269287.7,500662.683504634,149926914094055.75,14.17588,1.0,0.3167,0.869
g15_child_62,AACGAUCAGGGU,UGCG,GGA,AUGGAGAGAGAGAGAG,AACGAUCAGGGUUGCGGGAAUGGAGAGAGAGAGAG,AACGAUCAGGGUUGCGGGA,..((.((..(....)..)).)).............,-0.1,ViennaRNA; duplex=ViennaRNA cofold,12,16,19,22,0.75,0.6667,False,,-15.3,-4.6,-1.194,0.0,1.152,0.1,-15.242,137795445354510.42,25739358.071504217,137795436345735.1,14.139235,1.0,0.3833,0.8677
g19_child_71,AACGAUCACGUU,UUGCGA,UAAA,AUGGAGAGAGAGAGAG,AACGAUCACGUUUUGCGAUAAAAUGGAGAGAGAGAGAG,AACGAUCACGUUUUGCGAUAAA,..(..((.(((((((...)))))))))..)........,-3.8,ViennaRNA; duplex=ViennaRNA cofold,12,18,22,25,0.5,0.25,False,,-19.0,0.0,-1.194,0.0,1.152,3.8,-15.242,137795280428079.0,14.87456355512038,137795280428073.8,14.139234,1.0,0.0,0.8677
g10_child_32,CAUGAUCAGGGU,UGCGA,AAA,AUGGAGAGAGAGAGAG,CAUGAUCAGGGUUGCGAAAAAUGGAGAGAGAGAGAG,CAUGAUCAGGGUUGCGAAAA,....................................,0.0,ViennaRNA; duplex=ViennaRNA cofold,12,17,20,23,1.0,1.0,False,,-14.3,-3.3,-1.194,0.0,0.288,0.0,-15.206,129976364382840.4,1234149.5638549565,129976363950888.06,14.113864,1.0,0.275,0.8668
g10_child_37,CAUGAUCAGGGU,UGCGA,AUA,AUGGAGAGAGAGAGAG,CAUGAUCAGGGUUGCGAAUAAUGGAGAGAGAGAGAG,CAUGAUCAGGGUUGCGAAUA,....................................,0.0,ViennaRNA; duplex=ViennaRNA cofold,12,17,20,23,1.0,1.0,False,,-14.3,-3.3,-1.194,0.0,0.288,0.0,-15.206,129976364382840.4,1234149.5638549565,129976363950888.06,14.113864,1.0,0.275,0.8668
g12_child_64,AAUGAUCAGUGU,UGCGA,GGU,AUGGAGAGAGAGAGAG,AAUGAUCAGUGUUGCGAGGUAUGGAGAGAGAGAGAG,AAUGAUCAGUGUUGCGAGGU,.....((..(.((.(.(....).).)).)..))...,-0.5,ViennaRNA; duplex=ViennaRNA cofold,12,17,20,23,0.4,0.5833,False,,-14.5,-6.5,-1.194,0.0,0.0,0.5,-15.194,127469900942578.64,293543901.41461694,127469798202213.14,14.105407,1.0,0.5417,0.8664
g17_child_34,AACGAUCAGGGU,UUGCGAC,UAAU,AUGGAGAGAGAGAGAG,AACGAUCAGGGUUUGCGACUAAUAUGGAGAGAGAGAGAG,AACGAUCAGGGUUUGCGACUAAU,..(.((...((((...))))...)).)............,-0.7,ViennaRNA; duplex=ViennaRNA cofold,12,19,23,26,0.4286,0.75,False,,-14.7,-3.0,-1.194,0.0,0.0053,0.7,-15.1887,126373094681704.39,43900.54791479149,126373094666339.2,14.101655,1.0,0.25,0.8663
g13_child_22,AACGAUCAGGGU,UGCGA,UUAC,AUGGAGAGAGAGAGAG,AACGAUCAGGGUUGCGAUUACAUGGAGAGAGAGAGAG,AACGAUCAGGGUUGCGAUUAC,...((((........))))..................,-1.1,ViennaRNA; duplex=ViennaRNA cofold,12,17,21,24,0.6,0.9167,False,,-15.7,-2.2,-1.194,0.0,0.672,1.1,-15.122,113414558801064.81,15948.747766957878,113414558795482.75,14.054669,1.0,0.1833,0.8646
g10_child_44,AAUGAUCAGGGU,UGCGA,GAAG,AUGGAGAGAGAGAGAG,AAUGAUCAGGGUUGCGAGAAGAUGGAGAGAGAGAGAG,AAUGAUCAGGGUUGCGAGAAG,.....................................,0.0,ViennaRNA; duplex=ViennaRNA cofold,12,17,21,24,1.0,1.0,False,,-14.6,-3.3,-1.194,0.0,0.672,0.0,-15.122,113414427169436.53,3640696.6401467104,113414425895192.7,14.054668,1.0,0.275,0.8646
g12_child_63,AAUGAUCAGGGU,UGCGA,GAAA,AUGGAGAGAGAGAGAG,AAUGAUCAGGGUUGCGAGAAAAUGGAGAGAGAGAGAG,AAUGAUCAGGGUUGCGAGAAA,.....................................,0.0,ViennaRNA; duplex=ViennaRNA cofold,12,17,21,24,1.0,1.0,False,,-14.6,-3.3,-1.194,0.0,0.672,0.0,-15.122,113414427169436.53,2301330.886914793,113414426363970.72,14.054668,1.0,0.275,0.8646
g13_child_17,AACGAUCAGGGU,UUGCGA,GAA,AUGGAGAGAGAGAGAG,AACGAUCAGGGUUUGCGAGAAAUGGAGAGAGAGAGAG,AACGAUCAGGGUUUGCGAGAA,..(..((...((((.....))))...))..)......,-1.0,ViennaRNA; duplex=ViennaRNA cofold,12,18,21,24,0.6667,0.5,False,,-15.2,-3.3,-1.194,0.0,0.288,1.0,-15.106,110507843188851.11,43900.54791479149,110507843173485.92,14.043393,1.0,0.275,0.8642
g17_child_22,AAUGAACAGGUU,UUGCGA,UAA,AUGGAGAGAGAGAGAG,AAUGAACAGGUUUUGCGAUAAAUGGAGAGAGAGAGAG,AAUGAACAGGUUUUGCGAUAA,.....................................,0.0,ViennaRNA; duplex=ViennaRNA cofold,12,18,21,24,1.0,1.0,False,,-14.2,-3.2,-1.194,0.0,0.288,0.0,-15.106,110507843188851.11,1049291.550777267,110507842821599.06,14.043393,1.0,0.2667,0.8642
g18_child_75,AAUGAUCAGGAU,UUGCGA,UAA,AUGGAGAGAGAGAGAG,AAUGAUCAGGAUUUGCGAUAAAUGGAGAGAGAGAGAG,AAUGAUCAGGAUUUGCGAUAA,.....................................,0.0,ViennaRNA; duplex=ViennaRNA cofold,12,18,21,24,1.0,1.0,False,,-14.2,-4.1,-1.194,0.0,0.288,0.0,-15.106,110507843188851.11,4520029.240387102,110507841606840.88,14.043393,1.0,0.3417,0.8642
g23_child_35,AACGAUCGGGUU,UUGCGA,UAU,AUGGAGAGAGAGAGAG,AACGAUCGGGUUUUGCGAUAUAUGGAGAGAGAGAGAG,AACGAUCGGGUUUUGCGAUAU,....((((.......))))..................,-2.7,ViennaRNA; duplex=ViennaRNA cofold,12,18,21,24,0.5,0.9167,False,,-16.9,-0.5,-1.194,0.0,0.288,2.7,-15.106,110507757683484.58,484.44200359685135,110507757683315.02,14.043393,1.0,0.0417,0.8642
g24_child_43,AACGAUCGGGUU,UUGCGA,UAA,AUGGAGAGAGAGAGAG,AACGAUCGGGUUUUGCGAUAAAUGGAGAGAGAGAGAG,AACGAUCGGGUUUUGCGAUAA,....((((.......))))..................,-2.7,ViennaRNA; duplex=ViennaRNA cofold,12,18,21,24,0.5,0.9167,False,,-16.9,-0.5,-1.194,0.0,0.288,2.7,-15.106,110507757683484.58,164.2196388622983,110507757683427.1,14.043393,1.0,0.0417,0.8642
g14_child_63,AACGAUCAGGUU,UGCGA,UUA,AUGGAGAGAGAGAGAG,AACGAUCAGGUUUGCGAUUAAUGGAGAGAGAGAGAG,AACGAUCAGGUUUGCGAUUA,...((((........)))).................,-1.1,ViennaRNA; duplex=ViennaRNA cofold,12,17,20,23,0.6,0.8333,False,,-15.3,-2.1,-1.194,0.0,0.288,1.1,-15.106,110507629425558.64,29547.385723534062,110507629415217.06,14.043392,1.0,0.175,0.8642
g20_child_47,AACGAUCAGGUU,UUGCGUA,UAAA,AUGGAGAGAGAGAGAG,AACGAUCAGGUUUUGCGUAUAAAAUGGAGAGAGAGAGAG,AACGAUCAGGUUUUGCGUAUAAA,..(..((...((((.(((.....))).))))...))..),-2.7,ViennaRNA; duplex=ViennaRNA cofold,12,19,23,26,0.2857,0.4167,False,,-16.6,-3.2,-1.194,0.0,0.0,2.7,-15.094,108376768667636.58,2365.8087603549684,108376768666808.55,14.034936,1.0,0.2667,0.8639
g18_child_48,AACGAUCAGGUU,UGGCGA,UAAA,AUGGAGAGAGAGAGAG,AACGAUCAGGUUUGGCGAUAAAAUGGAGAGAGAGAGAG,AACGAUCAGGUUUGGCGAUAAA,..(..((...((((....))))...))..)........,-0.8,ViennaRNA; duplex=ViennaRNA cofold,12,18,22,25,0.6667,0.5,False,,-14.7,-2.8,-1.194,0.0,0.0053,0.8,-15.0887,107444123287634.61,26980.80590969126,107444123278191.33,14.031183,1.0,0.2333,0.8638
g17_child_40,AAUGAUCAGGUU,UGCGA,UAAAA,AUGGAGAGAGAGAGAG,AAUGAUCAGGUUUGCGAUAAAAAUGGAGAGAGAGAGAG,AAUGAUCAGGUUUGCGAUAAAA,....(((........)))....................,-0.1,ViennaRNA; duplex=ViennaRNA cofold,12,17,22,25,0.6,1.0,False,,-15.1,-3.1,-1.194,0.0,1.152,0.1,-15.042,99607312354741.8,136701.03542385716,99607312306896.44,13.998291,1.0,0.2583,0.8626
g19_child_33,AACGAUCAGGUU,UUGCGCA,UAAA,AUGGAGAGAGAGAGAG,AACGAUCAGGUUUUGCGCAUAAAAUGGAGAGAGAGAGAG,AACGAUCAGGUUUUGCGCAUAAA,..(..((..((((((....)))))).))..)........,-1.4,ViennaRNA; duplex=ViennaRNA cofold,12,19,23,26,0.5714,0.3333,False,,-16.4,-3.2,-1.194,0.0,1.152,1.4,-15.042,99607131719472.33,19503.4570038431,99607131712646.12,13.99829,1.0,0.2667,0.8626
g14_child_16,AAUGAUCAGGGU,UGCGA,GAAU,AUGGAGAGAGAGAGAG,AAUGAUCAGGGUUGCGAGAAUAUGGAGAGAGAGAGAG,AAUGAUCAGGGUUGCGAGAAU,.(((.((..(....)..)).)))..............,-0.1,ViennaRNA; duplex=ViennaRNA cofold,12,17,21,24,0.8,0.6667,False,,-14.6,-3.3,-1.194,0.0,0.672,0.1,-15.022,96426547435370.73,1956624.0157440386,96426546750552.33,13.984197,1.0,0.275,0.8621
g11_child_67,CAUGAUCAGGGU,UGCGA,CAA,AUGGAGAGAGAGAGAG,CAUGAUCAGGGUUGCGACAAAUGGAGAGAGAGAGAG,CAUGAUCAGGGUUGCGACAA,....................................,0.0,ViennaRNA; duplex=ViennaRNA cofold,12,17,20,23,1.0,1.0,False,,-14.1,-3.3,-1.194,0.0,0.288,0.0,-15.006,93955270761858.44,222426.63693548995,93955270684009.11,13.972921,1.0,0.275,0.8617
g20_child_43,AAUGAUCAGGUU,UUGCGC,UAA,AUGGAGAGAGAGAGAG,AAUGAUCAGGUUUUGCGCUAAAUGGAGAGAGAGAGAG,AAUGAUCAGGUUUUGCGCUAA,.....((...((((.((.....)).))))...))...,-0.5,ViennaRNA; duplex=ViennaRNA cofold,12,18,21,24,0.3333,0.5,False,,-14.6,-3.2,-1.194,0.0,0.288,0.5,-15.006,93955270761858.44,466162.94462068117,93955270598701.4,13.972921,1.0,0.2667,0.8617
g21_child_48,AAUGAUCAGGUA,UUGCGA,UAA,AUGGAGAGAGAGAGAG,AAUGAUCAGGUAUUGCGAUAAAUGGAGAGAGAGAGAG,AAUGAUCAGGUAUUGCGAUAA,.....................................,0.0,ViennaRNA; duplex=ViennaRNA cofold,12,18,21,24,1.0,1.0,False,,-14.1,-3.8,-1.194,0.0,0.288,0.0,-15.006,93955270761858.44,2777961.49327611,93955269789571.92,13.972921,1.0,0.3167,0.8617
g23_child_62,AACGAUCAGGUU,UUGCGAC,UAU,AUGGAGAGAGAGAGAG,AACGAUCAGGUUUUGCGACUAUAUGGAGAGAGAGAGAG,AACGAUCAGGUUUUGCGACUAU,..(.((..((((....))))..)).)............,-1.6,ViennaRNA; duplex=ViennaRNA cofold,12,19,22,25,0.5714,0.6667,False,,-17.8,-2.6,-1.194,0.0,2.4,1.6,-14.994,92143345192765.38,13559.852685175418,92143345188019.42,13.964464,1.0,0.2167,0.8614
g22_child_78,AACGAUCAGGUC,UUGCGA,UAAA,AUGGAGAGAGAGAGAG,AACGAUCAGGUCUUGCGAUAAAAUGGAGAGAGAGAGAG,AACGAUCAGGUCUUGCGAUAAA,..(..((...((((.(.((...)).).))))..))..),-1.9,ViennaRNA; duplex=ViennaRNA cofold,12,18,22,25,0.3333,0.4167,False,,-15.7,-3.0,-1.194,0.0,0.0053,1.9,-14.9887,91350514085283.11,15948.752008949365,91350514079701.05,13.960711,1.0,0.25,0.8613
g21_child_20,AACGAUUAGGUU,UGCGA,UAAA,AUGGAGAGAGAGAGAG,AACGAUUAGGUUUGCGAUAAAAUGGAGAGAGAGAGAG,AACGAUUAGGUUUGCGAUAAA,.....................................,0.0,ViennaRNA; duplex=ViennaRNA cofold,12,17,21,24,1.0,1.0,False,,-14.9,-3.1,-1.194,0.0,1.152,0.0,-14.942,84687517861612.33,409411.7467768406,84687517718318.22,13.927819,1.0,0.2583,0.8601
g13_child_20,AACGAUCAGGGU,UGCGA,GUCA,AUGGAGAGAGAGAGAG,AACGAUCAGGGUUGCGAGUCAAUGGAGAGAGAGAGAG,AACGAUCAGGGUUGCGAGUCA,..(..((...((((.....))))...))..)......,-1.2,ViennaRNA; duplex=ViennaRNA cofold,12,17,21,24,0.6,0.5,False,,-15.6,-2.5,-1.194,0.0,0.672,1.2,-14.922,81983103182048.47,143055.23954345338,81983103131979.14,13.913724,1.0,0.2083,0.8596
g9_child_40,AAUGAUCAGUGU,UGCGA,GAA,AUGGAGAGAGAGAGAG,AAUGAUCAGUGUUGCGAGAAAUGGAGAGAGAGAGAG,AAUGAUCAGUGUUGCGAGAA,.....((..(.((.(.(....).).)).)..))...,-0.5,ViennaRNA; duplex=ViennaRNA cofold,12,17,20,23,0.4,0.5833,False,,-14.5,-3.0,-1.194,0.0,0.288,0.5,-14.906,79882048632949.23,60731.407334911506,79882048611693.23,13.902449,1.0,0.25,0.8592
g10_child_18,AAUGAUCAGUGU,UGCGA,GGA,AUGGAGAGAGAGAGAG,AAUGAUCAGUGUUGCGAGGAAUGGAGAGAGAGAGAG,AAUGAUCAGUGUUGCGAGGA,.....((..(.((.(.(....).).)).)..))...,-0.5,ViennaRNA; duplex=ViennaRNA cofold,12,17,20,23,0.4,0.5833,False,,-14.5,-5.9,-1.194,0.0,0.288,0.5,-14.906,79882048632949.23,6715715.524507032,79882046282448.8,13.902449,1.0,0.4917,0.8592
g13_child_79,ACUGAUCAGGGU,UGCGAUA,GAA,AUGGAGAGAGAGAGAG,ACUGAUCAGGGUUGCGAUAGAAAUGGAGAGAGAGAGAG,ACUGAUCAGGGUUGCGAUAGAA,.(((.((........)))))..................,-0.2,ViennaRNA; duplex=ViennaRNA cofold,12,19,22,25,0.4286,0.9167,False,,-13.9,-3.1,-1.194,0.0,0.0053,0.2,-14.8887,77667589939981.36,116225.13232240362,77667589899302.56,13.89024,1.0,0.2583,0.8588
g22_child_53,AACGAUCAGGUU,UUGCGU,UAAA,AUGGAGAGAGAGAGAG,AACGAUCAGGUUUUGCGUUAAAAUGGAGAGAGAGAGAG,AACGAUCAGGUUUUGCGUUAAA,..(..((...((((.(((....))).))))...))..),-2.5,ViennaRNA; duplex=ViennaRNA cofold,12,18,22,25,0.1667,0.4167,False,,-16.2,-2.8,-1.194,0.0,0.0053,2.5,-14.8887,77667589939981.1,4354.649474464437,77667589938456.97,13.89024,1.0,0.2333,0.8588
g11_child_33,AAUGAUCAGGGU,UGCGA,UAG,AUGGAGAGAGAGAGAG,AAUGAUCAGGGUUGCGAUAGAUGGAGAGAGAGAGAG,AAUGAUCAGGGUUGCGAUAG,....(((........)))..................,-0.1,ViennaRNA; duplex=ViennaRNA cofold,12,17,20,23,0.6,0.9167,False,,-15.5,-3.2,-1.194,0.0,1.728,0.1,-14.866,74861889887227.14,892122.3526635006,74861889574984.31,13.874261,1.0,0.2667,0.8582
g16_child_20,AACGAUUAGGGU,UGCGA,GUA,AUGGAGAGAGAGAGAG,AACGAUUAGGGUUGCGAGUAAUGGAGAGAGAGAGAG,AACGAUUAGGGUUGCGAGUA,..(.((((..........)))).)............,-0.4,ViennaRNA; duplex=ViennaRNA cofold,12,17,20,23,1.0,0.5833,False,,-14.3,-3.8,-1.194,0.0,0.288,0.4,-14.806,67916866240988.55,261612.49138560877,67916866149424.17,13.831978,1.0,0.3167,0.8567
g17_child_66,AACGAUCAGGGU,UGCG,CUA,AUGGAGAGAGAGAGAG,AACGAUCAGGGUUGCGCUAAUGGAGAGAGAGAGAG,AACGAUCAGGGUUGCGCUA,..(.((.((.(...).)).)).)............,-0.6,ViennaRNA; duplex=ViennaRNA cofold,12,16,19,22,0.75,0.5833,False,,-14.2,-3.3,-1.194,0.0,0.0,0.6,-14.794,66607238322027.086,869258.481055634,66607238017786.62,13.823521,1.0,0.275,0.8564
g23_child_57,AACAAUCAGGUU,UUGCGA,UAAUA,AUGGAGAGAGAGAGAG,AACAAUCAGGUUUUGCGAUAAUAAUGGAGAGAGAGAGAG,AACAAUCAGGUUUUGCGAUAAUA,.......................................,0.0,ViennaRNA; duplex=ViennaRNA cofold,12,18,23,26,1.0,1.0,False,,-13.6,-3.2,-1.194,0.0,0.0,0.0,-14.794,66607199669045.29,189110.29719542284,66607199602856.69,13.823521,1.0,0.2667,0.8564
g12_child_23,CAUGAUCAGGGU,UGCGGUA,UAA,AUGGAGAGAGAGAGAG,CAUGAUCAGGGUUGCGGUAUAAAUGGAGAGAGAGAGAG,CAUGAUCAGGGUUGCGGUAUAA,......................................,0.0,ViennaRNA; duplex=ViennaRNA cofold,12,19,22,25,1.0,1.0,False,,-14.7,-4.5,-1.194,0.0,1.152,0.0,-14.742,61217581431966.7,1559003.372836251,61217580886315.52,13.786876,1.0,0.375,0.8551
g13_child_21,AAUGAUCAGGUU,UGCGAA,UAA,AUGGAGAGAGAGAGAG,AAUGAUCAGGUUUGCGAAUAAAUGGAGAGAGAGAGAG,AAUGAUCAGGUUUGCGAAUAA,.....................................,0.0,ViennaRNA; duplex=ViennaRNA cofold,12,18,21,24,1.0,1.0,False,,-14.2,-3.2,-1.194,0.0,0.672,0.0,-14.722,59262754108736.62,481539.6863014658,59262753940197.73,13.772782,1.0,0.2667,0.8546
g15_child_71,AAUGAUCAGGUU,UUGCGA,UUAA,AUGGAGAGAGAGAGAG,AAUGAUCAGGUUUUGCGAUUAAAUGGAGAGAGAGAGAG,AAUGAUCAGGUUUUGCGAUUAA,..(((((.(......)))))).................,-1.5,ViennaRNA; duplex=ViennaRNA cofold,12,18,22,25,0.5,0.8333,False,,-15.7,-1.7,-1.194,0.0,0.672,1.5,-14.722,59262754108736.62,3702.3845172987217,59262754107440.78,13.772782,1.0,0.1417,0.8546
g18_child_79,AAUGAUCAGGUU,UUGCGAU,UAA,AUGGAGAGAGAGAGAG,AAUGAUCAGGUUUUGCGAUUAAAUGGAGAGAGAGAGAG,AAUGAUCAGGUUUUGCGAUUAA,..(((((.(......)))))).................,-1.5,ViennaRNA; duplex=ViennaRNA cofold,12,19,22,25,0.4286,0.8333,False,,-15.7,-1.7,-1.194,0.0,0.672,1.5,-14.722,59262754108736.62,3702.3845172987217,59262754107440.78,13.772782,1.0,0.1417,0.8546
g12_child_32,AAUGAUCAAGGU,UGCGA,UAA,AUGGAGAGAGAGAGAG,AAUGAUCAAGGUUGCGAUAAAUGGAGAGAGAGAGAG,AAUGAUCAAGGUUGCGAUAA,....(((........)))..................,-0.1,ViennaRNA; duplex=ViennaRNA cofold,12,17,20,23,0.6,0.9167,False,,-13.9,-3.3,-1.194,0.0,0.288,0.1,-14.706,57743861237860.64,1049291.626891856,57743860870608.57,13.761506,1.0,0.275,0.8542
g11_child_46,CAUGAUCAGGUU,UGCGAA,GAA,AUGGAGAGAGAGAGAG,CAUGAUCAGGUUUGCGAAGAAAUGGAGAGAGAGAGAG,CAUGAUCAGGUUUGCGAAGAA,......((..(((....)))..)).............,-0.4,ViennaRNA; duplex=ViennaRNA cofold,12,18,21,24,0.6667,0.6667,False,,-13.9,-3.2,-1.194,0.0,0.0053,0.4,-14.6887,56143126305164.875,33209.22224527918,56143126293541.65,13.749297,1.0,0.2667,0.8537
g8_child_34,AAUGAUCAGGGU,GCGA,UGUUA,AUGGAGAGAGAGAGAG,AAUGAUCAGGGUGCGAUGUUAAUGGAGAGAGAGAGAG,AAUGAUCAGGGUGCGAUGUUA,.....................................,0.0,ViennaRNA; duplex=ViennaRNA cofold,12,16,21,24,1.0,1.0,False,,-13.5,-3.9,-1.194,0.0,0.0053,0.0,-14.6887,56143074719331.65,3267367.6721808207,56143073575752.96,13.749296,1.0,0.325,0.8537
g17_child_56,AACGAUCAGGGU,UUGCGA,GUU,AUGGAGAGAGAGAGAG,AACGAUCAGGGUUUGCGAGUUAUGGAGAGAGAGAGAG,AACGAUCAGGGUUUGCGAGUU,.....................................,0.0,ViennaRNA; duplex=ViennaRNA cofold,12,18,21,24,1.0,1.0,False,,-15.2,-3.3,-1.194,0.0,1.728,0.0,-14.666,54115002973276.24,3672294.6545730713,54115001687973.11,13.733318,1.0,0.275,0.8531
g22_child_60,AACGAUCAGGUU,AUGCGA,UAAA,AUGGAGAGAGAGAGAG,AACGAUCAGGUUAUGCGAUAAAAUGGAGAGAGAGAGAG,AACGAUCAGGUUAUGCGAUAAA,..(..((...((((........))))...))..)....,-0.4,ViennaRNA; duplex=ViennaRNA cofold,12,18,22,25,0.6667,0.5,False,,-15.6,-2.9,-1.194,0.0,1.728,0.4,-14.666,54114900911683.84,154643.0029705263,54114900857558.79,13.733317,1.0,0.2417,0.8531
g13_child_27,AAUGAUCAGUGU,UGCGA,GUAA,AUGGAGAGAGAGAGAG,AAUGAUCAGUGUUGCGAGUAAAUGGAGAGAGAGAGAG,AAUGAUCAGUGUUGCGAGUAA,.....((..(.((.(.(.....).).)).)..))...,-0.4,ViennaRNA; duplex=ViennaRNA cofold,12,17,21,24,0.4,0.5833,False,,-14.5,-2.5,-1.194,0.0,0.672,0.4,-14.622,50385967613104.23,80805.98107057651,50385967584822.13,13.70231,1.0,0.2083,0.852
g21_child_24,AACGAUCAGGUU,UUGCUA,UAA,AUGGAGAGAGAGAGAG,AACGAUCAGGUUUUGCUAUAAAUGGAGAGAGAGAGAG,AACGAUCAGGUUUUGCUAUAA,..(..((...((((.(.......).))))...))..),-1.2,ViennaRNA; duplex=ViennaRNA cofold,12,18,21,24,0.5,0.5833,False,,-14.9,-3.2,-1.194,0.0,0.288,1.2,-14.606,49094688332060.79,68702.38694875216,49094688308014.95,13.691035,1.0,0.2667,0.8516
g20_child_45,AACGAUCAGGUU,UUGACGA,UAAA,AUGGAGAGAGAGAGAG,AACGAUCAGGUUUUGACGAUAAAAUGGAGAGAGAGAGAG,AACGAUCAGGUUUUGACGAUAAA,..((.(((.....))))).....................,-1.2,ViennaRNA; duplex=ViennaRNA cofold,12,19,23,26,0.2857,1.0,False,,-14.6,-2.0,-1.194,0.0,0.0053,1.2,-14.5887,47733716258498.76,3849.414327682891,47733716257151.46,13.678825,1.0,0.1667,0.8512
g10_child_68,AAUGAUCAGGGU,UGCGA,UAAGAGGA,AUGGAGAGAGAGAGAG,AAUGAUCAGGGUUGCGAUAAGAGGAAUGGAGAGAGAGAGAG,AAUGAUCAGGGUUGCGAUAAGAGGA,.....((...(((.(.......).)))...)).........,-1.0,ViennaRNA; duplex=ViennaRNA cofold,12,17,25,28,0.6,0.5,False,,-15.5,-5.8,-1.194,0.0,1.152,1.0,-14.542,44251961591386.34,16554451.442014107,44251955797328.336,13.645932,1.0,0.4833,0.85
g12_child_42,AACGAUCAGGGU,UGCGAA,GUA,AUGGAGAGAGAGAGAG,AACGAUCAGGGUUGCGAAGUAAUGGAGAGAGAGAGAG,AACGAUCAGGGUUGCGAAGUA,..(..((...(((((...)))))...))..)......,-2.4,ViennaRNA; duplex=ViennaRNA cofold,12,18,21,24,0.5,0.4167,False,,-16.4,-3.3,-1.194,0.0,0.672,2.4,-14.522,42838828505537.695,46844.49350568414,42838828489142.125,13.631838,1.0,0.275,0.8495
g13_child_43,AAUGAUCAAGUU,UGCGA,UAA,AUGGAGAGAGAGAGAG,AAUGAUCAAGUUUGCGAUAAAUGGAGAGAGAGAGAG,AAUGAUCAAGUUUGCGAUAA,....(((........)))..................,-0.1,ViennaRNA; duplex=ViennaRNA cofold,12,17,20,23,0.6,0.9167,False,,-14.1,-0.1,-1.194,0.0,0.672,0.1,-14.522,42838914479427.03,5831.794431568203,42838914477385.91,13.631838,1.0,0.0083,0.8495
g14_child_54,AAUGAUCAGGGU,UGCGA,UAC,AUGGAGAGAGAGAGAG,AAUGAUCAGGGUUGCGAUACAUGGAGAGAGAGAGAG,AAUGAUCAGGGUUGCGAUAC,.((((((........))).)))..............,-1.9,ViennaRNA; duplex=ViennaRNA cofold,12,17,20,23,0.6,0.6667,False,,-15.5,-3.2,-1.194,0.0,0.288,1.9,-14.506,41740989181783.12,48076.6391523457,41740989164956.3,13.620563,1.0,0.2667,0.8491
g16_child_34,AACGAUCAGGGU,UAGCGA,UAA,AUGGAGAGAGAGAGAG,AACGAUCAGGGUUAGCGAUAAAUGGAGAGAGAGAGAG,AACGAUCAGGGUUAGCGAUAA,.....................................,0.0,ViennaRNA; duplex=ViennaRNA cofold,12,18,21,24,1.0,1.0,False,,-13.6,-3.3,-1.194,0.0,0.288,0.0,-14.506,41740987667857.84,1234149.5638549565,41740987235905.5,13.620563,1.0,0.275,0.8491
g17_child_48,AAUGAUCAGGUU,UGCG,GUG,AUGGAGAGAGAGAGAG,AAUGAUCAGGUUUGCGGUGAUGGAGAGAGAGAGAG,AAUGAUCAGGUUUGCGGUG,.((.(((........))).))..............,-1.3,ViennaRNA; duplex=ViennaRNA cofold,12,16,19,22,0.75,0.6667,False,,-14.6,-3.2,-1.194,0.0,0.0,1.3,-14.494,40936070546241.63,237342.53159363373,40936070463171.75,13.612106,1.0,0.2667,0.8488
g22_child_74,AACGAUCAGGUU,UUGCGU,UAAUA,AUGGAGAGAGAGAGAG,AACGAUCAGGUUUUGCGUUAAUAAUGGAGAGAGAGAGAG,AACGAUCAGGUUUUGCGUUAAUA,..(..((...((((.((((...)))).))))...))..),-2.9,ViennaRNA; duplex=ViennaRNA cofold,12,18,23,26,0.1667,0.3333,False,,-16.2,-2.8,-1.194,0.0,0.0,2.9,-14.494,40936060648033.96,893.6130139896064,40936060647721.195,13.612106,1.0,0.2333,0.8488
g22_child_56,AACGAUCAGGUU,UGCGA,UACAA,AUGGAGAGAGAGAGAG,AACGAUCAGGUUUGCGAUACAAAUGGAGAGAGAGAGAG,AACGAUCAGGUUUGCGAUACAA,..(..((..(((((.....))))).))..)........,-2.5,ViennaRNA; duplex=ViennaRNA cofold,12,17,22,25,0.6,0.3333,False,,-16.9,-3.1,-1.194,0.0,1.152,2.5,-14.442,37623619401898.945,2782.603670336478,37623619400925.03,13.575461,1.0,0.2583,0.8475
g16_child_74,AACGAUCAUGGU,UGCGA,UAA,AUGGAGAGAGAGAGAG,AACGAUCAUGGUUGCGAUAAAUGGAGAGAGAGAGAG,AACGAUCAUGGUUGCGAUAA,..(..((.(.(((......))).).))..)......,-2.2,ViennaRNA; duplex=ViennaRNA cofold,12,17,20,23,0.8,0.5,False,,-15.7,-2.1,-1.194,0.0,0.288,2.2,-14.406,35488818303392.03,4958.27397292964,35488818301656.63,13.550092,1.0,0.175,0.8466
g13_child_33,AAUGAUUAGGGU,UGCGA,UAA,AUGGAGAGAGAGAGAG,AAUGAUUAGGGUUGCGAUAAAUGGAGAGAGAGAGAG,AAUGAUUAGGGUUGCGAUAA,....................................,0.0,ViennaRNA; duplex=ViennaRNA cofold,12,17,20,23,1.0,1.0,False,,-13.5,-3.8,-1.194,0.0,0.288,0.0,-14.406,35488755232503.16,2777961.49327611,35488754260216.63,13.550091,1.0,0.3167,0.8466
g16_child_50,AAUGAUCAGGUU,UUGCGGA,UAA,AUGGAGAGAGAGAGAG,AAUGAUCAGGUUUUGCGGAUAAAUGGAGAGAGAGAGAG,AAUGAUCAGGUUUUGCGGAUAA,.....((...((((.((......)).))))...))...,-1.7,ViennaRNA; duplex=ViennaRNA cofold,12,19,22,25,0.4286,0.5,False,,-15.2,-2.9,-1.194,0.0,0.288,1.7,-14.406,35488774110852.66,18758.507053292487,35488774104287.18,13.550091,1.0,0.2417,0.8466
g23_child_41,AACGAUCAGGUU,UAGCGA,UAA,AUGGAGAGAGAGAGAG,AACGAUCAGGUUUAGCGAUAAAUGGAGAGAGAGAGAG,AACGAUCAGGUUUAGCGAUAA,..(..((..(((((....))))).))..)........,-1.9,ViennaRNA; duplex=ViennaRNA cofold,12,18,21,24,0.6667,0.3333,False,,-15.4,-3.2,-1.194,0.0,0.288,1.9,-14.406,35488734637951.375,48076.646708450106,35488734621124.55,13.550091,1.0,0.2667,0.8466
g24_child_28,AACGAUCAGGUC,UUGCGA,UAA,AUGGAGAGAGAGAGAG,AACGAUCAGGUCUUGCGAUAAAUGGAGAGAGAGAGAG,AACGAUCAGGUCUUGCGAUAA,..(..((...((((.(........).))))..))..),-2.2,ViennaRNA; duplex=ViennaRNA cofold,12,18,21,24,0.5,0.5833,False,,-15.7,-3.0,-1.194,0.0,0.288,2.2,-14.406,35488730347421.33,21358.742926098927,35488730339945.766,13.55009,1.0,0.25,0.8466
g15_child_43,AACGAUCAGGGU,UGCGA,CGAA,AUGGAGAGAGAGAGAG,AACGAUCAGGGUUGCGACGAAAUGGAGAGAGAGAGAG,AACGAUCAGGGUUGCGACGAA,..((.((........))))..................,-0.3,ViennaRNA; duplex=ViennaRNA cofold,12,17,21,24,0.6,0.9167,False,,-15.9,-3.0,-1.194,0.0,2.4,0.3,-14.394,34804442800287.72,869258.4810556348,34804442496047.25,13.541635,1.0,0.25,0.8463
g7_child_32,CAUGAUCACGGU,GCGA,UAGAGGA,AUGGAGAGAGAGAGAG,CAUGAUCACGGUGCGAUAGAGGAAUGGAGAGAGAGAGAG,CAUGAUCACGGUGCGAUAGAGGA,.......................................,0.0,ViennaRNA; duplex=ViennaRNA cofold,12,16,23,26,1.0,1.0,False,,-13.2,-5.8,-1.194,0.0,0.0053,0.0,-14.3887,34504971628454.844,32726232.297001142,34504960174273.54,13.537882,1.0,0.4833,0.8462
g21_child_25,AACGAUUAGGUU,UUGCGA,UCAA,AUGGAGAGAGAGAGAG,AACGAUUAGGUUUUGCGAUCAAAUGGAGAGAGAGAGAG,AACGAUUAGGUUUUGCGAUCAA,..(.(((.((((....)))).))).)............,-2.0,ViennaRNA; duplex=ViennaRNA cofold,12,18,22,25,0.6667,0.5833,False,,-16.7,-2.4,-1.194,0.0,1.525,2.0,-14.369,33420733913133.227,5121.8257554569755,33420733911340.586,13.524016,1.0,0.2,0.8457
g22_child_31,AGCGAUCAGGUU,UUGCGA,UACAA,AUGGAGAGAGAGAGAG,AGCGAUCAGGUUUUGCGAUACAAAUGGAGAGAGAGAGAG,AGCGAUCAGGUUUUGCGAUACAA,.((((.......)))).......................,-2.7,ViennaRNA; duplex=ViennaRNA cofold,12,18,23,26,0.3333,1.0,False,,-17.0,-0.5,-1.194,0.0,1.152,2.7,-14.342,31988167281502.527,29.59675476998711,31988167281492.168,13.504989,1.0,0.0417,0.845
g12_child_55,AAUGAUCAGUGU,GCGA,UAA,AUGGAGAGAGAGAGAG,AAUGAUCAGUGUGCGAUAAAUGGAGAGAGAGAGAG,AAUGAUCAGUGUGCGAUAA,.....((..(.(.(.......).).)..)).....,-0.1,ViennaRNA; duplex=ViennaRNA cofold,12,16,19,22,0.75,0.75,False,,-13.9,0.0,-1.194,0.0,0.672,0.1,-14.322,30966701880494.316,4958.273972929638,30966701878758.92,13.490895,1.0,0.0,0.8445
g11_child_78,AAUGAUCAGGGU,UUGCGA,GAA,AUGGAGAGAGAGAGAG,AAUGAUCAGGGUUUGCGAGAAAUGGAGAGAGAGAGAG,AAUGAUCAGGGUUUGCGAGAA,.....................................,0.0,ViennaRNA; duplex=ViennaRNA cofold,12,18,21,24,1.0,1.0,False,,-13.4,-3.3,-1.194,0.0,0.288,0.0,-14.306,30173068902354.492,222426.63693548995,30173068824505.168,13.479619,1.0,0.275,0.8441
g11_child_47,AAUGAUCAGGGU,UGCGA,GCAA,AUGGAGAGAGAGAGAG,AAUGAUCAGGGUUGCGAGCAAAUGGAGAGAGAGAGAG,AAUGAUCAGGGUUGCGAGCAA,.....................................,0.0,ViennaRNA; duplex=ViennaRNA cofold,12,17,21,24,1.0,1.0,False,,-14.6,-3.3,-1.194,0.0,1.525,0.0,-14.269,28414814583293.047,2301330.886914793,28414813777827.24,13.453545,1.0,0.275,0.8431
g11_child_69,AAUGAUCAGGGU,UGCGA,GGGA,AUGGAGAGAGAGAGAG,AAUGAUCAGGGUUGCGAGGGAAUGGAGAGAGAGAGAG,AAUGAUCAGGGUUGCGAGGGA,.....................................,0.0,ViennaRNA; duplex=ViennaRNA cofold,12,17,21,24,1.0,1.0,False,,-14.6,-6.4,-1.194,0.0,1.525,0.0,-14.269,28414814583293.047,11435085.591788184,28414810581013.09,13.453545,1.0,0.5333,0.8431
g18_child_38,AAUGAUCAGGUU,UUGCGCA,UAA,AUGGAGAGAGAGAGAG,AAUGAUCAGGUUUUGCGCAUAAAUGGAGAGAGAGAGAG,AAUGAUCAGGUUUUGCGCAUAA,.....((...((((.((......)).))))...))...,-0.8,ViennaRNA; duplex=ViennaRNA cofold,12,19,22,25,0.4286,0.5,False,,-14.5,-3.1,-1.194,0.0,0.672,0.8,-14.222,26328318606457.28,111785.86886179718,26328318567332.227,13.420423,1.0,0.2583,0.842
g19_child_69,AAUGACCAGGUU,UUGCGA,UAA,AUGGAGAGAGAGAGAG,AAUGACCAGGUUUUGCGAUAAAUGGAGAGAGAGAGAG,AAUGACCAGGUUUUGCGAUAA,.....(((..(........)..)))............,-0.9,ViennaRNA; duplex=ViennaRNA cofold,12,18,21,24,1.0,0.6667,False,,-14.2,-3.2,-1.194,0.0,0.288,0.9,-14.206,25653578230553.46,243585.27058140122,25653578145298.617,13.409148,1.0,0.2667,0.8416
g11_child_42,AAUGAUCAGGUU,UGCGA,CAA,AUGGAGAGAGAGAGAG,AAUGAUCAGGUUUGCGACAAAUGGAGAGAGAGAGAG,AAUGAUCAGGUUUGCGACAA,.....((..(((((...))))).))...........,-0.7,ViennaRNA; duplex=ViennaRNA cofold,12,17,20,23,0.6,0.4167,False,,-14.0,-3.2,-1.194,0.0,0.288,0.7,-14.206,25653545975224.05,60731.41320877457,25653545953968.055,13.409147,1.0,0.2667,0.8416
g12_child_25,AAUGAUCAGUGU,GGCGA,UAA,AUGGAGAGAGAGAGAG,AAUGAUCAGUGUGGCGAUAAAUGGAGAGAGAGAGAG,AAUGAUCAGUGUGGCGAUAA,....(((........)))..................,-0.1,ViennaRNA; duplex=ViennaRNA cofold,12,17,20,23,0.6,0.9167,False,,-13.4,-2.0,-1.194,0.0,0.288,0.1,-14.206,25653545354929.695,58411.730307860984,25653545334485.59,13.409147,1.0,0.1667,0.8416
g14_child_35,AACGAUCAGGGU,GGCGA,UAA,AUGGAGAGAGAGAGAG,AACGAUCAGGGUGGCGAUAAAUGGAGAGAGAGAGAG,AACGAUCAGGGUGGCGAUAA,....(((........)))..................,-0.1,ViennaRNA; duplex=ViennaRNA cofold,12,17,20,23,0.6,0.9167,False,,-13.4,-6.6,-1.194,0.0,0.288,0.1,-14.206,25653545354929.695,101905479.35016847,25653509688011.92,13.409147,1.0,0.55,0.8416
g18_child_20,AAUGAUCAGGUU,UUGUGA,UAA,AUGGAGAGAGAGAGAG,AAUGAUCAGGUUUUGUGAUAAAUGGAGAGAGAGAGAG,AAUGAUCAGGUUUUGUGAUAA,....((((.......))))..................,-1.3,ViennaRNA; duplex=ViennaRNA cofold,12,18,21,24,0.5,0.9167,False,,-14.6,-1.9,-1.194,0.0,0.288,1.3,-14.206,25653533569338.98,15439.471158577886,25653533563935.164,13.409147,1.0,0.1583,0.8416
g23_child_69,AACGGUCAGGUU,UUGAGA,UAA,AUGGAGAGAGAGAGAG,AACGGUCAGGUUUUGAGAUAAAUGGAGAGAGAGAGAG,AACGGUCAGGUUUUGAGAUAA,.....................................,0.0,ViennaRNA; duplex=ViennaRNA cofold,12,18,21,24,1.0,1.0,False,,-13.3,-4.5,-1.194,0.0,0.288,0.0,-14.206,25653553418758.03,8650237.93527164,25653550391174.754,13.409147,1.0,0.375,0.8416
g24_child_64,AACGAUCAGGUU,UGGCGA,UAA,AUGGAGAGAGAGAGAG,AACGAUCAGGUUUGGCGAUAAAUGGAGAGAGAGAGAG,AACGAUCAGGUUUGGCGAUAA,..(..((..(((((....))))).))..)........,-1.4,ViennaRNA; duplex=ViennaRNA cofold,12,18,21,24,0.6667,0.3333,False,,-14.7,-2.8,-1.194,0.0,0.288,1.4,-14.206,25653531088162.664,25950.261494158487,25653531079080.074,13.409147,1.0,0.2333,0.8416
g24_child_65,AACGAUCAGGUU,UGUGCGA,UAU,AUGGAGAGAGAGAGAG,AACGAUCAGGUUUGUGCGAUAUAUGGAGAGAGAGAGAG,AACGAUCAGGUUUGUGCGAUAU,..((..((....))..))....................,-1.4,ViennaRNA; duplex=ViennaRNA cofold,12,19,22,25,0.4286,1.0,False,,-14.4,-1.8,-1.194,0.0,0.0,1.4,-14.194,25158899113377.746,32923.47857329025,25158899101854.527,13.400692,1.0,0.15,0.8413
g15_child_72,AACGAUCAUGGU,UGCGA,CAAA,AUGGAGAGAGAGAGAG,AACGAUCAUGGUUGCGACAAAAUGGAGAGAGAGAGAG,AACGAUCAUGGUUGCGACAAA,..(..((.(.(((.......))).).))..)......,-1.6,ViennaRNA; duplex=ViennaRNA cofold,12,17,21,24,0.8,0.5,False,,-14.6,-2.2,-1.194,0.0,0.0053,1.6,-14.1887,24942387270408.42,7085.463191524246,24942387267928.508,13.396938,1.0,0.1833,0.8411
g23_child_60,AACGGUCAGGUU,UUGCUA,UAAA,AUGGAGAGAGAGAGAG,AACGGUCAGGUUUUGCUAUAAAAUGGAGAGAGAGAGAG,AACGGUCAGGUUUUGCUAUAAA,.....((...((((.(........).))))...))...,-1.3,ViennaRNA; duplex=ViennaRNA cofold,12,18,22,25,0.5,0.5833,False,,-14.3,-4.5,-1.194,0.0,0.0053,1.3,-14.1887,24942382445618.406,189110.29719542284,24942382379429.8,13.396938,1.0,0.375,0.8411
g15_child_24,AAUGAUCAGGUU,AUGCGA,UAA,AUGGAGAGAGAGAGAG,AAUGAUCAGGUUAUGCGAUAAAUGGAGAGAGAGAGAG,AAUGAUCAGGUUAUGCGAUAA,.....................................,0.0,ViennaRNA; duplex=ViennaRNA cofold,12,18,21,24,1.0,1.0,False,,-14.1,-3.2,-1.194,0.0,1.152,0.0,-14.142,23123085546434.793,1049291.550777267,23123085179182.75,13.364046,1.0,0.2667,0.8399
g15_child_76,AAUGAUCAGGUU,GUGCGA,UAA,AUGGAGAGAGAGAGAG,AAUGAUCAGGUUGUGCGAUAAAUGGAGAGAGAGAGAG,AAUGAUCAGGUUGUGCGAUAA,.....................................,0.0,ViennaRNA; duplex=ViennaRNA cofold,12,18,21,24,1.0,1.0,False,,-14.1,-3.6,-1.194,0.0,1.152,0.0,-14.142,23123085546434.793,2008088.3515259507,23123084843603.87,13.364046,1.0,0.3,0.8399
g13_child_32,AAUGAUCAUGUU,UGCGA,UAA,AUGGAGAGAGAGAGAG,AAUGAUCAUGUUUGCGAUAAAUGGAGAGAGAGAGAG,AAUGAUCAUGUUUGCGAUAA,.....((.(.(((.(.......).))).))).....,-0.5,ViennaRNA; duplex=ViennaRNA cofold,12,17,20,23,0.6,0.5833,False,,-14.1,0.0,-1.194,0.0,0.672,0.5,-14.122,22384722588591.71,2590.859006372953,22384722587684.91,13.349952,1.0,0.0,0.8394
g8_child_49,CAUGAUCAGGGU,UGCGA,GGA,AUGGAGAGAGAGAGAG,CAUGAUCAGGGUUGCGAGGAAUGGAGAGAGAGAGAG,CAUGAUCAGGGUUGCGAGGA,(((..((........))...))).............,-1.1,ViennaRNA; duplex=ViennaRNA cofold,12,17,20,23,0.6,0.75,False,,-14.3,-5.9,-1.194,0.0,0.288,1.1,-14.106,21811012563726.15,2536659.421392826,21811011675895.35,13.338676,1.0,0.4917,0.839
g9_child_37,CAUGAUCAGGGU,UGCGA,GUA,AUGGAGAGAGAGAGAG,CAUGAUCAGGGUUGCGAGUAAUGGAGAGAGAGAGAG,CAUGAUCAGGGUUGCGAGUA,(((..((........))...))).............,-1.1,ViennaRNA; duplex=ViennaRNA cofold,12,17,20,23,0.6,0.75,False,,-14.3,-3.3,-1.194,0.0,0.288,1.1,-14.106,21811012563726.15,37324.86437624813,21811012550662.445,13.338676,1.0,0.275,0.839
g18_child_36,AAUGAUCAGGUU,UGGCGA,UAA,AUGGAGAGAGAGAGAG,AAUGAUCAGGUUUGGCGAUAAAUGGAGAGAGAGAGAG,AAUGAUCAGGUUUGGCGAUAA,.....((..(((((....))))).))...........,-0.4,ViennaRNA; duplex=ViennaRNA cofold,12,18,21,24,0.6667,0.4167,False,,-13.6,-3.5,-1.194,0.0,0.288,0.4,-14.106,21811019947092.18,409411.80617350276,21811019803798.047,13.338676,1.0,0.2917,0.839
g23_child_46,AACGAUCAGGUU,UUGCAA,UAA,AUGGAGAGAGAGAGAG,AACGAUCAGGUUUUGCAAUAAAUGGAGAGAGAGAGAG,AACGAUCAGGUUUUGCAAUAA,..(..((...((((.((.....)).))))...))..),-1.8,ViennaRNA; duplex=ViennaRNA cofold,12,18,21,24,0.3333,0.5,False,,-15.0,-3.2,-1.194,0.0,0.288,1.8,-14.106,21811008344660.97,25950.264004034172,21811008335578.375,13.338676,1.0,0.2667,0.839
g23_child_71,AACGAUCAGGUU,UUGCAA,UAU,AUGGAGAGAGAGAGAG,AACGAUCAGGUUUUGCAAUAUAUGGAGAGAGAGAGAG,AACGAUCAGGUUUUGCAAUAU,..(..((...((((.((.....)).))))...))..),-1.8,ViennaRNA; duplex=ViennaRNA cofold,12,18,21,24,0.3333,0.5,False,,-15.0,-3.2,-1.194,0.0,0.288,1.8,-14.106,21811008344660.97,166810.18718691767,21811008286277.402,13.338676,1.0,0.2667,0.839
g8_child_62,CAUGAUCACGGU,GCGA,UGCUA,AUGGAGAGAGAGAGAG,CAUGAUCACGGUGCGAUGCUAAUGGAGAGAGAGAGAG,CAUGAUCACGGUGCGAUGCUA,(((...((((...)).))...))).............,-0.3,ViennaRNA; duplex=ViennaRNA cofold,12,16,21,24,0.5,0.75,False,,-13.2,-3.0,-1.194,0.0,0.0053,0.3,-14.0887,21206383441758.34,466162.8995340091,21206383278601.324,13.326467,1.0,0.25,0.8386
g11_child_45,CAUGAUCAGGGG,UGCGAUA,GAA,AUGGAGAGAGAGAGAG,CAUGAUCAGGGGUGCGAUAGAAAUGGAGAGAGAGAGAG,CAUGAUCAGGGGUGCGAUAGAA,....(((........)))....................,-0.1,ViennaRNA; duplex=ViennaRNA cofold,12,19,22,25,0.5714,1.0,False,,-13.0,-6.5,-1.194,0.0,0.0053,0.1,-14.0887,21206370622675.688,34025852.07115401,21206358713627.46,13.326466,1.0,0.5417,0.8386
g21_child_16,AACAAUUAGGUU,UUGCGA,UAAA,AUGGAGAGAGAGAGAG,AACAAUUAGGUUUUGCGAUAAAAUGGAGAGAGAGAGAG,AACAAUUAGGUUUUGCGAUAAA,..........((((.(........).))))........,-0.2,ViennaRNA; duplex=ViennaRNA cofold,12,18,22,25,0.5,0.5833,False,,-13.1,-3.1,-1.194,0.0,0.0053,0.2,-14.0887,21206370622675.688,295949.03360153316,21206370519093.527,13.326466,1.0,0.2583,0.8386
g9_child_58,AAUGAUCAGGGU,UGCGA,GAG,AUGGAGAGAGAGAGAG,AAUGAUCAGGGUUGCGAGAGAUGGAGAGAGAGAGAG,AAUGAUCAGGGUUGCGAGAG,....................................,0.0,ViennaRNA; duplex=ViennaRNA cofold,12,17,20,23,1.0,1.0,False,,-14.6,-3.3,-1.194,0.0,1.728,0.0,-14.066,20440301851638.176,309203.4399874029,20440301743416.973,13.310487,1.0,0.275,0.838
g12_child_60,AAUGAUCAGGGU,UGCGAAUA,GAA,AUGGAGAGAGAGAGAG,AAUGAUCAGGGUUGCGAAUAGAAAUGGAGAGAGAGAGAG,AAUGAUCAGGGUUGCGAAUAGAA,.......................................,0.0,ViennaRNA; duplex=ViennaRNA cofold,12,20,23,26,1.0,1.0,False,,-14.6,-3.3,-1.194,0.0,1.728,0.0,-14.066,20440301851638.176,566374.5156316017,20440301653407.094,13.310487,1.0,0.275,0.838
g17_child_23,AAUGAUCAGGUU,UUGCG,UAA,AUGGAGAGAGAGAGAG,AAUGAUCAGGUUUUGCGUAAAUGGAGAGAGAGAGAG,AAUGAUCAGGUUUUGCGUAA,.....((...((((.(......).))))...))...,-0.8,ViennaRNA; duplex=ViennaRNA cofold,12,17,20,23,0.4,0.5833,False,,-14.8,-3.2,-1.194,0.0,1.152,0.8,-14.042,19659567421171.773,534236.9912240931,19659567234188.83,13.293574,1.0,0.2667,0.8374
g7_child_56,CAUGAUCAGGGU,UGCGA,GAA,AUGGAGAGAGAGAGAG,CAUGAUCAGGGUUGCGAGAAAUGGAGAGAGAGAGAG,CAUGAUCAGGGUUGCGAGAA,(((..((..(....)..)).))).............,-1.2,ViennaRNA; duplex=ViennaRNA cofold,12,17,20,23,0.8,0.5833,False,,-14.3,-3.3,-1.194,0.0,0.288,1.2,-14.006,18544030189095.387,31734.125583337463,18544030177988.44,13.268204,1.0,0.275,0.8365
g12_child_52,ACUGAUCAGGGU,UGCGA,GUA,AUGGAGAGAGAGAGAG,ACUGAUCAGGGUUGCGAGUAAUGGAGAGAGAGAGAG,ACUGAUCAGGGUUGCGAGUA,....................................,0.0,ViennaRNA; duplex=ViennaRNA cofold,12,17,20,23,1.0,1.0,False,,-13.1,-3.3,-1.194,0.0,0.288,0.0,-14.006,18544037363314.79,222426.63693548995,18544037285465.465,13.268204,1.0,0.275,0.8365
g16_child_77,AACGAUCAGGGU,UGGGA,UAA,AUGGAGAGAGAGAGAG,AACGAUCAGGGUUGGGAUAAAUGGAGAGAGAGAGAG,AACGAUCAGGGUUGGGAUAA,..(..((...(((......)))...))..)......,-0.4,ViennaRNA; duplex=ViennaRNA cofold,12,17,20,23,0.8,0.5833,False,,-13.5,-5.4,-1.194,0.0,0.288,0.4,-14.006,18544031085872.656,19470913.786386613,18544024271052.832,13.268204,1.0,0.45,0.8365
g24_child_30,AACGAUCAGGUU,UUGGA,UAA,AUGGAGAGAGAGAGAG,AACGAUCAGGUUUUGGAUAAAUGGAGAGAGAGAGAG,AACGAUCAGGUUUUGGAUAA,..(..((..((((.....)))).))..)........,-0.2,ViennaRNA; duplex=ViennaRNA cofold,12,17,20,23,0.8,0.4167,False,,-13.3,-3.2,-1.194,0.0,0.288,0.2,-14.006,18544031534261.344,1414373.383640186,18544031039230.66,13.268204,1.0,0.2667,0.8365
g24_child_53,AACGAUCAGGUU,UUGAGA,UAC,AUGGAGAGAGAGAGAG,AACGAUCAGGUUUUGAGAUACAUGGAGAGAGAGAGAG,AACGAUCAGGUUUUGAGAUAC,..(..((...((((.(......).))))..))..)..,-0.8,ViennaRNA; duplex=ViennaRNA cofold,12,18,21,24,0.5,0.5833,False,,-13.9,-3.2,-1.194,0.0,0.288,0.8,-14.006,18544042743981.094,286498.7183995547,18544042643706.543,13.268204,1.0,0.2667,0.8365
g6_child_59,CAUGAUCACGGU,GCGA,UAGGGA,AUGGAGAGAGAGAGAG,CAUGAUCACGGUGCGAUAGGGAAUGGAGAGAGAGAGAG,CAUGAUCACGGUGCGAUAGGGA,.....((.(.((.(......).)).).)).........,-0.4,ViennaRNA; duplex=ViennaRNA cofold,12,16,22,25,0.75,0.5,False,,-13.2,-5.0,-1.194,0.0,0.0,0.4,-13.994,18186450966935.62,2549037.6934343055,18186450074772.43,13.259748,1.0,0.4167,0.8362
g21_child_37,AACGAUCAGGUU,UCGCGA,UAAA,AUGGAGAGAGAGAGAG,AACGAUCAGGUUUCGCGAUAAAAUGGAGAGAGAGAGAG,AACGAUCAGGUUUCGCGAUAAA,..(..((...((((.(.((...)).).))))..))..),-1.5,ViennaRNA; duplex=ViennaRNA cofold,12,18,22,25,0.3333,0.4167,False,,-14.3,-2.1,-1.194,0.0,0.0053,1.5,-13.9887,18029932857812.152,7085.463191524246,18029932855332.24,13.255994,1.0,0.175,0.8361
g14_child_25,AAUGAUCAGGGU,UGCGAUA,GUAC,AUGGAGAGAGAGAGAG,AAUGAUCAGGGUUGCGAUAGUACAUGGAGAGAGAGAGAG,AAUGAUCAGGGUUGCGAUAGUAC,.....((...((.((....))))...))...........,-0.9,ViennaRNA; duplex=ViennaRNA cofold,12,19,23,26,0.7143,0.5833,False,,-15.2,-3.3,-1.194,0.0,1.525,0.9,-13.969,17463439446013.568,131479.67269285562,17463439399995.684,13.24213,1.0,0.275,0.8356
g24_child_31,AACGAUCAGGUU,GUGCGA,UAA,AUGGAGAGAGAGAGAG,AACGAUCAGGUUGUGCGAUAAAUGGAGAGAGAGAGAG,AACGAUCAGGUUGUGCGAUAA,.(((((...))))).......................,-1.0,ViennaRNA; duplex=ViennaRNA cofold,12,18,21,24,0.6667,1.0,False,,-14.9,-2.6,-1.194,0.0,1.152,1.0,-13.942,16714826666262.379,78225.63681767158,16714826638883.406,13.223102,1.0,0.2167,0.8349
g11_child_77,AAUGAUCAGGGU,UGCGA,GGAC,AUGGAGAGAGAGAGAG,AAUGAUCAGGGUUGCGAGGACAUGGAGAGAGAGAGAG,AAUGAUCAGGGUUGCGAGGAC,.....((...(((.....)))...))...........,-1.2,ViennaRNA; duplex=ViennaRNA cofold,12,17,21,24,0.8,0.5833,False,,-14.6,-5.9,-1.194,0.0,0.672,1.2,-13.922,16181100089199.443,22314272.391233493,16181092279204.105,13.209008,1.0,0.4917,0.8344
g10_child_63,AAUGAUCAAGGU,UGCGA,GGA,AUGGAGAGAGAGAGAG,AAUGAUCAAGGUUGCGAGGAAUGGAGAGAGAGAGAG,AAUGAUCAAGGUUGCGAGGA,....................................,0.0,ViennaRNA; duplex=ViennaRNA cofold,12,17,20,23,1.0,1.0,False,,-13.0,-5.9,-1.194,0.0,0.288,0.0,-13.906,15766392694053.035,15116481.562091803,15766387403284.488,13.197732,1.0,0.4917,0.834
g17_child_57,AAUGAUCAGGUU,UUGGGA,GUA,AUGGAGAGAGAGAGAG,AAUGAUCAGGUUUUGGGAGUAAUGGAGAGAGAGAGAG,AAUGAUCAGGUUUUGGGAGUA,.((..(((.....)))..)).................,-0.1,ViennaRNA; duplex=ViennaRNA cofold,12,18,21,24,0.5,0.8333,False,,-13.1,-6.7,-1.194,0.0,0.288,0.1,-13.906,15766412136603.875,261176189.1783131,15766320724937.662,13.19773,1.0,0.5583,0.834
g9_child_53,UAUGAUCACGGU,GCGA,UAGGGA,AUGGAGAGAGAGAGAG,UAUGAUCACGGUGCGAUAGGGAAUGGAGAGAGAGAGAG,UAUGAUCACGGUGCGAUAGGGA,.....((.(.((.(......).)).).)).........,-0.4,ViennaRNA; duplex=ViennaRNA cofold,12,16,22,25,0.75,0.5,False,,-13.1,-5.0,-1.194,0.0,0.0,0.4,-13.894,15462367878048.38,2549037.6934343055,15462366985885.188,13.189276,1.0,0.4167,0.8337
g13_child_61,AAUGAUCAAUGU,UGCGA,UAA,AUGGAGAGAGAGAGAG,AAUGAUCAAUGUUGCGAUAAAUGGAGAGAGAGAGAG,AAUGAUCAAUGUUGCGAUAA,....(((........)))..................,-0.1,ViennaRNA; duplex=ViennaRNA cofold,12,17,20,23,0.6,0.9167,False,,-13.9,0.0,-1.194,0.0,1.152,0.1,-13.842,14211190413880.95,4958.273972929638,14211190412145.553,13.15263,1.0,0.0,0.8324
g15_child_41,GACGAUCAUGGU,UGCGA,GAA,AUGGAGAGAGAGAGAG,GACGAUCAUGGUUGCGAGAAAUGGAGAGAGAGAGAG,GACGAUCAUGGUUGCGAGAA,..(..((.(.(((......))).).))..)......,-2.2,ViennaRNA; duplex=ViennaRNA cofold,12,17,20,23,0.8,0.5,False,,-15.1,-3.0,-1.194,0.0,0.288,2.2,-13.806,13404825254052.045,4527.580788601571,13404825252467.393,13.127261,1.0,0.25,0.8315
g18_child_45,AAUAAUCAGGUU,UUGCGA,UAA,AUGGAGAGAGAGAGAG,AAUAAUCAGGUUUUGCGAUAAAUGGAGAGAGAGAGAG,AAUAAUCAGGUUUUGCGAUAA,.....((...((((.(.......).))))...))...,-0.2,ViennaRNA; duplex=ViennaRNA cofold,12,18,21,24,0.5,0.5833,False,,-13.1,-3.2,-1.194,0.0,0.288,0.2,-13.806,13404817961256.861,758495.1405609077,13404817695783.562,13.127261,1.0,0.2667,0.8315
g22_child_44,AACGAUCAGGUU,UUACGA,UAU,AUGGAGAGAGAGAGAG,AACGAUCAGGUUUUACGAUAUAUGGAGAGAGAGAGAG,AACGAUCAGGUUUUACGAUAU,.....................................,0.0,ViennaRNA; duplex=ViennaRNA cofold,12,18,21,24,1.0,1.0,False,,-12.9,-3.2,-1.194,0.0,0.288,0.0,-13.806,13404822174871.371,3122237.2602652437,13404821082088.33,13.127261,1.0,0.2667,0.8315
g10_child_45,AAUGAUCAGUGU,UGCGA,GAU,AUGGAGAGAGAGAGAG,AAUGAUCAGUGUUGCGAGAUAUGGAGAGAGAGAGAG,AAUGAUCAGUGUUGCGAGAU,.....((.(((((....))))).))...........,-1.9,ViennaRNA; duplex=ViennaRNA cofold,12,17,20,23,0.8,0.4167,False,,-14.5,-3.0,-1.194,0.0,0.0,1.9,-13.794,13146316034544.838,103409.51240675036,13146315998351.508,13.118804,1.0,0.25,0.8312
g11_child_28,CAUGAUCAGGGU,UGCGAA,GAAG,AUGGAGAGAGAGAGAG,CAUGAUCAGGGUUGCGAAGAAGAUGGAGAGAGAGAGAG,CAUGAUCAGGGUUGCGAAGAAG,(((..((...........))..))).............,-0.6,ViennaRNA; duplex=ViennaRNA cofold,12,18,22,25,1.0,0.6667,False,,-14.3,-3.3,-1.194,0.0,1.152,0.6,-13.742,12082558117180.426,1375163.5844252456,12082557635873.172,13.082159,1.0,0.275,0.8299
g15_child_32,AACGAUCAGGGU,UGCGUA,GAAA,AUGGAGAGAGAGAGAG,AACGAUCAGGGUUGCGUAGAAAAUGGAGAGAGAGAGAG,AACGAUCAGGGUUGCGUAGAAA,..(..((....((.(((.....))).))...))..)..,-0.7,ViennaRNA; duplex=ViennaRNA cofold,12,18,22,25,0.3333,0.5833,False,,-14.4,-3.3,-1.194,0.0,1.152,0.7,-13.742,12082566297448.441,99298.46316112716,12082566262693.979,13.082159,1.0,0.275,0.8299
g9_child_39,CAUGAUCACGGU,GCGA,UAAGGA,AUGGAGAGAGAGAGAG,CAUGAUCACGGUGCGAUAAGGAAUGGAGAGAGAGAGAG,CAUGAUCACGGUGCGAUAAGGA,.....((.(.((.(......).)).).)).........,-0.4,ViennaRNA; duplex=ViennaRNA cofold,12,16,22,25,0.75,0.5,False,,-13.2,-5.3,-1.194,0.0,0.288,0.4,-13.706,11396972539077.502,4147548.2631870536,11396971087435.61,13.056789,1.0,0.4417,0.829
g9_child_74,CAAGAUCAGGGU,UGCGA,GGA,AUGGAGAGAGAGAGAG,CAAGAUCAGGGUUGCGAGGAAUGGAGAGAGAGAGAG,CAAGAUCAGGGUUGCGAGGA,....................................,0.0,ViennaRNA; duplex=ViennaRNA cofold,12,17,20,23,1.0,1.0,False,,-12.8,-5.9,-1.194,0.0,0.288,0.0,-13.706,11396962067228.795,15116481.562091803,11396956776460.248,13.056789,1.0,0.4917,0.829
g13_child_77,AUUGAUCAGUGU,UGCGA,UAA,AUGGAGAGAGAGAGAG,AUUGAUCAGUGUUGCGAUAAAUGGAGAGAGAGAGAG,AUUGAUCAGUGUUGCGAUAA,.((..((..((((......))))..))..)).....,-0.9,ViennaRNA; duplex=ViennaRNA cofold,12,17,20,23,0.8,0.5,False,,-13.7,0.0,-1.194,0.0,0.288,0.9,-13.706,11396962480591.05,1353.8079321580153,11396962480117.219,13.056789,1.0,0.0,0.829
g6_child_18,AAUGAUCAGGGU,GCGA,GAA,AUGGAGAGAGAGAGAG,AAUGAUCAGGGUGCGAGAAAUGGAGAGAGAGAGAG,AAUGAUCAGGGUGCGAGAA,...................................,0.0,ViennaRNA; duplex=ViennaRNA cofold,12,16,19,22,1.0,1.0,False,,-12.5,-3.9,-1.194,0.0,0.0,0.0,-13.694,11177183118285.283,1499456.6598082536,11177182593475.453,13.048332,1.0,0.325,0.8287
g9_child_27,AAUGAUCAAGGU,GCGA,GAA,AUGGAGAGAGAGAGAG,AAUGAUCAAGGUGCGAGAAAUGGAGAGAGAGAGAG,AAUGAUCAAGGUGCGAGAA,...................................,0.0,ViennaRNA; duplex=ViennaRNA cofold,12,16,19,22,1.0,1.0,False,,-12.5,-3.9,-1.194,0.0,0.0,0.0,-13.694,11177183118285.283,1499456.6598082536,11177182593475.453,13.048332,1.0,0.325,0.8287
g9_child_38,AAUGAUCAGGGU,GCGA,GAU,AUGGAGAGAGAGAGAG,AAUGAUCAGGGUGCGAGAUAUGGAGAGAGAGAGAG,AAUGAUCAGGGUGCGAGAU,...................................,0.0,ViennaRNA; duplex=ViennaRNA cofold,12,16,19,22,1.0,1.0,False,,-12.5,-3.9,-1.194,0.0,0.0,0.0,-13.694,11177183118285.283,9722271.26151189,11177179715490.342,13.048332,1.0,0.325,0.8287
g9_child_25,CAUGAUCACAGU,GCGA,UAGAGGA,AUGGAGAGAGAGAGAG,CAUGAUCACAGUGCGAUAGAGGAAUGGAGAGAGAGAGAG,CAUGAUCACAGUGCGAUAGAGGA,.....((.((.(.(......).).))))...........,-0.7,ViennaRNA; duplex=ViennaRNA cofold,12,16,23,26,0.75,0.5,False,,-13.2,-5.8,-1.194,0.0,0.0053,0.7,-13.6887,11081023724262.078,10509794.368001383,11081020045834.049,13.04458,1.0,0.4833,0.8285
g12_child_70,AAUGAUCAGGGU,UGCGUUA,GAA,AUGGAGAGAGAGAGAG,AAUGAUCAGGGUUGCGUUAGAAAUGGAGAGAGAGAGAG,AAUGAUCAGGGUUGCGUUAGAA,...........((.((((...)))).))..........,-0.1,ViennaRNA; duplex=ViennaRNA cofold,12,19,22,25,0.2857,0.5,False,,-12.6,-3.3,-1.194,0.0,0.0053,0.1,-13.6887,11081016623972.201,262889.13075037656,11081016531961.006,13.04458,1.0,0.275,0.8285
g23_child_26,AACGAUCAGGUU,UUGCGU,UAA,AUGGAGAGAGAGAGAG,AACGAUCAGGUUUUGCGUUAAAUGGAGAGAGAGAGAG,AACGAUCAGGUUUUGCGUUAA,..(..((...((((.(((...))).))))...))..),-2.0,ViennaRNA; duplex=ViennaRNA cofold,12,18,21,24,0.1667,0.4167,False,,-16.2,-2.8,-1.194,0.0,1.728,2.0,-13.666,10680720709298.531,21358.744475441366,10680720701822.97,13.028601,1.0,0.2333,0.8279
g18_child_63,AAUGAUCAGGUU,AUUGCGA,UAA,AUGGAGAGAGAGAGAG,AAUGAUCAGGUUAUUGCGAUAAAUGGAGAGAGAGAGAG,AAUGAUCAGGUUAUUGCGAUAA,.....((...(((((......)))))...)).......,-0.4,ViennaRNA; duplex=ViennaRNA cofold,12,19,22,25,0.5714,0.4167,False,,-14.0,-3.2,-1.194,0.0,1.152,0.4,-13.642,10272758665148.67,548288.8695981054,10272758473247.566,13.011687,1.0,0.2667,0.8273
g13_child_30,AACGAUAAGGGU,UGCGA,GUAC,AUGGAGAGAGAGAGAG,AACGAUAAGGGUUGCGAGUACAUGGAGAGAGAGAGAG,AACGAUAAGGGUUGCGAGUAC,..((((....)))).......................,-0.2,ViennaRNA; duplex=ViennaRNA cofold,12,17,21,24,0.6,1.0,False,,-13.3,-4.9,-1.194,0.0,0.672,0.2,-13.622,9944724318579.482,5491705.7921712855,9944722396482.455,12.997593,1.0,0.4083,0.8268
g14_child_77,AACGAUCAUGGU,UGCGA,GAAA,AUGGAGAGAGAGAGAG,AACGAUCAUGGUUGCGAGAAAAUGGAGAGAGAGAGAG,AACGAUCAUGGUUGCGAGAAA,..(..((.(.(((.......))).).))..)......,-1.6,ViennaRNA; duplex=ViennaRNA cofold,12,17,21,24,0.8,0.5,False,,-14.7,-2.9,-1.194,0.0,0.672,1.6,-13.622,9944727083872.2,89648.98409456735,9944727052495.055,12.997593,1.0,0.2417,0.8268
g19_child_23,AAUGAUCAGGUU,UAGCGA,UAA,AUGGAGAGAGAGAGAG,AAUGAUCAGGUUUAGCGAUAAAUGGAGAGAGAGAGAG,AAUGAUCAGGUUUAGCGAUAA,.....((..(((((....))))).))...........,-0.9,ViennaRNA; duplex=ViennaRNA cofold,12,18,21,24,0.6667,0.4167,False,,-13.6,-3.2,-1.194,0.0,0.288,0.9,-13.606,9689861476420.398,243585.27058140122,9689861391165.555,12.986318,1.0,0.2667,0.8264
g15_child_69,AACGAUCACGGU,UGCGA,GUA,AUGGAGAGAGAGAGAG,AACGAUCACGGUUGCGAGUAAUGGAGAGAGAGAGAG,AACGAUCACGGUUGCGAGUA,..(..((.(.((((....)))).).))..)......,-2.0,ViennaRNA; duplex=ViennaRNA cofold,12,17,20,23,0.6,0.4167,False,,-14.7,-2.4,-1.194,0.0,0.288,2.0,-13.606,9689858079104.33,2011.4440141955777,9689858078400.324,12.986317,1.0,0.2,0.8264
g10_child_22,AAUGAUCAGGGU,UGCGC,GAA,AUGGAGAGAGAGAGAG,AAUGAUCAGGGUUGCGCGAAAUGGAGAGAGAGAGAG,AAUGAUCAGGGUUGCGCGAA,....................................,0.0,ViennaRNA; duplex=ViennaRNA cofold,12,17,20,23,1.0,1.0,False,,-12.4,-3.3,-1.194,0.0,0.0,0.0,-13.594,9503007759860.16,222426.63693548995,9503007682010.838,12.977861,1.0,0.275,0.8261
g12_child_19,AAUGAUCAGGGU,UGCGC,GGA,AUGGAGAGAGAGAGAG,AAUGAUCAGGGUUGCGCGGAAUGGAGAGAGAGAGAG,AAUGAUCAGGGUUGCGCGGA,....................................,0.0,ViennaRNA; duplex=ViennaRNA cofold,12,17,20,23,1.0,1.0,False,,-12.4,-3.3,-1.194,0.0,0.0,0.0,-13.594,9503007759860.16,222426.63693548995,9503007682010.838,12.977861,1.0,0.275,0.8261
g16_child_69,AAUGAUCGGGUU,UUGCGA,UAAA,AUGGAGAGAGAGAGAG,AAUGAUCGGGUUUUGCGAUAAAAUGGAGAGAGAGAGAG,AAUGAUCGGGUUUUGCGAUAAA,....((((.......))))...................,-2.7,ViennaRNA; duplex=ViennaRNA cofold,12,18,22,25,0.5,1.0,False,,-15.1,-0.5,-1.194,0.0,0.0053,2.7,-13.5887,9421247053090.346,75.36349008406064,9421247053063.969,12.974108,1.0,0.0417,0.826
g10_child_65,AAUGAUCAGGGU,UGCGA,CAG,AUGGAGAGAGAGAGAG,AAUGAUCAGGGUUGCGACAGAUGGAGAGAGAGAGAG,AAUGAUCAGGGUUGCGACAG,....(((.(........).)))..............,-0.3,ViennaRNA; duplex=ViennaRNA cofold,12,17,20,23,1.0,0.6667,False,,-14.4,-3.3,-1.194,0.0,1.728,0.3,-13.566,9080902307650.33,758495.0121797565,9080902042177.076,12.958129,1.0,0.275,0.8254
g18_child_21,AACGAUCAGGUU,UUUGCGA,UAAA,AUGGAGAGAGAGAGAG,AACGAUCAGGUUUUUGCGAUAAAAUGGAGAGAGAGAGAG,AACGAUCAGGUUUUUGCGAUAAA,..(..((...(((((.(........).)))))..))..),-1.7,ViennaRNA; duplex=ViennaRNA cofold,12,19,23,26,0.4286,0.5,False,,-15.8,-3.2,-1.194,0.0,1.728,1.7,-13.566,9080910212291.38,30522.028866787303,9080910201608.67,12.958129,1.0,0.2667,0.8254
g18_child_40,AAUGAUCAGGUU,AUGCGA,UAAA,AUGGAGAGAGAGAGAG,AAUGAUCAGGUUAUGCGAUAAAAUGGAGAGAGAGAGAG,AAUGAUCAGGUUAUGCGAUAAA,......................................,0.0,ViennaRNA; duplex=ViennaRNA cofold,12,18,22,25,1.0,1.0,False,,-14.1,-3.2,-1.194,0.0,1.728,0.0,-13.566,9080899672771.53,481539.6863014658,9080899504232.639,12.958129,1.0,0.2667,0.8254
g9_child_19,AAUGAUCAGGGU,GCGA,UAA,AUGGAGAGAGAGAGAG,AAUGAUCAGGGUGCGAUAAAUGGAGAGAGAGAGAG,AAUGAUCAGGGUGCGAUAA,...................................,0.0,ViennaRNA; duplex=ViennaRNA cofold,12,16,19,22,1.0,1.0,False,,-13.5,-3.9,-1.194,0.0,1.152,0.0,-13.542,8734044578058.796,3267367.6721808207,8734043434480.11,12.941215,1.0,0.325,0.8248
g10_child_77,AAUGAUCAGGGU,UGCG,GGA,AUGGAGAGAGAGAGAG,AAUGAUCAGGGUUGCGGGAAUGGAGAGAGAGAGAG,AAUGAUCAGGGUUGCGGGA,...................................,0.0,ViennaRNA; duplex=ViennaRNA cofold,12,16,19,22,1.0,1.0,False,,-13.5,-4.6,-1.194,0.0,1.152,0.0,-13.542,8734044578058.796,30273971.525790222,8734033982168.762,12.941215,1.0,0.3833,0.8248
g18_child_16,AAUGAUCAGGUU,UGUGCGA,UAA,AUGGAGAGAGAGAGAG,AAUGAUCAGGUUUGUGCGAUAAAUGGAGAGAGAGAGAG,AAUGAUCAGGUUUGUGCGAUAA,.....((..((((((...)))))).))...........,-0.5,ViennaRNA; duplex=ViennaRNA cofold,12,19,22,25,0.4286,0.4167,False,,-14.0,-3.2,-1.194,0.0,1.152,0.5,-13.542,8734044578058.796,466162.94462068117,8734044414901.766,12.941215,1.0,0.2667,0.8248
g20_child_78,AAUGAUCAGGUU,UAUGCGA,UAA,AUGGAGAGAGAGAGAG,AAUGAUCAGGUUUAUGCGAUAAAUGGAGAGAGAGAGAG,AAUGAUCAGGUUUAUGCGAUAA,.....((..((((((...)))))).))...........,-0.5,ViennaRNA; duplex=ViennaRNA cofold,12,19,22,25,0.4286,0.4167,False,,-14.0,-3.2,-1.194,0.0,1.152,0.5,-13.542,8734044578058.796,466162.94462068117,8734044414901.766,12.941215,1.0,0.2667,0.8248
g22_child_35,AACGAUCAGGUU,UUGCAA,UACAA,AUGGAGAGAGAGAGAG,AACGAUCAGGUUUUGCAAUACAAAUGGAGAGAGAGAGAG,AACGAUCAGGUUUUGCAAUACAA,..(..((...((((.((.......)).))))...))..),-1.5,ViennaRNA; duplex=ViennaRNA cofold,12,18,23,26,0.3333,0.5,False,,-15.0,-3.2,-1.194,0.0,1.152,1.5,-13.542,8734044578058.796,16582.113939656687,8734044572255.056,12.941215,1.0,0.2667,0.8248
g22_child_46,AACGAUCAGGCU,UUGCGA,UACAA,AUGGAGAGAGAGAGAG,AACGAUCAGGCUUUGCGAUACAAAUGGAGAGAGAGAGAG,AACGAUCAGGCUUUGCGAUACAA,..(..((...((((.((.......)).))))...))..),-2.5,ViennaRNA; duplex=ViennaRNA cofold,12,18,23,26,0.3333,0.5,False,,-16.0,-2.5,-1.194,0.0,1.152,2.5,-13.542,8734044578058.796,1051.0447523565138,8734044577690.931,12.941215,1.0,0.2083,0.8248
g8_child_43,CAUGAUCACGGU,GCGA,UGUUAA,AUGGAGAGAGAGAGAG,CAUGAUCACGGUGCGAUGUUAAAUGGAGAGAGAGAGAG,CAUGAUCACGGUGCGAUGUUAA,(((....(((......)))...))).............,-0.6,ViennaRNA; duplex=ViennaRNA cofold,12,16,22,25,1.0,0.75,False,,-13.2,-3.0,-1.194,0.0,0.288,0.6,-13.506,8238461533946.909,131479.65361804247,8238461487929.03,12.915846,1.0,0.25,0.8239
g12_child_34,AAUGAUCAGGGU,UGCGA,GAUA,AUGGAGAGAGAGAGAG,AAUGAUCAGGGUUGCGAGAUAAUGGAGAGAGAGAGAG,AAUGAUCAGGGUUGCGAGAUA,....(((..(....)..))).................,-1.0,ViennaRNA; duplex=ViennaRNA cofold,12,17,21,24,0.8,0.8333,False,,-13.6,-2.3,-1.194,0.0,0.288,1.0,-13.506,8238456753068.558,89648.98084304249,8238456721691.414,12.915846,1.0,0.1917,0.8239
g16_child_31,AAUGAUCAGGUU,UAGCGA,GUA,AUGGAGAGAGAGAGAG,AAUGAUCAGGUUUAGCGAGUAAUGGAGAGAGAGAGAG,AAUGAUCAGGUUUAGCGAGUA,.....................................,0.0,ViennaRNA; duplex=ViennaRNA cofold,12,18,21,24,1.0,1.0,False,,-12.6,-3.2,-1.194,0.0,0.288,0.0,-13.506,8238456753068.558,189110.29719542284,8238456686879.953,12.915846,1.0,0.2667,0.8239
g9_child_61,CAUGAUCAGGGU,UGCGAGA,GAA,AUGGAGAGAGAGAGAG,CAUGAUCAGGGUUGCGAGAGAAAUGGAGAGAGAGAGAG,CAUGAUCAGGGUUGCGAGAGAA,(((..((..(....)..))...))).............,-2.0,ViennaRNA; duplex=ViennaRNA cofold,12,19,22,25,0.5714,0.75,False,,-14.3,-3.3,-1.194,0.0,0.0,2.0,-13.494,8079586401879.769,22063.275815984307,8079586394157.622,12.907389,1.0,0.275,0.8236
g19_child_49,AAUGAUCAGGUU,UUGCGU,UAAUA,AUGGAGAGAGAGAGAG,AAUGAUCAGGUUUUGCGUUAAUAAUGGAGAGAGAGAGAG,AAUGAUCAGGUUUUGCGUUAAUA,.....((...((((.((((...)))).))))...))...,-2.5,ViennaRNA; duplex=ViennaRNA cofold,12,18,23,26,0.1667,0.3333,False,,-14.8,-3.2,-1.194,0.0,0.0,2.5,-13.494,8079586401879.769,3272.8269310098894,8079586400734.279,12.907389,1.0,0.2667,0.8236
g5_child_48,CAUGAUCACGGU,GCGA,UGUUA,AUGGAGAGAGAGAGAG,CAUGAUCACGGUGCGAUGUUAAUGGAGAGAGAGAGAG,CAUGAUCACGGUGCGAUGUUA,(((...((((...)).))...))).............,-0.9,ViennaRNA; duplex=ViennaRNA cofold,12,16,21,24,0.5,0.75,False,,-13.2,-3.0,-1.194,0.0,0.0053,0.9,-13.4887,8010073886799.8955,176079.02256447563,8010073825172.237,12.903637,1.0,0.25,0.8235
g17_child_46,AACGAUCAGGGU,UGCG,UUA,AUGGAGAGAGAGAGAG,AACGAUCAGGGUUGCGUUAAUGGAGAGAGAGAGAG,AACGAUCAGGGUUGCGUUA,((((..........)))).................,-0.5,ViennaRNA; duplex=ViennaRNA cofold,12,16,19,22,0.5,0.8333,False,,-13.9,-2.8,-1.194,0.0,1.152,0.5,-13.442,7425814941196.959,454215.7731679145,7425814782221.438,12.870744,1.0,0.2333,0.8223
g22_child_70,AACGAUCAGGUU,UUGACGA,UACAA,AUGGAGAGAGAGAGAG,AACGAUCAGGUUUUGACGAUACAAAUGGAGAGAGAGAGAG,AACGAUCAGGUUUUGACGAUACAA,..((.(((.....)))))......................,-1.2,ViennaRNA; duplex=ViennaRNA cofold,12,19,24,27,0.2857,1.0,False,,-14.6,-2.0,-1.194,0.0,1.152,1.2,-13.442,7425820686920.532,21358.74137675658,7425820679444.973,12.870744,1.0,0.1667,0.8223
g9_child_21,AAUGAUCAGGGU,GCGA,GAAA,AUGGAGAGAGAGAGAG,AAUGAUCAGGGUGCGAGAAAAUGGAGAGAGAGAGAG,AAUGAUCAGGGUGCGAGAAA,....................................,0.0,ViennaRNA; duplex=ViennaRNA cofold,12,16,20,23,1.0,1.0,False,,-12.5,-3.9,-1.194,0.0,0.288,0.0,-13.406,7004447942863.385,6092692.784665051,7004445810420.91,12.845374,1.0,0.325,0.8214
g6_child_38,CAUGAUCAGGGU,GCGA,GUAAA,AUGGAGAGAGAGAGAG,CAUGAUCAGGGUGCGAGUAAAAUGGAGAGAGAGAGAG,CAUGAUCAGGGUGCGAGUAAA,.....................................,0.0,ViennaRNA; duplex=ViennaRNA cofold,12,16,21,24,1.0,1.0,False,,-12.2,-3.9,-1.194,0.0,0.0,0.0,-13.394,6869384840614.753,588866.7178108172,6869384634511.401,12.836918,1.0,0.325,0.8211
g8_child_17,CAUGAUCAGGGU,GCGA,GUUAAA,AUGGAGAGAGAGAGAG,CAUGAUCAGGGUGCGAGUUAAAAUGGAGAGAGAGAGAG,CAUGAUCAGGGUGCGAGUUAAA,......................................,0.0,ViennaRNA; duplex=ViennaRNA cofold,12,16,22,25,1.0,1.0,False,,-12.2,-3.9,-1.194,0.0,0.0,0.0,-13.394,6869384840614.753,1499456.6598082536,6869384315804.922,12.836918,1.0,0.325,0.8211
g8_child_44,CAUGAUCAGGGU,GCGA,GUAAG,AUGGAGAGAGAGAGAG,CAUGAUCAGGGUGCGAGUAAGAUGGAGAGAGAGAGAG,CAUGAUCAGGGUGCGAGUAAG,.....................................,0.0,ViennaRNA; duplex=ViennaRNA cofold,12,16,21,24,1.0,1.0,False,,-12.2,-3.9,-1.194,0.0,0.0,0.0,-13.394,6869384840614.753,6092692.784665051,6869382708172.278,12.836918,1.0,0.325,0.8211
g17_child_17,AACGAUCAGGGU,UGCGA,UUAU,AUGGAGAGAGAGAGAG,AACGAUCAGGGUUGCGAUUAUAUGGAGAGAGAGAGAG,AACGAUCAGGGUUGCGAUUAU,...((((........))))..................,-1.1,ViennaRNA; duplex=ViennaRNA cofold,12,17,21,24,0.6,0.9167,False,,-15.7,-2.2,-1.194,0.0,2.4,1.1,-13.394,6869388561244.39,15948.747766957878,6869388555662.328,12.836918,1.0,0.1833,0.8211
g9_child_64,AAUGAUCAGGGU,GCGA,GAC,AUGGAGAGAGAGAGAG,AAUGAUCAGGGUGCGAGACAUGGAGAGAGAGAGAG,AAUGAUCAGGGUGCGAGAC,.....((...((.....))...))...........,-0.3,ViennaRNA; duplex=ViennaRNA cofold,12,16,19,22,1.0,0.6667,False,,-12.5,-3.9,-1.194,0.0,0.0,0.3,-13.394,6869376203446.523,5975203.066864287,6869374112125.45,12.836917,1.0,0.325,0.8211
g6_child_54,CAUGAUCACGGU,GCGAA,UGUUA,AUGGAGAGAGAGAGAG,CAUGAUCACGGUGCGAAUGUUAAUGGAGAGAGAGAGAG,CAUGAUCACGGUGCGAAUGUUA,......................................,0.0,ViennaRNA; duplex=ViennaRNA cofold,12,17,22,25,1.0,1.0,False,,-12.2,-3.0,-1.194,0.0,0.0053,0.0,-13.3887,6810277676917.065,2256952.9088918054,6810276886983.547,12.833165,1.0,0.25,0.821
g21_child_53,AACGAUUAGGUU,UUGCGC,UAAA,AUGGAGAGAGAGAGAG,AACGAUUAGGUUUUGCGCUAAAAUGGAGAGAGAGAGAG,AACGAUUAGGUUUUGCGCUAAA,.....((((........)))).................,-1.3,ViennaRNA; duplex=ViennaRNA cofold,12,18,22,25,0.8333,0.8333,False,,-13.5,-1.8,-1.194,0.0,0.0053,1.3,-13.3887,6810272407469.467,6024.160636442407,6810272405361.011,12.833164,1.0,0.15,0.821
g14_child_70,AACGAUCAGGGU,GUGCGA,UAA,AUGGAGAGAGAGAGAG,AACGAUCAGGGUGUGCGAUAAAUGGAGAGAGAGAGAG,AACGAUCAGGGUGUGCGAUAA,..((..((...))..))....................,-0.6,ViennaRNA; duplex=ViennaRNA cofold,12,18,21,24,0.5,1.0,False,,-13.9,-3.5,-1.194,0.0,1.152,0.6,-13.342,6313526383054.515,644883.0838385742,6313526157345.436,12.800272,1.0,0.2917,0.8198
g23_child_47,AACGAUCAGGUU,UUGCA,UAU,AUGGAGAGAGAGAGAG,AACGAUCAGGUUUUGCAUAUAUGGAGAGAGAGAGAG,AACGAUCAGGUUUUGCAUAU,..(..((...((((.((....)).))))...))..),-1.7,ViennaRNA; duplex=ViennaRNA cofold,12,17,20,23,0.2,0.5,False,,-15.0,-3.2,-1.194,0.0,1.152,1.7,-13.342,6313526383054.515,124019.15309362371,6313526339647.812,12.800272,1.0,0.2667,0.8198
g10_child_41,AAUGAUCAGUGU,GCGA,AAA,AUGGAGAGAGAGAGAG,AAUGAUCAGUGUGCGAAAAAUGGAGAGAGAGAGAG,AAUGAUCAGUGUGCGAAAA,.....((..(.(.(.......).).)..)).....,-0.1,ViennaRNA; duplex=ViennaRNA cofold,12,16,19,22,0.75,0.75,False,,-12.9,0.0,-1.194,0.0,0.672,0.1,-13.322,6111926154159.254,4958.273972929638,6111926152423.858,12.786178,1.0,0.0,0.8193
g12_child_30,AAUGAUCAGGGU,UGCGC,UAA,AUGGAGAGAGAGAGAG,AAUGAUCAGGGUUGCGCUAAAUGGAGAGAGAGAGAG,AAUGAUCAGGGUUGCGCUAA,....................................,0.0,ViennaRNA; duplex=ViennaRNA cofold,12,17,20,23,1.0,1.0,False,,-12.4,-3.3,-1.194,0.0,0.288,0.0,-13.306,5955286090434.823,1234149.5638549565,5955285658482.476,12.774903,1.0,0.275,0.8189
g15_child_74,AACGAUCAGGGU,UGCAGA,GAAA,AUGGAGAGAGAGAGAG,AACGAUCAGGGUUGCAGAGAAAAUGGAGAGAGAGAGAG,AACGAUCAGGGUUGCAGAGAAA,..(..((....((.((.......)).))...))..)..,-0.4,ViennaRNA; duplex=ViennaRNA cofold,12,18,22,25,0.5,0.6667,False,,-12.8,-3.3,-1.194,0.0,0.288,0.4,-13.306,5955282346517.039,1202520.0332767745,5955281925635.027,12.774902,1.0,0.275,0.8189
g19_child_38,AAUGAUCAGGUU,UUGAGA,UAAUA,AUGGAGAGAGAGAGAG,AAUGAUCAGGUUUUGAGAUAAUAAUGGAGAGAGAGAGAG,AAUGAUCAGGUUUUGAGAUAAUA,.......................................,0.0,ViennaRNA; duplex=ViennaRNA cofold,12,18,23,26,1.0,1.0,False,,-12.1,-3.2,-1.194,0.0,0.0,0.0,-13.294,5840444388769.678,189110.29719542284,5840444322581.073,12.766446,1.0,0.2667,0.8186
g17_child_64,AACGAUCAGGGU,GGCG,GUA,AUGGAGAGAGAGAGAG,AACGAUCAGGGUGGCGGUAAUGGAGAGAGAGAGAG,AACGAUCAGGGUGGCGGUA,..((.(((...)))))...................,-0.4,ViennaRNA; duplex=ViennaRNA cofold,12,16,19,22,0.0,1.0,False,,-12.5,-6.3,-1.194,0.0,0.0,0.4,-13.294,5840446083410.48,83874801.8762254,5840416727229.824,12.766444,1.0,0.525,0.8186
g8_child_19,CAUGAUCAGGGU,GCGA,GGUAAA,AUGGAGAGAGAGAGAG,CAUGAUCAGGGUGCGAGGUAAAAUGGAGAGAGAGAGAG,CAUGAUCAGGGUGCGAGGUAAA,......((...(((...)))...)).............,-0.1,ViennaRNA; duplex=ViennaRNA cofold,12,16,22,25,0.5,0.75,False,,-12.2,-7.2,-1.194,0.0,0.0,0.1,-13.294,5840447989881.987,269791119.4190915,5840353562990.19,12.766439,1.0,0.6,0.8186
g20_child_34,AAUGAUCAGGUU,UUGAGA,UAAA,AUGGAGAGAGAGAGAG,AAUGAUCAGGUUUUGAGAUAAAAUGGAGAGAGAGAGAG,AAUGAUCAGGUUUUGAGAUAAA,......................................,0.0,ViennaRNA; duplex=ViennaRNA cofold,12,18,22,25,1.0,1.0,False,,-12.1,-3.2,-1.194,0.0,0.0053,0.0,-13.2887,5790190674563.247,481539.6863014658,5790190506024.356,12.762693,1.0,0.2667,0.8184
g8_child_32,CAUGAUCAGGGU,UGCGA,CGUAAA,AUGGAGAGAGAGAGAG,CAUGAUCAGGGUUGCGACGUAAAAUGGAGAGAGAGAGAG,CAUGAUCAGGGUUGCGACGUAAA,(((.....(........).....))).............,-0.3,ViennaRNA; duplex=ViennaRNA cofold,12,17,23,26,1.0,0.75,False,,-14.1,-3.3,-1.194,0.0,1.728,0.3,-13.266,5581023005337.675,348087.66920472117,5581022883506.99,12.746714,1.0,0.275,0.8179
g10_child_29,AAUGAUCAGGGU,UUGCGA,CAA,AUGGAGAGAGAGAGAG,AAUGAUCAGGGUUUGCGACAAAUGGAGAGAGAGAGAG,AAUGAUCAGGGUUUGCGACAA,.....((...(((((...)))))...)).........,-0.9,ViennaRNA; duplex=ViennaRNA cofold,12,18,21,24,0.5,0.4167,False,,-13.2,-3.3,-1.194,0.0,0.288,0.9,-13.206,5063270100257.34,51634.69819451841,5063270082185.195,12.704431,1.0,0.275,0.8164
g18_child_54,AAUGAUCAGGUU,UUGCUA,UAA,AUGGAGAGAGAGAGAG,AAUGAUCAGGUUUUGCUAUAAAUGGAGAGAGAGAGAG,AAUGAUCAGGUUUUGCUAUAA,.....((...((((.(.......).))))...))...,-0.8,ViennaRNA; duplex=ViennaRNA cofold,12,18,21,24,0.5,0.5833,False,,-13.1,-3.2,-1.194,0.0,0.288,0.8,-13.206,5063266672268.185,131479.6663345843,5063266626250.302,12.704431,1.0,0.2667,0.8164
g11_child_53,AAUGAUCAGGGU,UGCGA,CGGA,AUGGAGAGAGAGAGAG,AAUGAUCAGGGUUGCGACGGAAUGGAGAGAGAGAGAG,AAUGAUCAGGGUUGCGACGGA,.....................................,0.0,ViennaRNA; duplex=ViennaRNA cofold,12,17,21,24,1.0,1.0,False,,-14.4,-3.3,-1.194,0.0,2.4,0.0,-13.194,4965629837551.229,222426.63693548995,4965629759701.905,12.695974,1.0,0.275,0.8161
g12_child_21,CAUGAUCAGGGU,UGCGGA,GAA,AUGGAGAGAGAGAGAG,CAUGAUCAGGGUUGCGGAGAAAUGGAGAGAGAGAGAG,CAUGAUCAGGGUUGCGGAGAA,(((..((.(.....).))...))).............,-1.1,ViennaRNA; duplex=ViennaRNA cofold,12,18,21,24,0.5,0.75,False,,-13.1,-6.6,-1.194,0.0,0.0,1.1,-13.194,4965628108582.18,81725219.64110363,4965599504755.306,12.695972,1.0,0.55,0.8161
g7_child_46,CAUGAUCAGGGU,GCGAG,UGUUA,AUGGAGAGAGAGAGAG,CAUGAUCAGGGUGCGAGUGUUAAUGGAGAGAGAGAGAG,CAUGAUCAGGGUGCGAGUGUUA,(((...((.........))...))).............,-0.2,ViennaRNA; duplex=ViennaRNA cofold,12,17,22,25,1.0,0.75,False,,-12.2,-3.9,-1.194,0.0,0.0053,0.2,-13.1887,4922904906634.969,7027880.384254687,4922902446876.834,12.692221,1.0,0.325,0.8159
g11_child_52,CAUGAUCAGGGU,UGCGAA,GAC,AUGGAGAGAGAGAGAG,CAUGAUCAGGGUUGCGAAGACAUGGAGAGAGAGAGAG,CAUGAUCAGGGUUGCGAAGAC,((((.((...........)))))).............,-2.3,ViennaRNA; duplex=ViennaRNA cofold,12,18,21,24,1.0,0.5,False,,-14.3,-3.3,-1.194,0.0,0.0053,2.3,-13.1887,4922900740438.29,55097.30212986215,4922900721154.234,12.692221,1.0,0.275,0.8159
g15_child_70,AACGAUCAGGGU,UGCGA,GUG,AUGGAGAGAGAGAGAG,AACGAUCAGGGUUGCGAGUGAUGGAGAGAGAGAGAG,AACGAUCAGGGUUGCGAGUG,..(.((((..........)))).)............,-2.7,ViennaRNA; duplex=ViennaRNA cofold,12,17,20,23,1.0,0.5833,False,,-16.4,-3.3,-1.194,0.0,1.728,2.7,-13.166,4745058427086.758,15439.465185436711,4745058421682.945,12.676242,1.0,0.275,0.8153
g16_child_44,AACGAUCUGGGU,UUGCGA,UAAA,AUGGAGAGAGAGAGAG,AACGAUCUGGGUUUGCGAUAAAAUGGAGAGAGAGAGAG,AACGAUCUGGGUUUGCGAUAAA,..(..(((...(((.(........).)))...)))..),-3.1,ViennaRNA; duplex=ViennaRNA cofold,12,18,22,25,0.5,0.6667,False,,-16.2,-3.1,-1.194,0.0,1.152,3.1,-13.142,4563827985716.916,2676.320474582849,4563827984780.204,12.659329,1.0,0.2583,0.8147
g9_child_62,CAUGAUCACGAU,GCGA,UGUUAA,AUGGAGAGAGAGAGAG,CAUGAUCACGAUGCGAUGUUAAAUGGAGAGAGAGAGAG,CAUGAUCACGAUGCGAUGUUAA,(((...((((...)).))....))).............,-0.2,ViennaRNA; duplex=ViennaRNA cofold,12,16,22,25,0.5,0.75,False,,-12.4,0.0,-1.194,0.0,0.288,0.2,-13.106,4304862225278.3193,1934.6158587201426,4304862224601.2036,12.633959,1.0,0.0,0.8138
g14_child_64,AACGAUAAGGGU,UGCGA,GUC,AUGGAGAGAGAGAGAG,AACGAUAAGGGUUGCGAGUCAUGGAGAGAGAGAGAG,AACGAUAAGGGUUGCGAGUC,...(((..(.....)..)))................,-1.1,ViennaRNA; duplex=ViennaRNA cofold,12,17,20,23,0.8,0.75,False,,-13.3,-4.9,-1.194,0.0,0.288,1.1,-13.106,4304858061673.556,8194885.08402879,4304855193463.777,12.633959,1.0,0.4083,0.8138
g7_child_26,CGUGAUCAGUGU,GCGA,UAGGGA,AUGGAGAGAGAGAGAG,CGUGAUCAGUGUGCGAUAGGGAAUGGAGAGAGAGAGAG,CGUGAUCAGUGUGCGAUAGGGA,.....((..(.(.((........)).).)..)).....,-0.3,ViennaRNA; duplex=ViennaRNA cofold,12,16,22,25,0.5,0.6667,False,,-12.2,-5.0,-1.194,0.0,0.0,0.3,-13.094,4221849839718.34,2998112.5947994385,4221848790378.9316,12.625503,1.0,0.4167,0.8135
g10_child_38,CAUGAUCAGGGU,UGCGAA,CAA,AUGGAGAGAGAGAGAG,CAUGAUCAGGGUUGCGAACAAAUGGAGAGAGAGAGAG,CAUGAUCAGGGUUGCGAACAA,.....................................,0.0,ViennaRNA; duplex=ViennaRNA cofold,12,18,21,24,1.0,1.0,False,,-14.3,-3.3,-1.194,0.0,2.4,0.0,-13.094,4221846001400.901,566374.5156316017,4221845803169.8203,12.625502,1.0,0.275,0.8135
g22_child_55,AACGAUCAGGUU,UUGCGA,UCAA,AUGGAGAGAGAGAGAG,AACGAUCAGGUUUUGCGAUCAAAUGGAGAGAGAGAGAG,AACGAUCAGGUUUUGCGAUCAA,...((((.(......)))))..................,-2.8,ViennaRNA; duplex=ViennaRNA cofold,12,18,22,25,0.5,0.9167,False,,-16.2,-0.4,-1.194,0.0,1.525,2.8,-13.069,4054006111788.6274,54.47757482699189,4054006111769.56,12.607884,1.0,0.0333,0.8129
g12_child_20,AAUGAUCAGGGU,UGCGA,GCA,AUGGAGAGAGAGAGAG,AAUGAUCAGGGUUGCGAGCAAUGGAGAGAGAGAGAG,AAUGAUCAGGGUUGCGAGCA,......((..(((...)))..)).............,-1.0,ViennaRNA; duplex=ViennaRNA cofold,12,17,20,23,0.6,0.6667,False,,-14.6,-3.3,-1.194,0.0,1.728,1.0,-13.066,4034320993177.1562,43900.54791479149,4034320977811.9644,12.60577,1.0,0.275,0.8128
g15_child_68,AAUGAUCAGGUU,UUUGCGA,UAA,AUGGAGAGAGAGAGAG,AAUGAUCAGGUUUUUGCGAUAAAUGGAGAGAGAGAGAG,AAUGAUCAGGUUUUUGCGAUAA,..........(((((.(.......).))))).......,-1.0,ViennaRNA; duplex=ViennaRNA cofold,12,19,22,25,0.4286,0.5,False,,-14.0,-3.2,-1.194,0.0,1.152,1.0,-13.042,3880225601683.548,207099.62905586386,3880225529198.6777,12.588857,1.0,0.2667,0.8122
g15_child_44,AACGAUCAGGGU,GGCGA,GAAA,AUGGAGAGAGAGAGAG,AACGAUCAGGGUGGCGAGAAAAUGGAGAGAGAGAGAG,AACGAUCAGGGUGGCGAGAAA,.....................................,0.0,ViennaRNA; duplex=ViennaRNA cofold,12,17,21,24,1.0,1.0,False,,-12.5,-6.7,-1.194,0.0,0.672,0.0,-13.022,3756320493885.43,572817492.4363055,3756120007763.0776,12.574739,1.0,0.5583,0.8117
g14_child_23,AACGAACAGGGU,UGCGA,GUA,AUGGAGAGAGAGAGAG,AACGAACAGGGUUGCGAGUAAUGGAGAGAGAGAGAG,AACGAACAGGGUUGCGAGUA,....................................,0.0,ViennaRNA; duplex=ViennaRNA cofold,12,17,20,23,1.0,1.0,False,,-12.1,-3.3,-1.194,0.0,0.288,0.0,-13.006,3660053544027.6226,222426.63693548995,3660053466178.3,12.563487,1.0,0.275,0.8113
g14_child_65,AACGAACAGGGU,UGCGA,GAA,AUGGAGAGAGAGAGAG,AACGAACAGGGUUGCGAGAAAUGGAGAGAGAGAGAG,AACGAACAGGGUUGCGAGAA,....................................,0.0,ViennaRNA; duplex=ViennaRNA cofold,12,17,20,23,1.0,1.0,False,,-12.1,-3.3,-1.194,0.0,0.288,0.0,-13.006,3660053544027.6226,222426.63693548995,3660053466178.3,12.563487,1.0,0.275,0.8113
g18_child_68,AAUGAUCAGGUU,UUGAGA,UAA,AUGGAGAGAGAGAGAG,AAUGAUCAGGUUUUGAGAUAAAUGGAGAGAGAGAGAG,AAUGAUCAGGUUUUGAGAUAA,.....................................,0.0,ViennaRNA; duplex=ViennaRNA cofold,12,18,21,24,1.0,1.0,False,,-12.1,-3.2,-1.194,0.0,0.288,0.0,-13.006,3660053544027.6226,1049291.550777267,3660053176775.5796,12.563487,1.0,0.2667,0.8113
g6_child_48,AGUGAUCAGGGU,GCGA,UAGGGA,AUGGAGAGAGAGAGAG,AGUGAUCAGGGUGCGAUAGGGAAUGGAGAGAGAGAGAG,AGUGAUCAGGGUGCGAUAGGGA,......................................,0.0,ViennaRNA; duplex=ViennaRNA cofold,12,16,22,25,1.0,1.0,False,,-11.8,-5.0,-1.194,0.0,0.0,0.0,-12.994,3589473093181.308,4878238.210988904,3589471385797.934,12.55503,0.9833,0.4167,0.811
g10_child_40,CAUGAUCACGGU,GCGA,UAGAUGA,AUGGAGAGAGAGAGAG,CAUGAUCACGGUGCGAUAGAUGAAUGGAGAGAGAGAGAG,CAUGAUCACGGUGCGAUAGAUGA,(((.(((.......)))..))).................,-0.7,ViennaRNA; duplex=ViennaRNA cofold,12,16,23,26,0.5,0.8333,False,,-12.5,-2.3,-1.194,0.0,0.0053,0.7,-12.9887,3558591153177.484,35899.22731442579,3558591140612.7544,12.551278,1.0,0.1917,0.8109
g7_child_19,AGUGAUCAGGGU,GCGA,UGGGA,AUGGAGAGAGAGAGAG,AGUGAUCAGGGUGCGAUGGGAAUGGAGAGAGAGAGAG,AGUGAUCAGGGUGCGAUGGGA,.....................................,0.0,ViennaRNA; duplex=ViennaRNA cofold,12,16,21,24,1.0,1.0,False,,-11.8,-3.9,-1.194,0.0,0.0053,0.0,-12.9887,3558587711356.038,6092692.784665051,3558585578913.5635,12.551277,0.9833,0.325,0.8109
g18_child_73,AAUGAUCAGGUU,GUUGCGA,UAAA,AUGGAGAGAGAGAGAG,AAUGAUCAGGUUGUUGCGAUAAAAUGGAGAGAGAGAGAG,AAUGAUCAGGUUGUUGCGAUAAA,......((..((((....))))..)).............,-0.5,ViennaRNA; duplex=ViennaRNA cofold,12,19,23,26,0.5714,0.6667,False,,-14.0,-3.2,-1.194,0.0,1.728,0.5,-12.966,3430034559686.805,213930.96890156882,3430034484810.966,12.535298,1.0,0.2667,0.8103
g21_child_45,AAUGAUCAGGUU,AUUGCGA,UAAA,AUGGAGAGAGAGAGAG,AAUGAUCAGGUUAUUGCGAUAAAAUGGAGAGAGAGAGAG,AAUGAUCAGGUUAUUGCGAUAAA,......((..((((....))))..)).............,-0.5,ViennaRNA; duplex=ViennaRNA cofold,12,19,23,26,0.5714,0.6667,False,,-14.0,-3.2,-1.194,0.0,1.728,0.5,-12.966,3430034559686.805,213930.96890156882,3430034484810.966,12.535298,1.0,0.2667,0.8103
g14_child_48,AACGAUCAGGGU,UGCGAUA,GUU,AUGGAGAGAGAGAGAG,AACGAUCAGGGUUGCGAUAGUUAUGGAGAGAGAGAGAG,AACGAUCAGGGUUGCGAUAGUU,(((.(((........))).)))................,-1.6,ViennaRNA; duplex=ViennaRNA cofold,12,19,22,25,0.5714,0.75,False,,-16.5,-2.4,-1.194,0.0,3.168,1.6,-12.926,3214471301886.8076,63007.51565736402,3214471279834.1772,12.50711,1.0,0.2,0.8093
g13_child_78,AACGAUCAGGUU,GGCGA,GUA,AUGGAGAGAGAGAGAG,AACGAUCAGGUUGGCGAGUAAUGGAGAGAGAGAGAG,AACGAUCAGGUUGGCGAGUA,..(..((..((((.....)))).))..)........,-0.5,ViennaRNA; duplex=ViennaRNA cofold,12,17,20,23,0.8,0.4167,False,,-12.5,-4.1,-1.194,0.0,0.288,0.5,-12.906,3111828188734.258,361911.13409546355,3111828062065.361,12.493016,1.0,0.3417,0.8088
g17_child_31,AAUGAUCAGGUU,UCGCGA,UAA,AUGGAGAGAGAGAGAG,AAUGAUCAGGUUUCGCGAUAAAUGGAGAGAGAGAGAG,AAUGAUCAGGUUUCGCGAUAA,..........((((.(........).)))).......,-1.6,ViennaRNA; duplex=ViennaRNA cofold,12,18,21,24,0.5,0.5833,False,,-13.6,-3.2,-1.194,0.0,0.288,1.6,-12.906,3111829091650.3257,78225.65194943685,3111829064271.3477,12.493016,1.0,0.2667,0.8088
g22_child_22,AACGAUCAGGUU,GUGCGA,UACAA,AUGGAGAGAGAGAGAG,AACGAUCAGGUUGUGCGAUACAAAUGGAGAGAGAGAGAG,AACGAUCAGGUUGUGCGAUACAA,..(..((...(((((...)))))...))..)........,-2.9,ViennaRNA; duplex=ViennaRNA cofold,12,18,23,26,0.5,0.5,False,,-14.9,-2.6,-1.194,0.0,0.288,2.9,-12.906,3111824878044.2617,645.9605823090213,3111824877818.1753,12.493015,1.0,0.2167,0.8088
g7_child_42,AGAGAUCAGGGU,GCGA,UAGGGA,AUGGAGAGAGAGAGAG,AGAGAUCAGGGUGCGAUAGGGAAUGGAGAGAGAGAGAG,AGAGAUCAGGGUGCGAUAGGGA,......................................,0.0,ViennaRNA; duplex=ViennaRNA cofold,12,16,22,25,1.0,1.0,False,,-11.7,-5.0,-1.194,0.0,0.0,0.0,-12.894,3051823549576.4365,4878238.210988904,3051821842193.0625,12.484559,0.975,0.4167,0.8085
g11_child_59,CAUGAUCAGGGU,UGCGUA,GAA,AUGGAGAGAGAGAGAG,CAUGAUCAGGGUUGCGUAGAAAUGGAGAGAGAGAGAG,CAUGAUCAGGGUUGCGUAGAA,(((..(((.(....).).)).))).............,-0.6,ViennaRNA; duplex=ViennaRNA cofold,12,18,21,24,0.6667,0.5833,False,,-12.3,-3.3,-1.194,0.0,0.0053,0.6,-12.8887,3025561411104.7266,84014.9678901935,3025561381699.488,12.480806,1.0,0.275,0.8084
g23_child_73,AACGAUCAGGUU,GUUGCGA,UAA,AUGGAGAGAGAGAGAG,AACGAUCAGGUUGUUGCGAUAAAUGGAGAGAGAGAGAG,AACGAUCAGGUUGUUGCGAUAA,((((((...)))))).......................,-1.5,ViennaRNA; duplex=ViennaRNA cofold,12,19,22,25,0.5714,1.0,False,,-14.3,-1.7,-1.194,0.0,1.152,1.5,-12.842,2804880817546.417,8067.623297195918,2804880814722.749,12.447914,1.0,0.1417,0.8072
g19_child_40,AAUGAUCAGGUC,UUGCGA,UAA,AUGGAGAGAGAGAGAG,AAUGAUCAGGUCUUGCGAUAAAUGGAGAGAGAGAGAG,AAUGAUCAGGUCUUGCGAUAA,..........((((.(........).)))).......,-2.0,ViennaRNA; duplex=ViennaRNA cofold,12,18,21,24,0.5,0.5833,False,,-13.9,-3.0,-1.194,0.0,0.288,2.0,-12.806,2645721129919.743,29547.387866872694,2645721119578.157,12.422544,1.0,0.25,0.8063
g5_child_21,CAUGAUCAGGGU,GCGA,GAA,AUGGAGAGAGAGAGAG,CAUGAUCAGGGUGCGAGAAAUGGAGAGAGAGAGAG,CAUGAUCAGGGUGCGAGAA,(((..((.......))...))).............,-0.6,ViennaRNA; duplex=ViennaRNA cofold,12,16,19,22,0.5,0.75,False,,-12.2,-3.9,-1.194,0.0,0.0,0.6,-12.794,2594703380679.242,566374.6251896261,2594703182448.1235,12.414088,1.0,0.325,0.806
g7_child_34,CAUGAUCAUGGU,GCGA,GAA,AUGGAGAGAGAGAGAG,CAUGAUCAUGGUGCGAGAAAUGGAGAGAGAGAGAG,CAUGAUCAUGGUGCGAGAA,(((..((.......))...))).............,-0.6,ViennaRNA; duplex=ViennaRNA cofold,12,16,19,22,0.5,0.75,False,,-12.2,-3.0,-1.194,0.0,0.0,0.6,-12.794,2594703380679.242,131479.65361804247,2594703334661.3633,12.414088,1.0,0.25,0.806
g8_child_66,CAUGAUCACGGU,GCGA,GAA,AUGGAGAGAGAGAGAG,CAUGAUCACGGUGCGAGAAAUGGAGAGAGAGAGAG,CAUGAUCACGGUGCGAGAA,(((..((.......))...))).............,-0.6,ViennaRNA; duplex=ViennaRNA cofold,12,16,19,22,0.5,0.75,False,,-12.2,-3.0,-1.194,0.0,0.0,0.6,-12.794,2594703380679.242,131479.65361804247,2594703334661.3633,12.414088,1.0,0.25,0.806
g21_child_62,AAUGAUCAGGUU,UUGCGA,UUAUA,AUGGAGAGAGAGAGAG,AAUGAUCAGGUUUUGCGAUUAUAAUGGAGAGAGAGAGAG,AAUGAUCAGGUUUUGCGAUUAUA,.((((((.(......))))))).................,-2.8,ViennaRNA; duplex=ViennaRNA cofold,12,18,23,26,0.5,0.8333,False,,-14.4,-0.4,-1.194,0.0,0.0,2.8,-12.794,2594703882591.9697,21.394436760023613,2594703882584.4814,12.414088,1.0,0.0333,0.806
g5_child_38,CGUGAUCAGAGU,GCGA,UAGGGA,AUGGAGAGAGAGAGAG,CGUGAUCAGAGUGCGAUAGGGAAUGGAGAGAGAGAGAG,CGUGAUCAGAGUGCGAUAGGGA,(.(..((....(.(....).)....))..).)......,-0.2,ViennaRNA; duplex=ViennaRNA cofold,12,16,22,25,0.75,0.6667,False,,-11.8,-5.0,-1.194,0.0,0.0,0.2,-12.794,2594701059334.155,3526303.0325487144,2594699825128.0933,12.414087,0.9833,0.4167,0.806
g5_child_52,CGUGAUCAAGGU,GCGA,UAGGGA,AUGGAGAGAGAGAGAG,CGUGAUCAAGGUGCGAUAGGGAAUGGAGAGAGAGAGAG,CGUGAUCAAGGUGCGAUAGGGA,(.(..((....(.(....).)....))..).)......,-0.2,ViennaRNA; duplex=ViennaRNA cofold,12,16,22,25,0.75,0.6667,False,,-11.8,-5.0,-1.194,0.0,0.0,0.2,-12.794,2594701059334.155,3526303.0325487144,2594699825128.0933,12.414087,0.9833,0.4167,0.806
g23_child_61,AACGAUCAGGUU,UUACGA,UAAA,AUGGAGAGAGAGAGAG,AACGAUCAGGUUUUACGAUAAAAUGGAGAGAGAGAGAG,AACGAUCAGGUUUUACGAUAAA,..(..((..((((((...)))))).))..)........,-1.3,ViennaRNA; duplex=ViennaRNA cofold,12,18,22,25,0.5,0.3333,False,,-12.9,-3.2,-1.194,0.0,0.0053,1.3,-12.7887,2572376930903.66,127281.21084891152,2572376886355.2363,12.410335,1.0,0.2667,0.8058
g14_child_40,AACGAUCAGGGU,UGCA,UAA,AUGGAGAGAGAGAGAG,AACGAUCAGGGUUGCAUAAAUGGAGAGAGAGAGAG,AACGAUCAGGGUUGCAUAA,..(..((...(((.....)))...))..)......,-0.1,ViennaRNA; duplex=ViennaRNA cofold,12,16,19,22,0.75,0.5833,False,,-12.8,-3.3,-1.194,0.0,1.152,0.1,-12.742,2384745586693.574,18277.75442603164,2384745580296.3604,12.377442,1.0,0.275,0.8047
g22_child_29,AAUGAUCAGGUU,UUGCGUA,UAAUA,AUGGAGAGAGAGAGAG,AAUGAUCAGGUUUUGCGUAUAAUAAUGGAGAGAGAGAGAG,AAUGAUCAGGUUUUGCGUAUAAUA,.....((...((((.(((......))).))))...))...,-2.6,ViennaRNA; duplex=ViennaRNA cofold,12,19,24,27,0.2857,0.4167,False,,-14.8,-3.2,-1.194,0.0,0.672,2.6,-12.722,2308595181682.917,935.150898522932,2308595181355.6143,12.363348,1.0,0.2667,0.8042
g15_child_42,AAUGAUCAGGUU,UUGCAA,UAA,AUGGAGAGAGAGAGAG,AAUGAUCAGGUUUUGCAAUAAAUGGAGAGAGAGAGAG,AAUGAUCAGGUUUUGCAAUAA,.....((...((((.((.....)).))))...))...,-1.4,ViennaRNA; duplex=ViennaRNA cofold,12,18,21,24,0.3333,0.5,False,,-13.2,-3.2,-1.194,0.0,0.288,1.4,-12.706,2249430959009.8247,49662.49171360325,2249430941627.9526,12.352073,1.0,0.2667,0.8038
g19_child_42,AAUGAUCAGGCU,UUGCGA,UAA,AUGGAGAGAGAGAGAG,AAUGAUCAGGCUUUGCGAUAAAUGGAGAGAGAGAGAG,AAUGAUCAGGCUUUGCGAUAA,.....((...((((.(.......).))))...))...,-2.4,ViennaRNA; duplex=ViennaRNA cofold,12,18,21,24,0.5,0.5833,False,,-14.2,-2.5,-1.194,0.0,0.288,2.4,-12.706,2249430523885.796,6859.20566965419,2249430521485.0737,12.352073,1.0,0.2083,0.8038
g7_child_51,AGUGAUCAGGGU,GCGA,UAAGGA,AUGGAGAGAGAGAGAG,AGUGAUCAGGGUGCGAUAAGGAAUGGAGAGAGAGAGAG,AGUGAUCAGGGUGCGAUAAGGA,......................................,0.0,ViennaRNA; duplex=ViennaRNA cofold,12,16,22,25,1.0,1.0,False,,-11.8,-5.3,-1.194,0.0,0.288,0.0,-12.706,2249428783390.49,7937398.678534374,2249426005300.9526,12.352072,0.9833,0.4417,0.8038
g14_child_20,AACGAUCAGGGU,UGCA,GUAC,AUGGAGAGAGAGAGAG,AACGAUCAGGGUUGCAGUACAUGGAGAGAGAGAGAG,AACGAUCAGGGUUGCAGUAC,..(..((...((......))...))..)........,-1.0,ViennaRNA; duplex=ViennaRNA cofold,12,16,20,23,1.0,0.5833,False,,-12.8,-3.3,-1.194,0.0,0.288,1.0,-12.706,2249428783390.49,243585.22346290408,2249428698135.662,12.352072,1.0,0.275,0.8038
g8_child_42,CAUGAUCACGGU,GCGA,UGGGGA,AUGGAGAGAGAGAGAG,CAUGAUCACGGUGCGAUGGGGAAUGGAGAGAGAGAGAG,CAUGAUCACGGUGCGAUGGGGA,(((..(((((...)).)))...))).............,-1.7,ViennaRNA; duplex=ViennaRNA cofold,12,16,22,25,0.5,0.75,False,,-13.2,-5.5,-1.194,0.0,0.0,1.7,-12.694,2206053372464.045,695989.5907514695,2206053128867.688,12.343616,1.0,0.4583,0.8035
g11_child_49,CAUGAUCAGGGU,UGCGAA,GAU,AUGGAGAGAGAGAGAG,CAUGAUCAGGGUUGCGAAGAUAUGGAGAGAGAGAGAG,CAUGAUCAGGGUUGCGAAGAU,((((.((...........)))))).............,-0.4,ViennaRNA; duplex=ViennaRNA cofold,12,18,21,24,1.0,0.5,False,,-14.3,-3.3,-1.194,0.0,2.4,0.4,-12.694,2206051473501.9873,1202520.0332767745,2206051052619.9756,12.343616,1.0,0.275,0.8035
g21_child_63,AAUGAUCAGGUU,UUGCUA,UAAUA,AUGGAGAGAGAGAGAG,AAUGAUCAGGUUUUGCUAUAAUAAUGGAGAGAGAGAGAG,AAUGAUCAGGUUUUGCUAUAAUA,..........((((.((((....)))).)))).......,-1.6,ViennaRNA; duplex=ViennaRNA cofold,12,18,23,26,0.1667,0.3333,False,,-13.1,-3.2,-1.194,0.0,0.0,1.6,-12.694,2206052092264.73,4738.03720067288,2206052090606.417,12.343616,1.0,0.2667,0.8035
g21_child_64,AAUGAUCAGGUU,UUGGA,UAAUA,AUGGAGAGAGAGAGAG,AAUGAUCAGGUUUUGGAUAAUAAUGGAGAGAGAGAGAG,AAUGAUCAGGUUUUGGAUAAUA,......................................,0.0,ViennaRNA; duplex=ViennaRNA cofold,12,17,22,25,1.0,1.0,False,,-11.5,-3.2,-1.194,0.0,0.0,0.0,-12.694,2206050812066.158,481539.6863014658,2206050643527.268,12.343615,0.9583,0.2667,0.8035
g8_child_79,CAUGAUCACGAU,GCGA,UGUUA,AUGGAGAGAGAGAGAG,CAUGAUCACGAUGCGAUGUUAAUGGAGAGAGAGAGAG,CAUGAUCACGAUGCGAUGUUA,(((...((((...)).))...))).............,-0.9,ViennaRNA; duplex=ViennaRNA cofold,12,16,21,24,0.5,0.75,False,,-12.4,0.0,-1.194,0.0,0.0053,0.9,-12.6887,2187071110295.1572,1353.8079321580153,2187071109821.3245,12.339863,1.0,0.0,0.8033
g24_child_46,AACGAUCAGGUU,UUCGCGA,UAU,AUGGAGAGAGAGAGAG,AACGAUCAGGUUUUCGCGAUAUAUGGAGAGAGAGAGAG,AACGAUCAGGUUUUCGCGAUAU,.....((...(((((.(........).)))))...)).,-2.7,ViennaRNA; duplex=ViennaRNA cofold,12,19,22,25,0.4286,0.5833,False,,-14.2,-1.6,-1.194,0.0,0.0053,2.7,-12.6887,2187072802541.2112,2886.890748326662,2187072801530.7993,12.339863,1.0,0.1333,0.8033
g20_child_23,AAUGAUCAGGUU,UUGGA,UAAA,AUGGAGAGAGAGAGAG,AAUGAUCAGGUUUUGGAUAAAAUGGAGAGAGAGAGAG,AAUGAUCAGGUUUUGGAUAAA,.....................................,0.0,ViennaRNA; duplex=ViennaRNA cofold,12,17,21,24,1.0,1.0,False,,-11.5,-3.2,-1.194,0.0,0.0053,0.0,-12.6887,2187068994989.4285,1049291.550777267,2187068627737.3857,12.339862,0.9583,0.2667,0.8033
g8_child_75,CAUGAUCAGGGU,UGCGA,GCA,AUGGAGAGAGAGAGAG,CAUGAUCAGGGUUGCGAGCAAUGGAGAGAGAGAGAG,CAUGAUCAGGGUUGCGAGCA,(((..((........))...))).............,-1.1,ViennaRNA; duplex=ViennaRNA cofold,12,17,20,23,0.6,0.75,False,,-14.3,-3.3,-1.194,0.0,1.728,1.1,-12.666,2108062860621.9858,37324.86437624813,2108062847558.2832,12.323884,1.0,0.275,0.8027
g17_child_25,AAUGAUCAGGUU,UUGCG,UAAA,AUGGAGAGAGAGAGAG,AAUGAUCAGGUUUUGCGUAAAAUGGAGAGAGAGAGAG,AAUGAUCAGGUUUUGCGUAAA,.....((...((((.(((...))).))))...))...,-1.6,ViennaRNA; duplex=ViennaRNA cofold,12,17,21,24,0.2,0.4167,False,,-14.8,-3.2,-1.194,0.0,1.728,1.6,-12.666,2108062860621.9858,78225.65194943685,2108062833243.0076,12.323884,1.0,0.2667,0.8027
g17_child_27,AAUGAUCAGGUU,UUGCGU,UAA,AUGGAGAGAGAGAGAG,AAUGAUCAGGUUUUGCGUUAAAUGGAGAGAGAGAGAG,AAUGAUCAGGUUUUGCGUUAA,.....((...((((.(((...))).))))...))...,-1.6,ViennaRNA; duplex=ViennaRNA cofold,12,18,21,24,0.1667,0.4167,False,,-14.8,-3.2,-1.194,0.0,1.728,1.6,-12.666,2108062860621.9858,78225.65194943685,2108062833243.0076,12.323884,1.0,0.2667,0.8027
g11_child_23,AAUGAUAAGGGU,UGCGA,GAA,AUGGAGAGAGAGAGAG,AAUGAUAAGGGUUGCGAGAAAUGGAGAGAGAGAGAG,AAUGAUAAGGGUUGCGAGAA,....................................,0.0,ViennaRNA; duplex=ViennaRNA cofold,12,17,20,23,1.0,1.0,False,,-11.7,-5.1,-1.194,0.0,0.288,0.0,-12.606,1912497894826.6611,4127405.1377032287,1912496450234.863,12.281601,0.975,0.425,0.8012
g11_child_39,AAUGAUCAGGGU,UGUGA,GAA,AUGGAGAGAGAGAGAG,AAUGAUCAGGGUUGUGAGAAAUGGAGAGAGAGAGAG,AAUGAUCAGGGUUGUGAGAA,.....(((......)))...................,-0.5,ViennaRNA; duplex=ViennaRNA cofold,12,17,20,23,0.4,1.0,False,,-12.2,-3.9,-1.194,0.0,0.288,0.5,-12.606,1912497894826.6611,363677.2238878287,1912497767539.6328,12.281601,1.0,0.325,0.8012
g11_child_44,AAUGAUCAGGGU,UGUGA,GUA,AUGGAGAGAGAGAGAG,AAUGAUCAGGGUUGUGAGUAAUGGAGAGAGAGAGAG,AAUGAUCAGGGUUGUGAGUA,.....(((......)))...................,-0.5,ViennaRNA; duplex=ViennaRNA cofold,12,17,20,23,0.4,1.0,False,,-12.2,-3.9,-1.194,0.0,0.288,0.5,-12.606,1912497894826.6611,363677.2238878287,1912497767539.6328,12.281601,1.0,0.325,0.8012
g11_child_17,AAUGAUAAGGGU,UGCGA,GGA,AUGGAGAGAGAGAGAG,AAUGAUAAGGGUUGCGAGGAAUGGAGAGAGAGAGAG,AAUGAUAAGGGUUGCGAGGA,....................................,0.0,ViennaRNA; duplex=ViennaRNA cofold,12,17,20,23,1.0,1.0,False,,-11.7,-5.9,-1.194,0.0,0.288,0.0,-12.606,1912497894826.6611,15116481.562091803,1912492604058.1145,12.2816,0.975,0.4917,0.8012
g8_child_40,CAUGAUCAGGGU,UGCGA,GAG,AUGGAGAGAGAGAGAG,CAUGAUCAGGGUUGCGAGAGAUGGAGAGAGAGAGAG,CAUGAUCAGGGUUGCGAGAG,(((..((..(....)..)).))).............,-1.2,ViennaRNA; duplex=ViennaRNA cofold,12,17,20,23,0.8,0.5833,False,,-14.3,-3.3,-1.194,0.0,1.728,1.2,-12.566,1792304745764.0125,44114.77388927135,1792304730323.8416,12.253412,1.0,0.275,0.8002
g11_child_18,AAUGAUCAGGGU,UGCGGA,GUA,AUGGAGAGAGAGAGAG,AAUGAUCAGGGUUGCGGAGUAAUGGAGAGAGAGAGAG,AAUGAUCAGGGUUGCGGAGUA,.....((...(((((...)))))...)).........,-1.4,ViennaRNA; duplex=ViennaRNA cofold,12,18,21,24,0.5,0.4167,False,,-13.4,-6.1,-1.194,0.0,0.672,1.4,-12.522,1668801311391.8037,22314268.074819088,1668793501397.9775,12.222403,1.0,0.5083,0.7991
g7_child_33,CAUGAUCACGGU,GCGA,UUGGGA,AUGGAGAGAGAGAGAG,CAUGAUCACGGUGCGAUUGGGAAUGGAGAGAGAGAGAG,CAUGAUCACGGUGCGAUUGGGA,(((..(((.........)))..))).............,-0.7,ViennaRNA; duplex=ViennaRNA cofold,12,16,22,25,1.0,0.6667,False,,-12.0,-3.3,-1.194,0.0,0.0,0.7,-12.494,1594675789609.5625,262889.24834701733,1594675697598.3257,12.202672,1.0,0.275,0.7984
g10_child_79,AAUGAUCAGGGU,GCGGA,GAG,AUGGAGAGAGAGAGAG,AAUGAUCAGGGUGCGGAGAGAUGGAGAGAGAGAGAG,AAUGAUCAGGGUGCGGAGAG,....................................,0.0,ViennaRNA; duplex=ViennaRNA cofold,12,17,20,23,1.0,1.0,False,,-11.3,-6.6,-1.194,0.0,0.0,0.0,-12.494,1594675326904.7246,487017597.0191202,1594504870745.7678,12.202626,0.9417,0.55,0.7984
g13_child_26,AAUGAACAGGGU,UGCGAUA,GAA,AUGGAGAGAGAGAGAG,AAUGAACAGGGUUGCGAUAGAAAUGGAGAGAGAGAGAG,AAUGAACAGGGUUGCGAUAGAA,......................................,0.0,ViennaRNA; duplex=ViennaRNA cofold,12,19,22,25,1.0,1.0,False,,-11.3,-3.3,-1.194,0.0,0.0053,0.0,-12.4887,1580954049413.5098,222426.63693548995,1580953971564.1868,12.198919,0.9417,0.275,0.7983
g10_child_76,CAUGAUCAGGGU,GCGA,UACAGGA,AUGGAGAGAGAGAGAG,CAUGAUCAGGGUGCGAUACAGGAAUGGAGAGAGAGAGAG,CAUGAUCAGGGUGCGAUACAGGA,(((..((..(........)..))))).............,-0.8,ViennaRNA; duplex=ViennaRNA cofold,12,16,23,26,1.0,0.5833,False,,-13.2,-3.9,-1.194,0.0,1.152,0.8,-12.442,1465640283528.9595,409411.86557017395,1465640140234.8066,12.166027,1.0,0.325,0.7971
g12_child_54,AAUGAUCAGGGU,UGCGA,CUAUA,AUGGAGAGAGAGAGAG,AAUGAUCAGGGUUGCGACUAUAAUGGAGAGAGAGAGAG,AAUGAUCAGGGUUGCGACUAUA,......................................,0.0,ViennaRNA; duplex=ViennaRNA cofold,12,17,22,25,1.0,1.0,False,,-14.4,-3.3,-1.194,0.0,3.168,0.0,-12.426,1428077568389.0186,222426.63693548995,1428077490539.6956,12.154752,1.0,0.275,0.7967
g7_child_38,CAUGAUCAGGGU,GCGA,GAAA,AUGGAGAGAGAGAGAG,CAUGAUCAGGGUGCGAGAAAAUGGAGAGAGAGAGAG,CAUGAUCAGGGUGCGAGAAA,(((..((.(....)..))..))).............,-0.7,ViennaRNA; duplex=ViennaRNA cofold,12,16,20,23,0.75,0.6667,False,,-12.2,-3.9,-1.194,0.0,0.288,0.7,-12.406,1382476008274.309,1956624.5125046975,1382475323455.7297,12.140657,1.0,0.325,0.7962
g13_child_37,AAUGAUCAGGUU,UUGGA,UAA,AUGGAGAGAGAGAGAG,AAUGAUCAGGUUUUGGAUAAAUGGAGAGAGAGAGAG,AAUGAUCAGGUUUUGGAUAA,....................................,0.0,ViennaRNA; duplex=ViennaRNA cofold,12,17,20,23,1.0,1.0,False,,-11.5,-3.2,-1.194,0.0,0.288,0.0,-12.406,1382474270028.7258,1956624.3232625262,1382473585210.2126,12.140657,0.9583,0.2667,0.7962
g12_child_26,CAUGAUCAGGGU,UGCGGUA,UGGA,AUGGAGAGAGAGAGAG,CAUGAUCAGGGUUGCGGUAUGGAAUGGAGAGAGAGAGAG,CAUGAUCAGGGUUGCGGUAUGGA,(((.(((........))))))..................,-0.9,ViennaRNA; duplex=ViennaRNA cofold,12,19,23,26,0.4286,0.9167,False,,-13.8,-3.6,-1.194,0.0,1.728,0.9,-12.366,1295594077987.7004,116792.31617693276,1295594037110.39,12.112469,1.0,0.3,0.7952
g10_child_56,CAUGAUCAGGGU,UGCGAA,CGAA,AUGGAGAGAGAGAGAG,CAUGAUCAGGGUUGCGAACGAAAUGGAGAGAGAGAGAG,CAUGAUCAGGGUUGCGAACGAA,......................................,0.0,ViennaRNA; duplex=ViennaRNA cofold,12,18,22,25,1.0,1.0,False,,-14.3,-3.3,-1.194,0.0,3.168,0.0,-12.326,1214170965020.3662,3640696.6401467104,1214169690776.5422,12.084279,1.0,0.275,0.7942
g18_child_67,AAUGAUCAGGUU,UUGCAGA,UAA,AUGGAGAGAGAGAGAG,AAUGAUCAGGUUUUGCAGAUAAAUGGAGAGAGAGAGAG,AAUGAUCAGGUUUUGCAGAUAA,.....((...((((.((......)).))))...))...,-2.6,ViennaRNA; duplex=ViennaRNA cofold,12,19,22,25,0.4286,0.5,False,,-14.0,-3.2,-1.194,0.0,0.288,2.6,-12.306,1175399330188.959,7085.46456211796,1175399327709.0464,12.070185,1.0,0.2667,0.7937
g22_child_57,AAUGAUCAGGUU,UUACGA,UAAUA,AUGGAGAGAGAGAGAG,AAUGAUCAGGUUUUACGAUAAUAAUGGAGAGAGAGAGAG,AAUGAUCAGGUUUUACGAUAAUA,.......................................,0.0,ViennaRNA; duplex=ViennaRNA cofold,12,18,23,26,1.0,1.0,False,,-11.1,-3.2,-1.194,0.0,0.0,0.0,-12.294,1152733828400.3345,63554.374786776294,1152733806156.3032,12.061729,0.925,0.2667,0.7934
g8_child_74,CGUGAUCAGUGU,GCGAG,UAGGGA,AUGGAGAGAGAGAGAG,CGUGAUCAGUGUGCGAGUAGGGAAUGGAGAGAGAGAGAG,CGUGAUCAGUGUGCGAGUAGGGA,(.(..((....(.(......).)...))..).)......,-0.1,ViennaRNA; duplex=ViennaRNA cofold,12,17,23,26,0.8,0.5833,False,,-11.2,-5.4,-1.194,0.0,0.0,0.1,-12.294,1152734539155.1511,7937397.431030287,1152731761066.0503,12.061728,0.9333,0.45,0.7934
g13_child_70,CAUGAUCAGGGU,UGGGGUA,GAA,AUGGAGAGAGAGAGAG,CAUGAUCAGGGUUGGGGUAGAAAUGGAGAGAGAGAGAG,CAUGAUCAGGGUUGGGGUAGAA,......................................,0.0,ViennaRNA; duplex=ViennaRNA cofold,12,19,22,25,1.0,1.0,False,,-11.1,-6.3,-1.194,0.0,0.0053,0.0,-12.2887,1142815207057.0845,28929273.52944339,1142805081811.349,12.057972,0.925,0.525,0.7932
g23_child_70,AACGAUCAGGUU,GUUGCGA,UAAA,AUGGAGAGAGAGAGAG,AACGAUCAGGUUGUUGCGAUAAAAUGGAGAGAGAGAGAG,AACGAUCAGGUUGUUGCGAUAAA,((((((...))))))........................,-1.5,ViennaRNA; duplex=ViennaRNA cofold,12,19,23,26,0.5714,1.0,False,,-14.3,-1.7,-1.194,0.0,1.728,1.5,-12.266,1101532978679.288,3702.3845172987217,1101532977383.4536,12.041998,1.0,0.1417,0.7927
g16_child_61,AACGAUCAGGGU,UGCG,UGUA,AUGGAGAGAGAGAGAG,AACGAUCAGGGUUGCGUGUAAUGGAGAGAGAGAGAG,AACGAUCAGGGUUGCGUGUA,......((.(....).))..................,-0.8,ViennaRNA; duplex=ViennaRNA cofold,12,16,20,23,0.75,0.9167,False,,-13.6,-2.5,-1.194,0.0,1.728,0.8,-12.266,1101531913291.4272,92006.98715638486,1101531881088.9817,12.041997,1.0,0.2083,0.7927
g13_child_60,AACGAUCAGGGU,UGCAA,GUC,AUGGAGAGAGAGAGAG,AACGAUCAGGGUUGCAAGUCAUGGAGAGAGAGAGAG,AACGAUCAGGGUUGCAAGUC,....................................,0.0,ViennaRNA; duplex=ViennaRNA cofold,12,17,20,23,1.0,1.0,False,,-12.8,-3.3,-1.194,0.0,1.728,0.0,-12.266,1101531274059.201,3640696.6401467104,1101529999815.377,12.041996,1.0,0.275,0.7927
g16_child_28,AACGAUCAGGGU,GUGCG,GUA,AUGGAGAGAGAGAGAG,AACGAUCAGGGUGUGCGGUAAUGGAGAGAGAGAGAG,AACGAUCAGGGUGUGCGGUA,..((..((...))..))...................,-1.1,ViennaRNA; duplex=ViennaRNA cofold,12,17,20,23,0.4,1.0,False,,-12.8,-3.0,-1.194,0.0,0.672,1.1,-12.222,1025627189488.7859,237342.43977180714,1025627106418.932,12.010989,1.0,0.25,0.7916
g14_child_18,AACGAUCAGGGU,UGGGA,GUA,AUGGAGAGAGAGAGAG,AACGAUCAGGGUUGGGAGUAAUGGAGAGAGAGAGAG,AACGAUCAGGGUUGGGAGUA,..(..((...((((....))))...))..)......,-0.8,ViennaRNA; duplex=ViennaRNA cofold,12,17,20,23,0.6,0.5,False,,-12.1,-6.1,-1.194,0.0,0.288,0.8,-12.206,999341264687.6577,31681203.539181802,999330176266.419,11.999709,1.0,0.5083,0.7912
g10_child_30,AAUGAUCAGUGU,UGCGA,UAGAGGA,AUGGAGAGAGAGAGAG,AAUGAUCAGUGUUGCGAUAGAGGAAUGGAGAGAGAGAGAG,AAUGAUCAGUGUUGCGAUAGAGGA,.....((..((((.(......).))))..)).........,-2.0,ViennaRNA; duplex=ViennaRNA cofold,12,17,24,27,0.6,0.4167,False,,-15.4,-5.8,-1.194,0.0,2.4,2.0,-12.194,980069971293.717,1499456.4241418352,980069446483.9686,11.991257,1.0,0.4833,0.7909
g4_child_69,GAUCACAAGUUU,GCGA,GAA,AUGGAGAGAGAGAGAG,GAUCACAAGUUUGCGAGAAAUGGAGAGAGAGAGAG,GAUCACAAGUUUGCGAGAA,..((.((....)).))...................,-0.1,ViennaRNA; duplex=ViennaRNA cofold,12,16,19,22,0.25,1.0,False,,-11.1,-2.9,-1.194,0.0,0.0053,0.1,-12.1887,971638225130.2535,98816.25700738249,971638190544.5636,11.987505,0.925,0.2417,0.7907
g5_child_71,CGUGAUCAGGGU,GCGA,UGUUA,AUGGAGAGAGAGAGAG,CGUGAUCAGGGUGCGAUGUUAAUGGAGAGAGAGAGAG,CGUGAUCAGGGUGCGAUGUUA,(((...((........))...))).............,-0.8,ViennaRNA; duplex=ViennaRNA cofold,12,16,21,24,1.0,0.75,False,,-11.8,-3.9,-1.194,0.0,0.0053,0.8,-12.1887,971637308868.718,892122.546804579,971636996625.8267,11.987504,0.9833,0.325,0.7907
g6_child_37,GAUCACAAGUUU,GCGA,GAU,AUGGAGAGAGAGAGAG,GAUCACAAGUUUGCGAGAUAUGGAGAGAGAGAGAG,GAUCACAAGUUUGCGAGAU,..((.((....)).))...................,-0.1,ViennaRNA; duplex=ViennaRNA cofold,12,16,19,22,0.25,1.0,False,,-11.1,-2.9,-1.194,0.0,0.0053,0.1,-12.1887,971638225130.2535,1631470.1215321426,971637654115.711,11.987504,0.925,0.2417,0.7907
g9_child_18,AAUGAUCAGGGU,UGCA,GAA,AUGGAGAGAGAGAGAG,AAUGAUCAGGGUUGCAGAAAUGGAGAGAGAGAGAG,AAUGAUCAGGGUUGCAGAA,...................................,0.0,ViennaRNA; duplex=ViennaRNA cofold,12,16,19,22,1.0,1.0,False,,-11.0,-3.3,-1.194,0.0,0.0053,0.0,-12.1887,971637026942.2684,3672294.6545730713,971635741639.1393,11.987503,0.9167,0.275,0.7907
g8_child_38,AAUGAUCAGGGU,GCGA,GAGA,AUGGAGAGAGAGAGAG,AAUGAUCAGGGUGCGAGAGAAUGGAGAGAGAGAGAG,AAUGAUCAGGGUGCGAGAGA,....................................,0.0,ViennaRNA; duplex=ViennaRNA cofold,12,16,20,23,1.0,1.0,False,,-12.5,-3.9,-1.194,0.0,1.525,0.0,-12.169,941107344215.7434,6092692.784665051,941105211773.2688,11.973638,1.0,0.325,0.7902
g8_child_78,AAUGAUCAGGGU,GCGA,GCAA,AUGGAGAGAGAGAGAG,AAUGAUCAGGGUGCGAGCAAAUGGAGAGAGAGAGAG,AAUGAUCAGGGUGCGAGCAA,....................................,0.0,ViennaRNA; duplex=ViennaRNA cofold,12,16,20,23,1.0,1.0,False,,-12.5,-3.9,-1.194,0.0,1.525,0.0,-12.169,941107344215.7434,6092692.784665051,941105211773.2688,11.973638,1.0,0.325,0.7902
g11_child_30,AAUGAUCAGGGU,CGCGA,UAA,AUGGAGAGAGAGAGAG,AAUGAUCAGGGUCGCGAUAAAUGGAGAGAGAGAGAG,AAUGAUCAGGGUCGCGAUAA,....(((........)))..................,-0.1,ViennaRNA; duplex=ViennaRNA cofold,12,17,20,23,0.6,0.9167,False,,-11.3,-3.3,-1.194,0.0,0.288,0.1,-12.106,849654578206.9178,1049291.626891856,849654210954.8484,11.929242,0.9417,0.275,0.7886
g12_child_68,AAUGAUCAGUGU,UGCGA,UUA,AUGGAGAGAGAGAGAG,AAUGAUCAGUGUUGCGAUUAAUGGAGAGAGAGAGAG,AAUGAUCAGUGUUGCGAUUA,..(((((........)))))................,-2.1,ViennaRNA; duplex=ViennaRNA cofold,12,17,20,23,0.6,0.75,False,,-13.3,0.0,-1.194,0.0,0.288,2.1,-12.106,849654680928.784,193.15096355892936,849654680861.1813,11.929242,1.0,0.0,0.7886
g13_child_48,AAUGAUCAGGGU,AGCGA,UAA,AUGGAGAGAGAGAGAG,AAUGAUCAGGGUAGCGAUAAAUGGAGAGAGAGAGAG,AAUGAUCAGGGUAGCGAUAA,....(((........)))..................,-0.1,ViennaRNA; duplex=ViennaRNA cofold,12,17,20,23,0.6,0.9167,False,,-11.3,-3.8,-1.194,0.0,0.288,0.1,-12.106,849654578206.9178,2361862.630018471,849653751554.9973,11.929242,0.9417,0.3167,0.7886
g8_child_73,CAUGAUCACGGU,GCGA,UGGGA,AUGGAGAGAGAGAGAG,CAUGAUCACGGUGCGAUGGGAAUGGAGAGAGAGAGAG,CAUGAUCACGGUGCGAUGGGA,(((..(((((...)).)))..))).............,-2.3,ViennaRNA; duplex=ViennaRNA cofold,12,16,21,24,0.5,0.6667,False,,-13.2,-3.3,-1.194,0.0,0.0053,2.3,-12.0887,826100608828.1326,55097.30212986215,826100589544.0768,11.917033,1.0,0.275,0.7882
g12_child_17,AAUGAUCAGGGU,UGCGU,UAA,AUGGAGAGAGAGAGAG,AAUGAUCAGGGUUGCGUUAAAUGGAGAGAGAGAGAG,AAUGAUCAGGGUUGCGUUAA,....................................,0.0,ViennaRNA; duplex=ViennaRNA cofold,12,17,20,23,1.0,1.0,False,,-12.6,-3.3,-1.194,0.0,1.728,0.0,-12.066,796257608822.2281,1234149.5638549565,796257176869.8809,11.901053,1.0,0.275,0.7876
g21_child_72,AACGAUCAGGUU,UUGCA,UAAA,AUGGAGAGAGAGAGAG,AACGAUCAGGUUUUGCAUAAAAUGGAGAGAGAGAGAG,AACGAUCAGGUUUUGCAUAAA,..(..((...((((.(((...))).))))...))..),-2.4,ViennaRNA; duplex=ViennaRNA cofold,12,17,21,24,0.2,0.4167,False,,-15.0,-3.2,-1.194,0.0,1.728,2.4,-12.066,796256992718.4591,21358.74137675658,796256985242.8997,11.901053,1.0,0.2667,0.7876
g14_child_75,AAUGAUCAGGUU,UGCGA,GUC,AUGGAGAGAGAGAGAG,AAUGAUCAGGUUUGCGAGUCAUGGAGAGAGAGAGAG,AAUGAUCAGGUUUGCGAGUC,.(((((..(.....)..)))))..............,-3.1,ViennaRNA; duplex=ViennaRNA cofold,12,17,20,23,0.8,0.5833,False,,-14.2,-3.2,-1.194,0.0,0.288,3.1,-12.006,722388660454.143,20234.41682281434,722388653372.097,11.858771,1.0,0.2667,0.7861
g3_child_20,CGUGAUCAGGGU,GCGA,GUAAA,AUGGAGAGAGAGAGAG,CGUGAUCAGGGUGCGAGUAAAAUGGAGAGAGAGAGAG,CGUGAUCAGGGUGCGAGUAAA,.....................................,0.0,ViennaRNA; duplex=ViennaRNA cofold,12,16,21,24,1.0,1.0,False,,-10.8,-3.9,-1.194,0.0,0.0,0.0,-11.994,708457573639.2717,588866.7178108172,708457367535.9205,11.850314,0.9,0.325,0.7858
g11_child_62,AAUGAUCAGGGU,UGACGA,GAA,AUGGAGAGAGAGAGAG,AAUGAUCAGGGUUGACGAGAAAUGGAGAGAGAGAGAG,AAUGAUCAGGGUUGACGAGAA,.....................................,0.0,ViennaRNA; duplex=ViennaRNA cofold,12,18,21,24,1.0,1.0,False,,-10.8,-3.3,-1.194,0.0,0.0,0.0,-11.994,708457573639.2717,222426.63693548995,708457495789.9489,11.850314,0.9,0.275,0.7858
g17_child_19,AAUGAUCAGGUU,UUGCA,GUA,AUGGAGAGAGAGAGAG,AAUGAUCAGGUUUUGCAGUAAUGGAGAGAGAGAGAG,AAUGAUCAGGUUUUGCAGUA,.....((...((((.((....)).))))...))...,-2.4,ViennaRNA; duplex=ViennaRNA cofold,12,17,20,23,0.2,0.5,False,,-13.2,-3.2,-1.194,0.0,0.0,2.4,-11.994,708458121808.2515,21358.74137675658,708458114332.692,11.850314,1.0,0.2667,0.7858
g12_child_61,CAUGAUCAGGGU,GGCGGUA,GAA,AUGGAGAGAGAGAGAG,CAUGAUCAGGGUGGCGGUAGAAAUGGAGAGAGAGAGAG,CAUGAUCAGGGUGGCGGUAGAA,......................................,0.0,ViennaRNA; duplex=ViennaRNA cofold,12,19,22,25,1.0,1.0,False,,-10.8,-6.7,-1.194,0.0,0.0053,0.0,-11.9887,702361697698.4796,307188532.7218187,702254181712.027,11.846494,0.9,0.5583,0.7857
g9_child_54,AAUGAUCAGGGU,GCGA,AGAA,AUGGAGAGAGAGAGAG,AAUGAUCAGGGUGCGAAGAAAUGGAGAGAGAGAGAG,AAUGAUCAGGGUGCGAAGAA,....................................,0.0,ViennaRNA; duplex=ViennaRNA cofold,12,16,20,23,1.0,1.0,False,,-12.5,-3.9,-1.194,0.0,1.728,0.0,-11.966,676989045069.2471,588866.7178108172,676988838965.8959,11.830582,1.0,0.325,0.7851
g18_child_61,AAUGAUCAGGUU,UUUGCGA,UAAA,AUGGAGAGAGAGAGAG,AAUGAUCAGGUUUUUGCGAUAAAAUGGAGAGAGAGAGAG,AAUGAUCAGGUUUUUGCGAUAAA,..........(((((.(........).))))).......,-1.5,ViennaRNA; duplex=ViennaRNA cofold,12,19,23,26,0.4286,0.5,False,,-14.0,-3.2,-1.194,0.0,1.728,1.5,-11.966,676989045069.2471,42223.75017720988,676989030290.9344,11.830582,1.0,0.2667,0.7851
g8_child_29,AAUGAUCAGGGU,GCGA,UGAA,AUGGAGAGAGAGAGAG,AAUGAUCAGGGUGCGAUGAAAUGGAGAGAGAGAGAG,AAUGAUCAGGGUGCGAUGAA,.....(((........))).................,-0.5,ViennaRNA; duplex=ViennaRNA cofold,12,16,20,23,1.0,0.8333,False,,-13.0,-3.4,-1.194,0.0,1.728,0.5,-11.966,676989045069.2471,1202520.3240422462,676988624187.1337,11.830581,1.0,0.2833,0.7851
g15_child_19,AACGAUCAGGGU,AUGCGA,CAAA,AUGGAGAGAGAGAGAG,AACGAUCAGGGUAUGCGACAAAAUGGAGAGAGAGAGAG,AACGAUCAGGGUAUGCGACAAA,......................................,0.0,ViennaRNA; duplex=ViennaRNA cofold,12,18,22,25,1.0,1.0,False,,-12.5,-3.9,-1.194,0.0,1.728,0.0,-11.966,676989045069.2471,3267367.6721808207,676987901490.5618,11.830581,1.0,0.325,0.7851
g6_child_69,CGGACGGUCCUU,GCGA,AAAAA,AUGGAGAGAGAGAGAG,CGGACGGUCCUUGCGAAAAAAAUGGAGAGAGAGAGAG,CGGACGGUCCUUGCGAAAAAA,....(..(((.............)))..)........,-1.5,ViennaRNA; duplex=ViennaRNA cofold,12,16,21,24,1.0,0.6667,False,,-13.4,-5.2,-1.194,0.0,1.152,1.5,-11.942,651131448883.4691,425670.54996960325,651131299898.7766,11.813669,1.0,0.4333,0.7845
g15_child_29,AAUGAUCAGGUU,UUGCA,UAA,AUGGAGAGAGAGAGAG,AAUGAUCAGGUUUUGCAUAAAUGGAGAGAGAGAGAG,AAUGAUCAGGUUUUGCAUAA,.....((...((((.((....)).))))...))...,-1.3,ViennaRNA; duplex=ViennaRNA cofold,12,17,20,23,0.2,0.5,False,,-13.2,-3.2,-1.194,0.0,1.152,1.3,-11.942,651131952696.3629,114.91784823123133,651131952656.1417,11.813669,1.0,0.2667,0.7845
g6_child_30,CGGACGGUCCUU,GCGA,ACUAA,AUGGAGAGAGAGAGAG,CGGACGGUCCUUGCGAACUAAAUGGAGAGAGAGAGAG,CGGACGGUCCUUGCGAACUAA,....(..(((.............)))..)........,-1.5,ViennaRNA; duplex=ViennaRNA cofold,12,16,21,24,1.0,0.6667,False,,-13.4,-5.2,-1.194,0.0,1.152,1.5,-11.942,651131448883.4691,2361862.458691266,651130622231.6085,11.813668,1.0,0.4333,0.7845
g3_child_38,CGGACGGUCCUU,GCGA,ACAAA,AUGGAGAGAGAGAGAG,CGGACGGUCCUUGCGAACAAAAUGGAGAGAGAGAGAG,CGGACGGUCCUUGCGAACAAA,....(..(((.............)))..)........,-1.5,ViennaRNA; duplex=ViennaRNA cofold,12,16,21,24,1.0,0.6667,False,,-13.4,-5.2,-1.194,0.0,1.152,1.5,-11.942,651131448883.4691,6967408.950813768,651129010290.3363,11.813667,1.0,0.4333,0.7845
g13_child_28,AAUGAUCAGGGU,AUGCGA,UAA,AUGGAGAGAGAGAGAG,AAUGAUCAGGGUAUGCGAUAAAUGGAGAGAGAGAGAG,AAUGAUCAGGGUAUGCGAUAA,.....................................,0.0,ViennaRNA; duplex=ViennaRNA cofold,12,18,21,24,1.0,1.0,False,,-11.9,-3.9,-1.194,0.0,1.152,0.0,-11.942,651131700789.8684,6092692.784665051,651129568347.3938,11.813667,0.9917,0.325,0.7845
g13_child_58,ACCGAUCAGGUU,UGCGA,GAA,AUGGAGAGAGAGAGAG,ACCGAUCAGGUUUGCGAGAAAUGGAGAGAGAGAGAG,ACCGAUCAGGUUUGCGAGAA,(((.....))).........................,-1.7,ViennaRNA; duplex=ViennaRNA cofold,12,17,20,23,1.0,1.0,False,,-12.7,-3.0,-1.194,0.0,0.288,1.7,-11.906,614184660832.4061,26980.785033311506,614184651389.1313,11.788299,1.0,0.25,0.7836
g15_child_34,AACGAUCAGGGU,UGCGC,CAAA,AUGGAGAGAGAGAGAG,AACGAUCAGGGUUGCGCCAAAAUGGAGAGAGAGAGAG,AACGAUCAGGGUUGCGCCAAA,........((......))...................,-1.6,ViennaRNA; duplex=ViennaRNA cofold,12,17,21,24,0.8,1.0,False,,-12.6,-1.7,-1.194,0.0,0.288,1.6,-11.906,614184898445.0214,3147.818872643946,614184897343.2848,11.788299,1.0,0.1417,0.7836
g8_child_68,CAUGAUCACGGU,GCGA,UAGGA,AUGGAGAGAGAGAGAG,CAUGAUCACGGUGCGAUAGGAAUGGAGAGAGAGAGAG,CAUGAUCACGGUGCGAUAGGA,.....((.(.((.(.....).)).).)).........,-0.1,ViennaRNA; duplex=ViennaRNA cofold,12,16,21,24,0.75,0.5,False,,-13.2,-3.3,-1.194,0.0,2.4,0.1,-11.894,602341192078.4241,189110.26747335927,602341125889.8304,11.779843,1.0,0.275,0.7833
g7_child_79,AGUGAUCAGGGU,GCGA,UAGGUA,AUGGAGAGAGAGAGAG,AGUGAUCAGGGUGCGAUAGGUAAUGGAGAGAGAGAGAG,AGUGAUCAGGGUGCGAUAGGUA,.....((....(((.....)))...))...........,-1.1,ViennaRNA; duplex=ViennaRNA cofold,12,16,22,25,0.5,0.5833,False,,-11.8,-5.1,-1.194,0.0,0.0,1.1,-11.894,602340610958.5752,11435081.610237062,602336608680.0116,11.779839,0.9833,0.425,0.7833
g9_child_32,CAUGAUCAGGGU,UGCA,GAA,AUGGAGAGAGAGAGAG,CAUGAUCAGGGUUGCAGAAAUGGAGAGAGAGAGAG,CAUGAUCAGGGUUGCAGAA,...................................,0.0,ViennaRNA; duplex=ViennaRNA cofold,12,16,19,22,1.0,1.0,False,,-10.7,-3.3,-1.194,0.0,0.0053,0.0,-11.8887,597158388909.0978,3672294.6545730713,597157103605.9686,11.776089,0.8917,0.275,0.7832
g9_child_50,CAUGAUAACGGU,GCGA,UAGAGGA,AUGGAGAGAGAGAGAG,CAUGAUAACGGUGCGAUAGAGGAAUGGAGAGAGAGAGAG,CAUGAUAACGGUGCGAUAGAGGA,.......................................,0.0,ViennaRNA; duplex=ViennaRNA cofold,12,16,23,26,1.0,1.0,False,,-10.7,-5.8,-1.194,0.0,0.0053,0.0,-11.8887,597158388909.0978,32726232.297001142,597146934727.7938,11.776081,0.8917,0.4833,0.7832
g7_child_75,CAUGAUCAGGGU,GCGA,GUAA,AUGGAGAGAGAGAGAG,CAUGAUCAGGGUGCGAGUAAAUGGAGAGAGAGAGAG,CAUGAUCAGGGUGCGAGUAA,....................................,0.0,ViennaRNA; duplex=ViennaRNA cofold,12,16,20,23,1.0,1.0,False,,-12.2,-3.9,-1.194,0.0,1.525,0.0,-11.869,578395151562.894,1499456.6598082536,578394626753.0631,11.762224,1.0,0.325,0.7827
g3_child_62,CGUGAUCAGGGU,GCGA,GAA,AUGGAGAGAGAGAGAG,CGUGAUCAGGGUGCGAGAAAUGGAGAGAGAGAGAG,CGUGAUCAGGGUGCGAGAA,(((..((.......))...))).............,-0.2,ViennaRNA; duplex=ViennaRNA cofold,12,16,19,22,0.5,0.75,False,,-10.8,-3.9,-1.194,0.0,0.0,0.2,-11.794,512118511295.4605,1083903.3146733788,512118131929.30035,11.70937,0.9,0.325,0.7808
g4_child_52,CGUGAUCAAGGU,GCGA,GAA,AUGGAGAGAGAGAGAG,CGUGAUCAAGGUGCGAGAAAUGGAGAGAGAGAGAG,CGUGAUCAAGGUGCGAGAA,(((..((.......))...))).............,-0.2,ViennaRNA; duplex=ViennaRNA cofold,12,16,19,22,0.5,0.75,False,,-10.8,-3.9,-1.194,0.0,0.0,0.2,-11.794,512118511295.4605,1083903.3146733788,512118131929.30035,11.70937,0.9,0.325,0.7808
g22_child_17,AACGAUCAGGUU,CUGCGA,UAAUA,AUGGAGAGAGAGAGAG,AACGAUCAGGUUCUGCGAUAAUAAUGGAGAGAGAGAGAG,AACGAUCAGGUUCUGCGAUAAUA,..(..((...((((.((.......)).))))...))..),-2.9,ViennaRNA; duplex=ViennaRNA cofold,12,18,23,26,0.3333,0.5,False,,-15.9,-3.2,-1.194,0.0,2.4,2.9,-11.794,512117959020.23816,1710.1579791893369,512117958421.68286,11.70937,1.0,0.2667,0.7808
g23_child_52,AACGAUCAGGUU,AUGCGA,UAAUA,AUGGAGAGAGAGAGAG,AACGAUCAGGUUAUGCGAUAAUAAUGGAGAGAGAGAGAG,AACGAUCAGGUUAUGCGAUAAUA,..(..((..(((((......))))).))..)........,-2.6,ViennaRNA; duplex=ViennaRNA cofold,12,18,23,26,0.6667,0.3333,False,,-15.6,-2.9,-1.194,0.0,2.4,2.6,-11.794,512118107614.4104,1710.1584754021794,512118107015.8549,11.70937,1.0,0.2417,0.7808
g23_child_56,AACGAUCAGGUU,UUGCCGA,UAAA,AUGGAGAGAGAGAGAG,AACGAUCAGGUUUUGCCGAUAAAAUGGAGAGAGAGAGAG,AACGAUCAGGUUUUGCCGAUAAA,....(((.(((...))))))...................,-2.6,ViennaRNA; duplex=ViennaRNA cofold,12,19,23,26,0.2857,1.0,False,,-13.2,-0.6,-1.194,0.0,0.0053,2.6,-11.7887,507712966998.373,40.94375470223218,507712966984.04266,11.705618,1.0,0.05,0.7806
g3_child_28,CGUGAUCACGGU,GCGA,UGUUA,AUGGAGAGAGAGAGAG,CGUGAUCACGGUGCGAUGUUAAUGGAGAGAGAGAGAG,CGUGAUCACGGUGCGAUGUUA,(((....)))...........................,-0.6,ViennaRNA; duplex=ViennaRNA cofold,12,16,21,24,1.0,1.0,False,,-11.2,-2.4,-1.194,0.0,0.0053,0.6,-11.7887,507711984892.5575,108216.25786602501,507711947016.86725,11.705617,0.9333,0.2,0.7806
g5_child_42,CGUGAUCAGGGU,GCGA,CUAAA,AUGGAGAGAGAGAGAG,CGUGAUCAGGGUGCGACUAAAAUGGAGAGAGAGAGAG,CGUGAUCAGGGUGCGACUAAA,.....................................,0.0,ViennaRNA; duplex=ViennaRNA cofold,12,16,21,24,1.0,1.0,False,,-10.6,-3.9,-1.194,0.0,0.0053,0.0,-11.7887,507712181313.56934,588866.7178108172,507711975210.2181,11.705617,0.8833,0.325,0.7806
g11_child_54,CAUGAUCAGGGU,UGCGAA,GCAA,AUGGAGAGAGAGAGAG,CAUGAUCAGGGUUGCGAAGCAAAUGGAGAGAGAGAGAG,CAUGAUCAGGGUUGCGAAGCAA,.....((....((((...))))...))...........,-1.9,ViennaRNA; duplex=ViennaRNA cofold,12,18,22,25,0.5,0.5833,False,,-13.6,-3.2,-1.194,0.0,1.152,1.9,-11.742,470679436888.2951,141824.38514434444,470679387249.7603,11.672725,1.0,0.2667,0.7795
g19_child_16,AAUGAUCAGUUU,UUGCGA,UAA,AUGGAGAGAGAGAGAG,AAUGAUCAGUUUUUGCGAUAAAUGGAGAGAGAGAGAG,AAUGAUCAGUUUUUGCGAUAA,.....((..(((((.(.......).)))))..))...,-3.2,ViennaRNA; duplex=ViennaRNA cofold,12,18,21,24,0.5,0.5,False,,-14.9,0.0,-1.194,0.0,1.152,3.2,-11.742,470678936130.0243,32.412179691027745,470678936118.68005,11.672725,1.0,0.0,0.7795
g5_child_34,CGUGAUCAGGGU,GCGA,GUAAAA,AUGGAGAGAGAGAGAG,CGUGAUCAGGGUGCGAGUAAAAAUGGAGAGAGAGAGAG,CGUGAUCAGGGUGCGAGUAAAA,......................................,0.0,ViennaRNA; duplex=ViennaRNA cofold,12,16,22,25,1.0,1.0,False,,-10.8,-3.9,-1.194,0.0,0.288,0.0,-11.706,443971807723.6679,197900.67827207327,443971738458.43054,11.647355,0.9,0.325,0.7786
g14_child_52,AACGAUCUGGGU,UGCGA,GAA,AUGGAGAGAGAGAGAG,AACGAUCUGGGUUGCGAGAAAUGGAGAGAGAGAGAG,AACGAUCUGGGUUGCGAGAA,.....(((.(....).))).................,-2.8,ViennaRNA; duplex=ViennaRNA cofold,12,17,20,23,0.6,0.8333,False,,-13.6,-0.3,-1.194,0.0,0.288,2.8,-11.706,443971464200.79156,18.189848052823418,443971464194.4251,11.647355,1.0,0.025,0.7786
g8_child_24,AAUGAUCAGGGU,UGGCGA,GAA,AUGGAGAGAGAGAGAG,AAUGAUCAGGGUUGGCGAGAAAUGGAGAGAGAGAGAG,AAUGAUCAGGGUUGGCGAGAA,.....................................,0.0,ViennaRNA; duplex=ViennaRNA cofold,12,18,21,24,1.0,1.0,False,,-10.8,-5.2,-1.194,0.0,0.288,0.0,-11.706,443971807723.6679,4854547.095872323,443970108632.1843,11.647354,0.9,0.4333,0.7786
g5_child_31,CGGACGGUCCUU,GCGA,CAAA,AUGGAGAGAGAGAGAG,CGGACGGUCCUUGCGACAAAAUGGAGAGAGAGAGAG,CGGACGGUCCUUGCGACAAA,.......(((((.(..((...))..).))).))...,-2.5,ViennaRNA; duplex=ViennaRNA cofold,12,16,20,23,0.75,0.5,False,,-13.0,-5.0,-1.194,0.0,0.0053,2.5,-11.6887,431664216990.41016,154643.02540583338,431664162865.35126,11.635146,1.0,0.4167,0.7781
g22_child_21,AACGAUCAGGUU,CUGCGA,UAAA,AUGGAGAGAGAGAGAG,AACGAUCAGGUUCUGCGAUAAAAUGGAGAGAGAGAGAG,AACGAUCAGGUUCUGCGAUAAA,..(..((...((((.(........).))))...))..),-3.7,ViennaRNA; duplex=ViennaRNA cofold,12,18,22,25,0.5,0.5833,False,,-15.9,-3.2,-1.194,0.0,1.728,3.7,-11.666,416069884375.3141,1188.9940715294942,416069883959.16614,11.619166,1.0,0.2667,0.7775
g10_child_78,CAUGAUCACGGU,UGCGA,GUUA,AUGGAGAGAGAGAGAG,CAUGAUCACGGUUGCGAGUUAAUGGAGAGAGAGAGAG,CAUGAUCACGGUUGCGAGUUA,(((...(.((....)).)...))).............,-1.5,ViennaRNA; duplex=ViennaRNA cofold,12,17,21,24,0.6,0.75,False,,-12.6,-2.4,-1.194,0.0,0.672,1.5,-11.622,387399967202.3223,46844.50426618942,387399950806.74585,11.58816,1.0,0.2,0.7764
g16_child_43,AAUGAUCAGGUU,UUGUCGA,UAA,AUGGAGAGAGAGAGAG,AAUGAUCAGGUUUUGUCGAUAAAUGGAGAGAGAGAGAG,AAUGAUCAGGUUUUGUCGAUAA,.....((...((((.((........)).))))...)).,-3.3,ViennaRNA; duplex=ViennaRNA cofold,12,19,22,25,0.4286,0.5833,False,,-14.0,-3.2,-1.194,0.0,0.288,3.3,-11.606,377471013273.9178,2275.4458158055363,377471012477.5118,11.576884,1.0,0.2667,0.776
g12_child_66,AAUGAUCAGGGU,GGCGA,GUA,AUGGAGAGAGAGAGAG,AAUGAUCAGGGUGGCGAGUAAUGGAGAGAGAGAGAG,AAUGAUCAGGGUGGCGAGUA,....................................,0.0,ViennaRNA; duplex=ViennaRNA cofold,12,17,20,23,1.0,1.0,False,,-10.7,-6.7,-1.194,0.0,0.288,0.0,-11.606,377471451376.2404,55363559.03658678,377452074130.57764,11.576862,0.8917,0.5583,0.776
g10_child_25,AAUGAUCAGUGU,UGCAGA,GAA,AUGGAGAGAGAGAGAG,AAUGAUCAGUGUUGCAGAGAAAUGGAGAGAGAGAGAG,AAUGAUCAGUGUUGCAGAGAA,.....((..(.((.((......))..)).)..))...,-0.5,ViennaRNA; duplex=ViennaRNA cofold,12,18,21,24,0.5,0.5833,False,,-10.9,-2.9,-1.194,0.0,0.0,0.5,-11.594,370192294145.54315,51634.708182601156,370192276073.39526,11.568427,0.9083,0.2417,0.7757
g10_child_58,AAUGAUCAGGGU,AGCGA,GAG,AUGGAGAGAGAGAGAG,AAUGAUCAGGGUAGCGAGAGAUGGAGAGAGAGAGAG,AAUGAUCAGGGUAGCGAGAG,....................................,0.0,ViennaRNA; duplex=ViennaRNA cofold,12,17,20,23,1.0,1.0,False,,-10.4,-3.9,-1.194,0.0,0.0,0.0,-11.594,370192294145.54315,818605.2594681104,370192007633.70233,11.568427,0.8667,0.325,0.7757
g22_child_54,AACGGUCAGUUU,UUGCGA,UAAA,AUGGAGAGAGAGAGAG,AACGGUCAGUUUUUGCGAUAAAAUGGAGAGAGAGAGAG,AACGGUCAGUUUUUGCGAUAAA,.....((..(((((.(........).)))))..))...,-3.7,ViennaRNA; duplex=ViennaRNA cofold,12,18,22,25,0.5,0.5,False,,-15.8,-1.6,-1.194,0.0,1.728,3.7,-11.566,353748922718.0275,88.64061216951906,353748922687.0033,11.548695,1.0,0.1333,0.775
g7_child_70,AGUGAUCAGGGU,GCGA,UAGGAGA,AUGGAGAGAGAGAGAG,AGUGAUCAGGGUGCGAUAGGAGAAUGGAGAGAGAGAGAG,AGUGAUCAGGGUGCGAUAGGAGA,......((...(.(....).)...)).............,-0.3,ViennaRNA; duplex=ViennaRNA cofold,12,16,23,26,0.75,0.75,False,,-11.8,-7.3,-1.194,0.0,1.152,0.3,-11.542,340237219560.42084,1487270770.6558506,339716674790.6913,11.531117,0.9833,0.6083,0.7744
g6_child_28,CGUGAUCAGAGU,GCGA,UAUGGA,AUGGAGAGAGAGAGAG,CGUGAUCAGAGUGCGAUAUGGAAUGGAGAGAGAGAGAG,CGUGAUCAGAGUGCGAUAUGGA,((((.((.......))))))..................,-0.6,ViennaRNA; duplex=ViennaRNA cofold,12,16,22,25,0.5,0.9167,False,,-11.2,-1.8,-1.194,0.0,0.288,0.6,-11.506,320931235963.3945,10240.920366811113,320931232379.0723,11.506412,0.9333,0.15,0.7735
g23_child_78,AACGAUCAGGUU,UUGCCA,UAA,AUGGAGAGAGAGAGAG,AACGAUCAGGUUUUGCCAUAAAUGGAGAGAGAGAGAG,AACGAUCAGGUUUUGCCAUAA,..(..((...((((.(((....))).))))..))..),-2.6,ViennaRNA; duplex=ViennaRNA cofold,12,18,21,24,0.1667,0.4167,False,,-13.2,-1.8,-1.194,0.0,0.288,2.6,-11.506,320931422203.76013,1592.314466050597,320931421646.4501,11.506412,1.0,0.15,0.7735
g7_child_48,CGUGAUCAAGGU,GCGA,UAUGGGA,AUGGAGAGAGAGAGAG,CGUGAUCAAGGUGCGAUAUGGGAAUGGAGAGAGAGAGAG,CGUGAUCAAGGUGCGAUAUGGGA,((((.((.......))))))...................,-0.6,ViennaRNA; duplex=ViennaRNA cofold,12,16,23,26,0.5,1.0,False,,-11.2,-3.3,-1.194,0.0,0.288,0.6,-11.506,320931235963.3945,1387099.05170923,320930750478.7264,11.506411,0.9333,0.275,0.7735
g11_child_56,AAUGAUCAGGGU,UGGGA,GUA,AUGGAGAGAGAGAGAG,AAUGAUCAGGGUUGGGAGUAAUGGAGAGAGAGAGAG,AAUGAUCAGGGUUGGGAGUA,.((..(((....)))..)).................,-0.2,ViennaRNA; duplex=ViennaRNA cofold,12,17,20,23,0.4,0.8333,False,,-10.8,-6.6,-1.194,0.0,0.288,0.2,-11.506,320931158363.27356,188794878.00623462,320865080155.9714,11.506322,0.9,0.55,0.7735
g6_child_71,CAUGAUCACGGU,GCGG,UAGGGA,AUGGAGAGAGAGAGAG,CAUGAUCACGGUGCGGUAGGGAAUGGAGAGAGAGAGAG,CAUGAUCACGGUGCGGUAGGGA,(((..((((......)).))..))).............,-2.3,ViennaRNA; duplex=ViennaRNA cofold,12,16,22,25,0.75,0.6667,False,,-12.6,-6.2,-1.194,0.0,0.0,2.3,-11.494,314742643443.45013,818604.9427704258,314742356931.72015,11.497955,1.0,0.5167,0.7732
g9_child_65,AAUGAUCAGGGU,GCGC,GAA,AUGGAGAGAGAGAGAG,AAUGAUCAGGGUGCGCGAAAUGGAGAGAGAGAGAG,AAUGAUCAGGGUGCGCGAA,...................................,0.0,ViennaRNA; duplex=ViennaRNA cofold,12,16,19,22,1.0,1.0,False,,-10.3,-3.9,-1.194,0.0,0.0,0.0,-11.494,314742521677.4757,1499456.6598082536,314741996867.6448,11.497955,0.8583,0.325,0.7732
g15_child_57,AACGAUCAGGGU,UGCAA,GAAA,AUGGAGAGAGAGAGAG,AACGAUCAGGGUUGCAAGAAAAUGGAGAGAGAGAGAG,AACGAUCAGGGUUGCAAGAAA,..(..((....((.((......)).))...))..)..,-0.1,ViennaRNA; duplex=ViennaRNA cofold,12,17,21,24,0.4,0.6667,False,,-12.8,-3.3,-1.194,0.0,2.4,0.1,-11.494,314742520916.4389,3095371.6915082764,314741437536.34686,11.497954,1.0,0.275,0.7732
g8_child_20,CAUGAUCACGGU,UGCGA,UGUUA,AUGGAGAGAGAGAGAG,CAUGAUCACGGUUGCGAUGUUAAUGGAGAGAGAGAGAG,CAUGAUCACGGUUGCGAUGUUA,(((...((((....)).))...))).............,-2.9,ViennaRNA; duplex=ViennaRNA cofold,12,17,22,25,0.6,0.75,False,,-13.2,-1.9,-1.194,0.0,0.0053,2.9,-11.4887,312034582078.44275,1151.0265784692285,312034581675.58344,11.494203,1.0,0.1583,0.7731
g10_child_51,CAUGAUCAGGGU,UGCGA,GAGG,AUGGAGAGAGAGAGAG,CAUGAUCAGGGUUGCGAGAGGAUGGAGAGAGAGAGAG,CAUGAUCAGGGUUGCGAGAGG,(((..((..(....)..))..))).............,-2.5,ViennaRNA; duplex=ViennaRNA cofold,12,17,21,24,0.8,0.6667,False,,-14.3,-5.2,-1.194,0.0,1.525,2.5,-11.469,302229949541.7025,869258.3129085494,302229645301.29297,11.480337,1.0,0.4333,0.7726
g6_child_56,CGGACGGUCCUU,GCGAA,ACAAA,AUGGAGAGAGAGAGAG,CGGACGGUCCUUGCGAAACAAAAUGGAGAGAGAGAGAG,CGGACGGUCCUUGCGAAACAAA,....(..(((..............)))..)........,-1.4,ViennaRNA; duplex=ViennaRNA cofold,12,17,22,25,1.0,0.6667,False,,-13.4,-5.2,-1.194,0.0,1.728,1.4,-11.466,300762347348.3705,8194887.659974751,300759479137.6895,11.478219,1.0,0.4333,0.7725
g23_child_44,AACGAUCAGGUU,UUGCGA,UCAUA,AUGGAGAGAGAGAGAG,AACGAUCAGGUUUUGCGAUCAUAAUGGAGAGAGAGAGAG,AACGAUCAGGUUUUGCGAUCAUA,...((((.(......)))))...................,-2.8,ViennaRNA; duplex=ViennaRNA cofold,12,18,23,26,0.5,1.0,False,,-16.2,-0.4,-1.194,0.0,3.168,2.8,-11.426,281860752254.7713,21.394436760023613,281860752247.28326,11.450035,1.0,0.0333,0.7715
g24_child_44,AACGAUCAGGUU,UUGACGA,UAA,AUGGAGAGAGAGAGAG,AACGAUCAGGUUUUGACGAUAAAUGGAGAGAGAGAGAG,AACGAUCAGGUUUUGACGAUAA,..((.(((.....)))))....................,-1.2,ViennaRNA; duplex=ViennaRNA cofold,12,19,22,25,0.2857,1.0,False,,-14.6,-2.0,-1.194,0.0,3.168,1.2,-11.426,281861188434.3982,9801.929325304096,281861185003.7229,11.450035,1.0,0.1667,0.7715
g16_child_22,AAUGAUCAGGUU,UGCUA,UAA,AUGGAGAGAGAGAGAG,AAUGAUCAGGUUUGCUAUAAAUGGAGAGAGAGAGAG,AAUGAUCAGGUUUGCUAUAA,....................................,0.0,ViennaRNA; duplex=ViennaRNA cofold,12,17,20,23,1.0,1.0,False,,-10.5,-3.2,-1.194,0.0,0.288,0.0,-11.406,272860205812.3315,481539.6863014658,272860037273.4413,11.43594,0.875,0.2667,0.771
g16_child_56,AACGAUCAGGGU,UACGA,UAA,AUGGAGAGAGAGAGAG,AACGAUCAGGGUUACGAUAAAUGGAGAGAGAGAGAG,AACGAUCAGGGUUACGAUAA,....(((........)))..................,-0.1,ViennaRNA; duplex=ViennaRNA cofold,12,17,20,23,0.6,0.9167,False,,-10.6,-3.2,-1.194,0.0,0.288,0.1,-11.406,272860542293.7656,1663549.3664792904,272859960051.48734,11.43594,0.8833,0.2667,0.771
g5_child_33,CGUGAUCAGGGU,GCGA,GAAA,AUGGAGAGAGAGAGAG,CGUGAUCAGGGUGCGAGAAAAUGGAGAGAGAGAGAG,CGUGAUCAGGGUGCGAGAAA,(((..((.(....)..))..))).............,-0.3,ViennaRNA; duplex=ViennaRNA cofold,12,16,20,23,0.75,0.6667,False,,-10.8,-3.9,-1.194,0.0,0.288,0.3,-11.406,272860284984.39667,3744503.2784171877,272858974408.2492,11.435938,0.9,0.325,0.771
g5_child_74,CGUGAUCAGGGU,GCGA,GAU,AUGGAGAGAGAGAGAG,CGUGAUCAGGGUGCGAGAUAUGGAGAGAGAGAGAG,CGUGAUCAGGGUGCGAGAU,((((.((.(....)..)))))).............,-0.6,ViennaRNA; duplex=ViennaRNA cofold,12,16,19,22,0.75,0.5,False,,-10.8,-3.9,-1.194,0.0,0.0,0.6,-11.394,267598526511.60117,3672295.364932271,267597241208.22345,11.427482,0.9,0.325,0.7707
g17_child_70,AAUGAUCAGGUU,CUGCGA,UAA,AUGGAGAGAGAGAGAG,AAUGAUCAGGUUCUGCGAUAAAUGGAGAGAGAGAGAG,AAUGAUCAGGUUCUGCGAUAA,.....((...((((.(.......).))))...))...,-2.8,ViennaRNA; duplex=ViennaRNA cofold,12,18,21,24,0.5,0.5833,False,,-14.1,-3.2,-1.194,0.0,1.152,2.8,-11.342,245945355762.66772,11160.63784984207,245945351856.4445,11.390839,1.0,0.2667,0.7694
g5_child_70,CGUGAUCAGGGU,GCGA,UAA,AUGGAGAGAGAGAGAG,CGUGAUCAGGGUGCGAUAAAUGGAGAGAGAGAGAG,CGUGAUCAGGGUGCGAUAA,(((.(((.......)))..))).............,-0.5,ViennaRNA; duplex=ViennaRNA cofold,12,16,19,22,0.5,0.6667,False,,-11.8,-3.9,-1.194,0.0,1.152,0.5,-11.342,245945260612.62607,1451575.335848239,245944752561.2585,11.390838,0.9833,0.325,0.7694
g12_child_41,AAUGAACAGGGU,UGCGAUA,UAA,AUGGAGAGAGAGAGAG,AAUGAACAGGGUUGCGAUAUAAAUGGAGAGAGAGAGAG,AAUGAACAGGGUUGCGAUAUAA,......................................,0.0,ViennaRNA; duplex=ViennaRNA cofold,12,19,22,25,1.0,1.0,False,,-11.3,-3.3,-1.194,0.0,1.152,0.0,-11.342,245945260612.62607,2301330.886914793,245944455146.81564,11.390837,0.9417,0.275,0.7694
g10_child_28,AAUGAUCAGGGC,UGCGA,GGA,AUGGAGAGAGAGAGAG,AAUGAUCAGGGCUGCGAGGAAUGGAGAGAGAGAGAG,AAUGAUCAGGGCUGCGAGGA,...........((.(.......).))..........,-0.3,ViennaRNA; duplex=ViennaRNA cofold,12,17,20,23,0.6,0.75,False,,-11.6,-5.9,-1.194,0.0,1.152,0.3,-11.342,245945331975.15366,23656612.83208075,245937052160.6624,11.390824,0.9667,0.4917,0.7694
g12_child_59,AAUGAUCAGGGU,UGCGA,UUAA,AUGGAGAGAGAGAGAG,AAUGAUCAGGGUUGCGAUUAAAUGGAGAGAGAGAGAG,AAUGAUCAGGGUUGCGAUUAA,..(((((........))))).................,-2.1,ViennaRNA; duplex=ViennaRNA cofold,12,17,21,24,0.6,0.8333,False,,-12.9,-1.2,-1.194,0.0,0.672,2.1,-11.322,238091626015.85895,621.2881182404669,238091625798.4081,11.376744,1.0,0.1,0.7689
g9_child_34,AAUGAUCAGGGU,AGCGA,GAA,AUGGAGAGAGAGAGAG,AAUGAUCAGGGUAGCGAGAAAUGGAGAGAGAGAGAG,AAUGAUCAGGGUAGCGAGAA,....................................,0.0,ViennaRNA; duplex=ViennaRNA cofold,12,17,20,23,1.0,1.0,False,,-10.4,-3.9,-1.194,0.0,0.288,0.0,-11.306,231989815837.3756,588866.7178108172,231989609734.02438,11.365469,0.8667,0.325,0.7685
g12_child_27,AAUGAUCAGGGU,AGCGA,GUA,AUGGAGAGAGAGAGAG,AAUGAUCAGGGUAGCGAGUAAUGGAGAGAGAGAGAG,AAUGAUCAGGGUAGCGAGUA,....................................,0.0,ViennaRNA; duplex=ViennaRNA cofold,12,17,20,23,1.0,1.0,False,,-10.4,-3.9,-1.194,0.0,0.288,0.0,-11.306,231989815837.3756,588866.7178108172,231989609734.02438,11.365469,0.8667,0.325,0.7685
g16_child_73,AAUGAUCAGGUU,UUGCCGA,GUA,AUGGAGAGAGAGAGAG,AAUGAUCAGGUUUUGCCGAGUAAUGGAGAGAGAGAGAG,AAUGAUCAGGUUUUGCCGAGUA,........(((...))).....................,-1.3,ViennaRNA; duplex=ViennaRNA cofold,12,19,22,25,0.5714,1.0,False,,-11.7,-2.5,-1.194,0.0,0.288,1.3,-11.306,231989636335.4175,60731.407334911506,231989615079.42496,11.365469,0.975,0.2083,0.7685
g5_child_41,CGCGAUCACGGU,GCGA,UAGGGA,AUGGAGAGAGAGAGAG,CGCGAUCACGGUGCGAUAGGGAAUGGAGAGAGAGAGAG,CGCGAUCACGGUGCGAUAGGGA,((((.......)))).......................,-2.6,ViennaRNA; duplex=ViennaRNA cofold,12,16,22,25,0.25,1.0,False,,-12.7,-5.0,-1.194,0.0,0.0,2.6,-11.294,227516477685.29416,4878238.21098889,227514770301.92032,11.35701,1.0,0.4167,0.7682
g9_child_22,AAUGAUCAGGGC,GCGA,GAA,AUGGAGAGAGAGAGAG,AAUGAUCAGGGCGCGAGAAAUGGAGAGAGAGAGAG,AAUGAUCAGGGCGCGAGAA,...................................,0.0,ViennaRNA; duplex=ViennaRNA cofold,12,16,19,22,1.0,1.0,False,,-10.1,-3.1,-1.194,0.0,0.0053,0.0,-11.2887,225558478275.7497,409411.7467768406,225558334981.63834,11.353259,0.8417,0.2583,0.768
g10_child_57,CUUGAUCAGGGU,UGCGAA,GAA,AUGGAGAGAGAGAGAG,CUUGAUCAGGGUUGCGAAGAAAUGGAGAGAGAGAGAG,CUUGAUCAGGGUUGCGAAGAA,(((..((...(((.......)))...))..)))....,-2.8,ViennaRNA; duplex=ViennaRNA cofold,12,18,21,24,0.8333,0.5833,False,,-12.9,-3.3,-1.194,0.0,0.0053,2.8,-11.2887,225558565538.65826,795.0783159843581,225558565260.38086,11.353259,1.0,0.275,0.768
g10_child_66,CAUGAUCAGGGU,AGCGAA,GAA,AUGGAGAGAGAGAGAG,CAUGAUCAGGGUAGCGAAGAAAUGGAGAGAGAGAGAG,CAUGAUCAGGGUAGCGAAGAA,.....................................,0.0,ViennaRNA; duplex=ViennaRNA cofold,12,18,21,24,1.0,1.0,False,,-10.1,-3.9,-1.194,0.0,0.0053,0.0,-11.2887,225558478275.7497,197900.67827207327,225558409010.5123,11.353259,0.8417,0.325,0.768
g14_child_59,AAUGAUCAGGGU,CUGCGAUA,GAA,AUGGAGAGAGAGAGAG,AAUGAUCAGGGUCUGCGAUAGAAAUGGAGAGAGAGAGAG,AAUGAUCAGGGUCUGCGAUAGAA,.....((....(((.((.......)).)))....))...,-1.8,ViennaRNA; duplex=ViennaRNA cofold,12,20,23,26,0.5,0.5833,False,,-11.9,-3.3,-1.194,0.0,0.0053,1.8,-11.2887,225558565538.65826,11986.613178943402,225558561343.34366,11.353259,0.9917,0.275,0.768
g6_child_75,GAUCACAAGUUU,AGCGA,GAA,AUGGAGAGAGAGAGAG,GAUCACAAGUUUAGCGAGAAAUGGAGAGAGAGAGAG,GAUCACAAGUUUAGCGAGAA,....................................,0.0,ViennaRNA; duplex=ViennaRNA cofold,12,17,20,23,1.0,1.0,False,,-10.3,-3.5,-1.194,0.0,0.288,0.0,-11.206,197240895596.38892,307701.9156135029,197240787900.71844,11.294997,0.8583,0.2917,0.766
g1_child_23,CGUGAUCACGGU,GCGA,UAGGGA,AUGGAGAGAGAGAGAG,CGUGAUCACGGUGCGAUAGGGAAUGGAGAGAGAGAGAG,CGUGAUCACGGUGCGAUAGGGA,(.(..((.(.((.(......).)).).))..).)....,-1.2,ViennaRNA; duplex=ViennaRNA cofold,12,16,22,25,0.75,0.5,False,,-11.2,-5.0,-1.194,0.0,0.0,1.2,-11.194,193437340752.9606,695989.4561210654,193437097156.65097,11.28654,0.9333,0.4167,0.7657
g5_child_20,CGUGAUCAGGAU,GCGA,GUAAA,AUGGAGAGAGAGAGAG,CGUGAUCAGGAUGCGAGUAAAAUGGAGAGAGAGAGAG,CGUGAUCAGGAUGCGAGUAAA,.....................................,0.0,ViennaRNA; duplex=ViennaRNA cofold,12,16,21,24,1.0,1.0,False,,-10.0,-4.1,-1.194,0.0,0.0,0.0,-11.194,193437303334.94772,814629.7112069764,193437018214.5488,11.28654,0.8333,0.3417,0.7657
g11_child_70,AAUGAUCAGGGU,UGCGC,GUA,AUGGAGAGAGAGAGAG,AAUGAUCAGGGUUGCGCGUAAUGGAGAGAGAGAGAG,AAUGAUCAGGGUUGCGCGUA,....................................,0.0,ViennaRNA; duplex=ViennaRNA cofold,12,17,20,23,1.0,1.0,False,,-12.4,-3.3,-1.194,0.0,2.4,0.0,-11.194,193437482941.47455,1234149.5638549565,193437050989.1272,11.28654,1.0,0.275,0.7657
g20_child_52,AAUGAUCAGGUU,UUGCG,UACAA,AUGGAGAGAGAGAGAG,AAUGAUCAGGUUUUGCGUACAAAUGGAGAGAGAGAGAG,AAUGAUCAGGUUUUGCGUACAA,.....((...((((.(((....))).))))...))...,-2.4,ViennaRNA; duplex=ViennaRNA cofold,12,17,22,25,0.2,0.4167,False,,-14.8,-3.2,-1.194,0.0,2.4,2.4,-11.194,193437333269.35715,9801.929325304096,193437329838.6819,11.28654,1.0,0.2667,0.7657
g7_child_69,CAUGAUCAGGGU,GCGC,GAA,AUGGAGAGAGAGAGAG,CAUGAUCAGGGUGCGCGAAAUGGAGAGAGAGAGAG,CAUGAUCAGGGUGCGCGAA,...................................,0.0,ViennaRNA; duplex=ViennaRNA cofold,12,16,19,22,1.0,1.0,False,,-10.0,-3.9,-1.194,0.0,0.0,0.0,-11.194,193437303334.94772,1499456.6598082536,193436778525.1168,11.286539,0.8333,0.325,0.7657
g4_child_55,CGUGAUCACGGU,GCGA,UUGUUA,AUGGAGAGAGAGAGAG,CGUGAUCACGGUGCGAUUGUUAAUGGAGAGAGAGAGAG,CGUGAUCACGGUGCGAUUGUUA,(((....)))............................,-0.6,ViennaRNA; duplex=ViennaRNA cofold,12,16,22,25,1.0,1.0,False,,-10.6,-2.4,-1.194,0.0,0.0053,0.6,-11.1887,191773107536.39734,322004.72044732614,191772994834.74518,11.282787,0.8833,0.2,0.7655
g9_child_28,CAUGAUCACGGU,UGCGA,UAGGGU,AUGGAGAGAGAGAGAG,CAUGAUCACGGUUGCGAUAGGGUAUGGAGAGAGAGAGAG,CAUGAUCACGGUUGCGAUAGGGU,((((.((.((....))...)).)))).............,-1.8,ViennaRNA; duplex=ViennaRNA cofold,12,17,23,26,0.6,0.5833,False,,-13.3,-3.4,-1.194,0.0,1.525,1.8,-11.169,185747456205.0193,23051.400242770953,185747448137.0292,11.268923,1.0,0.2833,0.765
g17_child_29,AAUGAUCAGGUU,UGCG,UAAA,AUGGAGAGAGAGAGAG,AAUGAUCAGGUUUGCGUAAAAUGGAGAGAGAGAGAG,AAUGAUCAGGUUUGCGUAAA,..........(((.(((...))).))).........,-0.5,ViennaRNA; duplex=ViennaRNA cofold,12,16,20,23,0.25,0.5,False,,-12.2,-3.2,-1.194,0.0,1.728,0.5,-11.166,184845420235.4116,466162.94462068117,184845257078.38098,11.266808,1.0,0.2667,0.7649
g4_child_66,CGUGAUCAGGGU,GCGA,GAAAG,AUGGAGAGAGAGAGAG,CGUGAUCAGGGUGCGAGAAAGAUGGAGAGAGAGAGAG,CGUGAUCAGGGUGCGAGAAAG,(.(.(((.............))).).)..........,-0.2,ViennaRNA; duplex=ViennaRNA cofold,12,16,21,24,1.0,0.5833,False,,-10.8,-3.9,-1.194,0.0,0.672,0.2,-11.122,172107877174.3655,4404188.584836799,172106335708.3608,11.235797,0.9,0.325,0.7638
g4_child_43,CGUGAUCACGGU,GCGA,UAGGGAA,AUGGAGAGAGAGAGAG,CGUGAUCACGGUGCGAUAGGGAAAUGGAGAGAGAGAGAG,CGUGAUCACGGUGCGAUAGGGAA,(((....))).............................,-0.6,ViennaRNA; duplex=ViennaRNA cofold,12,16,23,26,1.0,1.0,False,,-11.2,-5.9,-1.194,0.0,0.672,0.6,-11.122,172107864689.82855,94269505.74281953,172074870362.81857,11.235717,0.9333,0.4917,0.7638
g16_child_30,AACGAUCAGGGU,UGCU,GUA,AUGGAGAGAGAGAGAG,AACGAUCAGGGUUGCUGUAAUGGAGAGAGAGAGAG,AACGAUCAGGGUUGCUGUA,......(((.....)))..................,-1.4,ViennaRNA; duplex=ViennaRNA cofold,12,16,19,22,0.5,0.9167,False,,-11.3,-1.9,-1.194,0.0,0.0,1.4,-11.094,164463343433.87244,24477.773200866915,164463334866.65182,11.216069,0.9417,0.1583,0.7631
g12_child_36,CAUGAUCAGGGU,UGCGUA,GGA,AUGGAGAGAGAGAGAG,CAUGAUCAGGGUUGCGUAGGAAUGGAGAGAGAGAGAG,CAUGAUCAGGGUUGCGUAGGA,.....................................,0.0,ViennaRNA; duplex=ViennaRNA cofold,12,18,21,24,1.0,1.0,False,,-12.3,-3.8,-1.194,0.0,2.4,0.0,-11.094,164463178004.47488,500662.683504634,164463002772.53564,11.216068,1.0,0.3167,0.7631
g16_child_58,AACGAUCAGGGU,UGCUG,UAA,AUGGAGAGAGAGAGAG,AACGAUCAGGGUUGCUGUAAAUGGAGAGAGAGAGAG,AACGAUCAGGGUUGCUGUAA,......(((.....)))...................,-1.4,ViennaRNA; duplex=ViennaRNA cofold,12,17,20,23,0.4,1.0,False,,-11.3,-1.9,-1.194,0.0,0.0053,1.4,-11.0887,163048229564.41202,13126.853375043993,163048224970.01334,11.212316,0.9417,0.1583,0.763
g22_child_36,AACGAUCAGGUU,UUGCCA,UAAA,AUGGAGAGAGAGAGAG,AACGAUCAGGUUUUGCCAUAAAAUGGAGAGAGAGAGAG,AACGAUCAGGUUUUGCCAUAAA,..(..((...((((.((((...)))).))))..))..),-3.3,ViennaRNA; duplex=ViennaRNA cofold,12,18,22,25,0.1667,0.3333,False,,-13.2,-1.8,-1.194,0.0,0.0053,3.3,-11.0887,163048134945.56268,234.67288821019366,163048134863.4272,11.212316,1.0,0.15,0.763
g15_child_64,GACGAUCAGGGU,UGGA,GAA,AUGGAGAGAGAGAGAG,GACGAUCAGGGUUGGAGAAAUGGAGAGAGAGAGAG,GACGAUCAGGGUUGGAGAA,..((((....)))).....................,-0.3,ViennaRNA; duplex=ViennaRNA cofold,12,16,19,22,0.5,1.0,False,,-10.2,-6.2,-1.194,0.0,0.0053,0.3,-11.0887,163048008787.1821,183956239.86073032,162983624103.23083,11.212144,0.85,0.5167,0.763
g9_child_36,CAUGAUCACGGU,GCGA,AGAA,AUGGAGAGAGAGAGAG,CAUGAUCACGGUGCGAAGAAAUGGAGAGAGAGAGAG,CAUGAUCACGGUGCGAAGAA,.....((.(.((........)).).)).........,-0.6,ViennaRNA; duplex=ViennaRNA cofold,12,16,20,23,1.0,0.5833,False,,-12.2,-3.0,-1.194,0.0,1.728,0.6,-11.066,157158180673.47446,51634.69819451841,157158162601.33008,11.196337,1.0,0.25,0.7624
g7_child_21,GAUCACAAGUUU,GCGA,GAGA,AUGGAGAGAGAGAGAG,GAUCACAAGUUUGCGAGAGAAUGGAGAGAGAGAGAG,GAUCACAAGUUUGCGAGAGA,..((.((....)).))....................,-0.1,ViennaRNA; duplex=ViennaRNA cofold,12,16,20,23,0.25,1.0,False,,-11.1,-2.9,-1.194,0.0,1.152,0.1,-11.042,151155447300.63528,1202519.9460471475,151155026418.65417,11.179423,0.925,0.2417,0.7618
g14_child_79,AAUGAUCAGGGU,UGCA,UAA,AUGGAGAGAGAGAGAG,AAUGAUCAGGGUUGCAUAAAUGGAGAGAGAGAGAG,AAUGAUCAGGGUUGCAUAA,...................................,0.0,ViennaRNA; duplex=ViennaRNA cofold,12,16,19,22,1.0,1.0,False,,-11.0,-3.3,-1.194,0.0,1.152,0.0,-11.042,151155260901.38074,21497.825062765056,151155253377.14197,11.179423,0.9167,0.275,0.7618
g2_child_42,GAUCCCAAGUUU,GCGA,UAA,AUGGAGAGAGAGAGAG,GAUCCCAAGUUUGCGAUAAAUGGAGAGAGAGAGAG,GAUCCCAAGUUUGCGAUAA,..(((((.............))).)).........,-1.1,ViennaRNA; duplex=ViennaRNA cofold,12,16,19,22,1.0,0.5833,False,,-11.6,0.0,-1.194,0.0,0.672,1.1,-11.022,146328673009.27924,978.6190144644098,146328672666.76257,11.165329,0.9667,0.0,0.7613
g11_child_26,CAUGAUCAGGGU,UGCGAA,GCA,AUGGAGAGAGAGAGAG,CAUGAUCAGGGUUGCGAAGCAAUGGAGAGAGAGAGAG,CAUGAUCAGGGUUGCGAAGCA,.....((...(((((...)))))...)).........,-3.4,ViennaRNA; duplex=ViennaRNA cofold,12,18,21,24,0.5,0.4167,False,,-13.9,-3.0,-1.194,0.0,0.672,3.4,-11.022,146328524405.8045,184.57153993403338,146328524341.20447,11.165329,1.0,0.25,0.7613
g13_child_69,AAUGAUCAGGUU,CGCGA,UAA,AUGGAGAGAGAGAGAG,AAUGAUCAGGUUCGCGAUAAAUGGAGAGAGAGAGAG,AAUGAUCAGGUUCGCGAUAA,.....((...(((.(........).)))...))...,-0.8,ViennaRNA; duplex=ViennaRNA cofold,12,17,20,23,0.6,0.6667,False,,-10.9,-3.1,-1.194,0.0,0.288,0.8,-11.006,142578306175.8321,243585.25585686986,142578220920.99255,11.154053,0.9083,0.2583,0.7609
g8_child_69,CAUGAUCACGGU,GCGA,AGUUA,AUGGAGAGAGAGAGAG,CAUGAUCACGGUGCGAAGUUAAUGGAGAGAGAGAGAG,CAUGAUCACGGUGCGAAGUUA,.....................................,0.0,ViennaRNA; duplex=ViennaRNA cofold,12,16,21,24,1.0,1.0,False,,-12.2,-3.0,-1.194,0.0,2.4,0.0,-10.994,139829046392.82266,758495.0855404114,139828780919.54272,11.145597,1.0,0.25,0.7606
g2_child_18,GAUCCCAAGUUU,GCGA,GAA,AUGGAGAGAGAGAGAG,GAUCCCAAGUUUGCGAGAAAUGGAGAGAGAGAGAG,GAUCCCAAGUUUGCGAGAA,..(((((..(((.....)))))).)).........,-1.4,ViennaRNA; duplex=ViennaRNA cofold,12,16,19,22,1.0,0.3333,False,,-11.2,-3.0,-1.194,0.0,0.0053,1.4,-10.9887,138625902052.3195,14098.346906067747,138625897117.89807,11.141844,0.9333,0.25,0.7605
g8_child_30,AAUGAUCAGGGU,GCGA,GCA,AUGGAGAGAGAGAGAG,AAUGAUCAGGGUGCGAGCAAUGGAGAGAGAGAGAG,AAUGAUCAGGGUGCGAGCA,......((..((....))..)).............,-1.6,ViennaRNA; duplex=ViennaRNA cofold,12,16,19,22,1.0,0.6667,False,,-12.5,-3.9,-1.194,0.0,1.152,1.6,-10.942,128514332528.39914,111785.87561916237,128514293403.34267,11.108951,1.0,0.325,0.7593
g5_child_59,CGUGAUCACGGU,GCGA,UAGGGAG,AUGGAGAGAGAGAGAG,CGUGAUCACGGUGCGAUAGGGAGAUGGAGAGAGAGAGAG,CGUGAUCACGGUGCGAUAGGGAG,(.(..((.(.((.(........))).).))..).)....,-0.8,ViennaRNA; duplex=ViennaRNA cofold,12,16,23,26,0.75,0.5,False,,-11.2,-7.8,-1.194,0.0,0.672,0.8,-10.922,124410591202.54578,1487269332.1875875,123890046936.28012,11.093036,0.9333,0.65,0.7587
g12_child_51,AAUGAUCAGGGU,CGCGA,GAA,AUGGAGAGAGAGAGAG,AAUGAUCAGGGUCGCGAGAAAUGGAGAGAGAGAGAG,AAUGAUCAGGGUCGCGAGAA,.....((....((....))....))...........,-0.4,ViennaRNA; duplex=ViennaRNA cofold,12,17,20,23,0.8,0.6667,False,,-10.4,-3.4,-1.194,0.0,0.288,0.4,-10.906,121222203485.31866,136701.04534001742,121222155639.95279,11.083582,0.8667,0.2833,0.7584
g15_child_58,AACAAUCAGGUU,UGCGA,GUA,AUGGAGAGAGAGAGAG,AACAAUCAGGUUUGCGAGUAAUGGAGAGAGAGAGAG,AACAAUCAGGUUUGCGAGUA,....................................,0.0,ViennaRNA; duplex=ViennaRNA cofold,12,17,20,23,1.0,1.0,False,,-10.0,-3.2,-1.194,0.0,0.288,0.0,-10.906,121222092103.0572,189110.29719542284,121222025914.45319,11.083582,0.8333,0.2667,0.7584
g14_child_28,AAUCAUCAGGGU,UGCGA,UAA,AUGGAGAGAGAGAGAG,AAUCAUCAGGGUUGCGAUAAAUGGAGAGAGAGAGAG,AAUCAUCAGGGUUGCGAUAA,..((.(((.............))).)).........,-0.1,ViennaRNA; duplex=ViennaRNA cofold,12,17,20,23,1.0,0.5833,False,,-10.1,-3.3,-1.194,0.0,0.288,0.1,-10.906,121222166846.40575,1049291.3858623432,121221799594.4207,11.083581,0.8417,0.275,0.7584
g5_child_40,CGUGAUCACGAU,GCGA,UAGGGA,AUGGAGAGAGAGAGAG,CGUGAUCACGAUGCGAUAGGGAAUGGAGAGAGAGAGAG,CGUGAUCACGAUGCGAUAGGGA,(.(..((.(.((.(......).)).).))..).)....,-0.9,ViennaRNA; duplex=ViennaRNA cofold,12,16,22,25,0.75,0.5,False,,-10.6,-5.0,-1.194,0.0,0.0,0.9,-10.894,118884486241.77246,1132447.0745004257,118884089885.29639,11.075124,0.8833,0.4167,0.7581
g8_child_36,CAUGAUCAGGGU,UGGGA,GAA,AUGGAGAGAGAGAGAG,CAUGAUCAGGGUUGGGAGAAAUGGAGAGAGAGAGAG,CAUGAUCAGGGUUGGGAGAA,(((..((........))...))).............,-1.0,ViennaRNA; duplex=ViennaRNA cofold,12,17,20,23,0.6,0.75,False,,-10.7,-7.3,-1.194,0.0,0.0,1.0,-10.894,118884629971.27138,299315907.6024848,118779869403.6105,11.074743,0.8917,0.6083,0.7581
g14_child_55,AACGAUCAGGGU,AGCGAUA,GUA,AUGGAGAGAGAGAGAG,AACGAUCAGGGUAGCGAUAGUAAUGGAGAGAGAGAGAG,AACGAUCAGGGUAGCGAUAGUA,.((.(((........))).)).................,-1.0,ViennaRNA; duplex=ViennaRNA cofold,12,19,22,25,0.5714,0.8333,False,,-12.2,-2.9,-1.194,0.0,1.525,1.0,-10.869,114158377857.56885,22939.465769261984,114158369828.75583,11.057508,1.0,0.2417,0.7575
g10_child_49,CAUGAUCACGGU,GCGA,UGCA,AUGGAGAGAGAGAGAG,CAUGAUCACGGUGCGAUGCAAUGGAGAGAGAGAGAG,CAUGAUCACGGUGCGAUGCA,.....((.((.(((...))).))))...........,-1.8,ViennaRNA; duplex=ViennaRNA cofold,12,16,20,23,0.5,0.4167,False,,-13.2,-3.0,-1.194,0.0,1.728,1.8,-10.866,113604012786.97011,76220.84137077315,113603986109.67563,11.055394,1.0,0.25,0.7574
g6_child_66,CGGACGGUCCUU,GCGA,ACAAC,AUGGAGAGAGAGAGAG,CGGACGGUCCUUGCGAACAACAUGGAGAGAGAGAGAG,CGGACGGUCCUUGCGAACAAC,....(..(((.((.......)).)))..)........,-2.6,ViennaRNA; duplex=ViennaRNA cofold,12,16,21,24,0.75,0.5,False,,-13.4,-5.2,-1.194,0.0,1.152,2.6,-10.842,109264780768.6799,1169183.9072461233,109264371554.31236,11.038479,1.0,0.4333,0.7568
g9_child_43,CAUGAUCACGGA,GCGA,UAGAGGA,AUGGAGAGAGAGAGAG,CAUGAUCACGGAGCGAUAGAGGAAUGGAGAGAGAGAGAG,CAUGAUCACGGAGCGAUAGAGGA,.......................................,0.0,ViennaRNA; duplex=ViennaRNA cofold,12,16,23,26,1.0,1.0,False,,-10.8,-5.8,-1.194,0.0,1.152,0.0,-10.842,109264738496.89798,32726232.297001142,109253284315.59402,11.038435,0.9,0.4833,0.7568
g5_child_46,GAUCACAAGUUU,GCGC,GAA,AUGGAGAGAGAGAGAG,GAUCACAAGUUUGCGCGAAAUGGAGAGAGAGAGAG,GAUCACAAGUUUGCGCGAA,...................................,0.0,ViennaRNA; duplex=ViennaRNA cofold,12,16,19,22,1.0,1.0,False,,-9.6,-0.2,-1.194,0.0,0.0,0.0,-10.794,101077328776.43436,1454.0005850543948,101077328267.53415,11.004654,0.8,0.0167,0.7556
g17_child_37,AACGAGCAGGGU,UGCG,GUA,AUGGAGAGAGAGAGAG,AACGAGCAGGGUUGCGGUAAUGGAGAGAGAGAGAG,AACGAGCAGGGUUGCGGUA,.((..(((....))).)).................,-2.0,ViennaRNA; duplex=ViennaRNA cofold,12,16,19,22,0.25,0.8333,False,,-11.6,-3.4,-1.194,0.0,0.0,2.0,-10.794,101077328776.43436,105442.85173120677,101077291871.43625,11.004654,0.9667,0.2833,0.7556
g4_child_36,CGUGAUCACGGU,GCGA,GUAAA,AUGGAGAGAGAGAGAG,CGUGAUCACGGUGCGAGUAAAAUGGAGAGAGAGAGAG,CGUGAUCACGGUGCGAGUAAA,(((....)))...........................,-0.6,ViennaRNA; duplex=ViennaRNA cofold,12,16,21,24,1.0,1.0,False,,-10.2,-2.5,-1.194,0.0,0.0,0.6,-10.794,101077289672.17067,60731.38383946495,101077268416.18633,11.004653,0.85,0.2083,0.7556
g20_child_28,AAUGAUCAGUUU,UUGCGA,UAAUA,AUGGAGAGAGAGAGAG,AAUGAUCAGUUUUUGCGAUAAUAAUGGAGAGAGAGAGAG,AAUGAUCAGUUUUUGCGAUAAUA,.....((..(((((.((.......)).)))))..))...,-2.9,ViennaRNA; duplex=ViennaRNA cofold,12,18,23,26,0.3333,0.4167,False,,-14.9,0.0,-1.194,0.0,2.4,2.9,-10.794,101077188001.1552,9.504784225843197,101077187997.82852,11.004653,1.0,0.0,0.7556
g7_child_57,CGUGAUCAGAGU,GCGA,UGGGA,AUGGAGAGAGAGAGAG,CGUGAUCAGAGUGCGAUGGGAAUGGAGAGAGAGAGAG,CGUGAUCAGAGUGCGAUGGGA,(((..(((........)))..))).............,-2.2,ViennaRNA; duplex=ViennaRNA cofold,12,16,21,24,1.0,0.6667,False,,-11.8,-3.3,-1.194,0.0,0.0053,2.2,-10.7887,100207576874.67995,64804.02071548573,100207554193.27269,11.0009,0.9833,0.275,0.7554
g8_child_57,CAUGAUCAGGGA,GCGA,UGUUA,AUGGAGAGAGAGAGAG,CAUGAUCAGGGAGCGAUGUUAAUGGAGAGAGAGAGAG,CAUGAUCAGGGAGCGAUGUUA,(((...((........))...))).............,-1.2,ViennaRNA; duplex=ViennaRNA cofold,12,16,21,24,1.0,0.75,False,,-10.8,-7.4,-1.194,0.0,0.0053,1.2,-10.7887,100207576874.67995,136473000.53229344,100159811324.49364,11.000693,0.9,0.6167,0.7554
g6_child_35,CGUACGGUCCUU,GCGA,ACAAA,AUGGAGAGAGAGAGAG,CGUACGGUCCUUGCGAACAAAAUGGAGAGAGAGAGAG,CGUACGGUCCUUGCGAACAAA,....(..(((.............)))..)........,-1.5,ViennaRNA; duplex=ViennaRNA cofold,12,16,21,24,1.0,0.6667,False,,-12.2,-1.2,-1.194,0.0,1.152,1.5,-10.742,92898474071.47853,10573.137569819848,92898470370.88039,10.968009,1.0,0.1,0.7543
g13_child_63,AACGAUCAGGUU,UGCGAUA,GCA,AUGGAGAGAGAGAGAG,AACGAUCAGGUUUGCGAUAGCAAUGGAGAGAGAGAGAG,AACGAUCAGGUUUGCGAUAGCA,..(..((....((((....))))....))..)......,-4.4,ViennaRNA; duplex=ViennaRNA cofold,12,19,22,25,0.5714,0.5,False,,-15.1,-3.2,-1.194,0.0,1.152,4.4,-10.742,92898384221.32529,149.95497019880443,92898384168.84105,10.968008,1.0,0.2667,0.7543
g2_child_24,CGUGAUCAGGGU,GCGA,GAAAAG,AUGGAGAGAGAGAGAG,CGUGAUCAGGGUGCGAGAAAAGAUGGAGAGAGAGAGAG,CGUGAUCAGGGUGCGAGAAAAG,(.(.(((..............))).).)..........,-0.1,ViennaRNA; duplex=ViennaRNA cofold,12,16,22,25,1.0,0.5833,False,,-10.8,-3.9,-1.194,0.0,1.152,0.1,-10.742,92898423530.7567,1274859.2250814354,92897977330.02792,10.968006,0.9,0.325,0.7543
g8_child_41,CAUGAUCAGGGU,GCGAG,UGUU,AUGGAGAGAGAGAGAG,CAUGAUCAGGGUGCGAGUGUUAUGGAGAGAGAGAGAG,CAUGAUCAGGGUGCGAGUGUU,(((((.((.........))))))).............,-2.0,ViennaRNA; duplex=ViennaRNA cofold,12,17,21,24,1.0,0.5,False,,-12.2,-3.9,-1.194,0.0,0.672,2.0,-10.722,89932033038.60858,375474.9750459721,89931901622.36731,10.953914,1.0,0.325,0.7538
g13_child_19,AACUAUCAGGGU,UGCGA,GUC,AUGGAGAGAGAGAGAG,AACUAUCAGGGUUGCGAGUCAUGGAGAGAGAGAGAG,AACUAUCAGGGUUGCGAGUC,((((.....)))).......................,-0.3,ViennaRNA; duplex=ViennaRNA cofold,12,17,20,23,0.8,1.0,False,,-10.1,-3.0,-1.194,0.0,0.288,0.3,-10.706,87627170904.36359,1375163.5844252456,87626689597.10904,10.942636,0.8417,0.25,0.7534
g11_child_38,AAUGAUCAGGGU,UGUCGA,GGA,AUGGAGAGAGAGAGAG,AAUGAUCAGGGUUGUCGAGGAAUGGAGAGAGAGAGAG,AAUGAUCAGGGUUGUCGAGGA,...........((.((.(....).)).))........,-1.0,ViennaRNA; duplex=ViennaRNA cofold,12,18,21,24,0.3333,0.5833,False,,-10.8,-5.9,-1.194,0.0,0.288,1.0,-10.706,87627120053.26201,2983553.733773993,87626075809.45518,10.942633,0.9,0.4917,0.7534
g17_child_39,AACGAUCAGGGU,UUGCA,GUA,AUGGAGAGAGAGAGAG,AACGAUCAGGGUUUGCAGUAAUGGAGAGAGAGAGAG,AACGAUCAGGGUUUGCAGUA,..(..((....(((.((....)).)))....))..),-2.1,ViennaRNA; duplex=ViennaRNA cofold,12,17,20,23,0.2,0.5833,False,,-11.6,-3.3,-1.194,0.0,0.0,2.1,-10.694,85937385683.59865,40875.44240998158,85937371377.1938,10.934182,0.9667,0.275,0.7531
g18_child_57,AAUGAUCAGGUU,UUGCA,UAAA,AUGGAGAGAGAGAGAG,AAUGAUCAGGUUUUGCAUAAAAUGGAGAGAGAGAGAG,AAUGAUCAGGUUUUGCAUAAA,.....((...((((.(((...))).))))...))...,-2.0,ViennaRNA; duplex=ViennaRNA cofold,12,17,21,24,0.2,0.4167,False,,-13.2,-3.2,-1.194,0.0,1.728,2.0,-10.666,82120250880.47014,40875.44240998158,82120236574.06529,10.91445,1.0,0.2667,0.7524
g7_child_65,CAUGAUCAGGGU,GCGA,GCA,AUGGAGAGAGAGAGAG,CAUGAUCAGGGUGCGAGCAAUGGAGAGAGAGAGAG,CAUGAUCAGGGUGCGAGCA,......((..((....))..)).............,-1.6,ViennaRNA; duplex=ViennaRNA cofold,12,16,19,22,1.0,0.6667,False,,-12.2,-3.9,-1.194,0.0,1.152,1.6,-10.642,78983622110.30348,111785.87561916237,78983582985.24701,10.897537,1.0,0.325,0.7517
g6_child_16,CGUGAUCAGGGU,GCGA,GUA,AUGGAGAGAGAGAGAG,CGUGAUCAGGGUGCGAGUAAUGGAGAGAGAGAGAG,CGUGAUCAGGGUGCGAGUA,(((..((.......))...))).............,-0.2,ViennaRNA; duplex=ViennaRNA cofold,12,16,19,22,0.5,0.75,False,,-10.8,-3.9,-1.194,0.0,1.152,0.2,-10.642,78983551447.79721,1083903.3146733788,78983172081.63707,10.897535,0.9,0.325,0.7517
g6_child_22,CGUGAUCAGGGU,GCGA,CAA,AUGGAGAGAGAGAGAG,CGUGAUCAGGGUGCGACAAAUGGAGAGAGAGAGAG,CGUGAUCAGGGUGCGACAA,...................................,0.0,ViennaRNA; duplex=ViennaRNA cofold,12,16,19,22,1.0,1.0,False,,-10.6,-3.9,-1.194,0.0,1.152,0.0,-10.642,78983576275.15726,1499456.6598082536,78983051465.32632,10.897534,0.8833,0.325,0.7517
g7_child_53,CAUGAUCACGGU,GCGA,UGUUUA,AUGGAGAGAGAGAGAG,CAUGAUCACGGUGCGAUGUUUAAUGGAGAGAGAGAGAG,CAUGAUCACGGUGCGAUGUUUA,(((....(((......)))...))).............,-0.6,ViennaRNA; duplex=ViennaRNA cofold,12,16,22,25,1.0,0.75,False,,-13.2,-3.0,-1.194,0.0,3.168,0.6,-10.626,76959382872.81465,852496.0354690717,76959084499.20224,10.88626,1.0,0.25,0.7513
g6_child_58,CGUGAUCAGAGU,GCGA,UAGGA,AUGGAGAGAGAGAGAG,CGUGAUCAGAGUGCGAUAGGAAUGGAGAGAGAGAGAG,CGUGAUCAGAGUGCGAUAGGA,.....................................,0.0,ViennaRNA; duplex=ViennaRNA cofold,12,16,21,24,1.0,1.0,False,,-11.8,-3.3,-1.194,0.0,2.4,0.0,-10.594,73065145033.76125,222426.63693548995,73065067184.43832,10.86371,0.9833,0.275,0.7505
g11_child_63,AAUGAUCAGGGU,UGCGU,GGA,AUGGAGAGAGAGAGAG,AAUGAUCAGGGUUGCGUGGAAUGGAGAGAGAGAGAG,AAUGAUCAGGGUUGCGUGGA,......((.(....).))..................,-1.6,ViennaRNA; duplex=ViennaRNA cofold,12,17,20,23,0.6,0.9167,False,,-11.0,-1.7,-1.194,0.0,0.0,1.6,-10.594,73065161994.00145,1236.2116341754263,73065161561.32738,10.86371,0.9167,0.1417,0.7505
g4_child_39,CGGACGGUCCUU,GCGA,ACAA,AUGGAGAGAGAGAGAG,CGGACGGUCCUUGCGAACAAAUGGAGAGAGAGAGAG,CGGACGGUCCUUGCGAACAA,....(..(((............)))..)........,-1.6,ViennaRNA; duplex=ViennaRNA cofold,12,16,20,23,1.0,0.6667,False,,-13.4,-5.2,-1.194,0.0,2.4,1.6,-10.594,73065159167.29439,921549.8030000756,73064836624.86334,10.863708,1.0,0.4333,0.7505
g6_child_73,GAUCACAAGUUU,GCGGA,GAA,AUGGAGAGAGAGAGAG,GAUCACAAGUUUGCGGAGAAAUGGAGAGAGAGAGAG,GAUCACAAGUUUGCGGAGAA,.........(((.((......)).))).........,-0.6,ViennaRNA; duplex=ViennaRNA cofold,12,17,20,23,0.6,0.5833,False,,-10.0,-6.6,-1.194,0.0,0.0,0.6,-10.594,73065119593.40858,183956239.86073032,73000734909.45734,10.863327,0.8333,0.55,0.7505
g8_child_31,CAUGAUCAGGGU,UGCUA,GAA,AUGGAGAGAGAGAGAG,CAUGAUCAGGGUUGCUAGAAAUGGAGAGAGAGAGAG,CAUGAUCAGGGUUGCUAGAA,(((..((((.....)).)).))).............,-1.2,ViennaRNA; duplex=ViennaRNA cofold,12,17,20,23,0.6,0.5833,False,,-10.6,-3.3,-1.194,0.0,0.0053,1.2,-10.5887,72436477680.80887,80805.96934740315,72436449398.71959,10.859957,0.8833,0.275,0.7504
g16_child_48,AACGAUCAGGGU,UGGA,UAA,AUGGAGAGAGAGAGAG,AACGAUCAGGGUUGGAUAAAUGGAGAGAGAGAGAG,AACGAUCAGGGUUGGAUAA,..((((....)))).....................,-0.3,ViennaRNA; duplex=ViennaRNA cofold,12,16,19,22,0.5,1.0,False,,-10.8,-4.9,-1.194,0.0,1.152,0.3,-10.542,67152949392.4152,18971901.445396114,67146309226.90931,10.827022,0.9,0.4083,0.7492
g15_child_54,AACGAUCAGGGU,UACGA,GUA,AUGGAGAGAGAGAGAG,AACGAUCAGGGUUACGAGUAAUGGAGAGAGAGAGAG,AACGAUCAGGGUUACGAGUA,..(..((...((((....))))...))..)......,-0.1,ViennaRNA; duplex=ViennaRNA cofold,12,17,20,23,0.6,0.5,False,,-9.7,-3.3,-1.194,0.0,0.288,0.1,-10.506,63342553902.90202,189110.26747335927,63342487714.30841,10.801695,0.8083,0.275,0.7483
g5_child_75,CGUGAUCAGGGU,GCGA,GAUA,AUGGAGAGAGAGAGAG,CGUGAUCAGGGUGCGAGAUAAUGGAGAGAGAGAGAG,CGUGAUCAGGGUGCGAGAUA,(((.(((.(....)..))).))).............,-1.2,ViennaRNA; duplex=ViennaRNA cofold,12,16,20,23,0.75,0.5833,False,,-10.8,-3.9,-1.194,0.0,0.288,1.2,-10.506,63342490341.43535,869258.649202751,63342186100.90813,10.801693,0.9,0.325,0.7483
g8_child_77,CAUGAUCAGGGU,CGCGA,GUAAA,AUGGAGAGAGAGAGAG,CAUGAUCAGGGUCGCGAGUAAAAUGGAGAGAGAGAGAG,CAUGAUCAGGGUCGCGAGUAAA,(.((((....)))).)......................,-0.4,ViennaRNA; duplex=ViennaRNA cofold,12,17,22,25,0.4,1.0,False,,-9.7,-3.0,-1.194,0.0,0.0,0.4,-10.494,62121036191.03101,71430.73015963651,62121011190.27546,10.793239,0.8083,0.25,0.748
g4_child_23,CGUGAUCACGGU,GCGA,GUAAG,AUGGAGAGAGAGAGAG,CGUGAUCACGGUGCGAGUAAGAUGGAGAGAGAGAGAG,CGUGAUCACGGUGCGAGUAAG,(.(..((.(.((.(......))).).))..).)....,-0.9,ViennaRNA; duplex=ViennaRNA cofold,12,16,21,24,0.75,0.5,False,,-10.2,-2.5,-1.194,0.0,0.0,0.9,-10.494,62121018166.23592,386180.5753427531,62120883003.03455,10.793238,0.85,0.2083,0.748
g4_child_27,CGUGAUCACGGU,GCGA,GAA,AUGGAGAGAGAGAGAG,CGUGAUCACGGUGCGAGAAAUGGAGAGAGAGAGAG,CGUGAUCACGGUGCGAGAA,(.(..((.(.((.......)).).))..).)....,-0.9,ViennaRNA; duplex=ViennaRNA cofold,12,16,19,22,1.0,0.5833,False,,-10.2,-3.0,-1.194,0.0,0.0,0.9,-10.494,62121018166.23592,213930.88613708373,62120943290.42577,10.793238,0.85,0.25,0.748
g5_child_19,CGGGAUCACGGU,GCGA,GAA,AUGGAGAGAGAGAGAG,CGGGAUCACGGUGCGAGAAAUGGAGAGAGAGAGAG,CGGGAUCACGGUGCGAGAA,((......)).........................,-0.8,ViennaRNA; duplex=ViennaRNA cofold,12,16,19,22,1.0,1.0,False,,-10.1,-4.6,-1.194,0.0,0.0,0.8,-10.494,62121054215.83111,1274859.1788429143,62120608015.118515,10.793236,0.8417,0.3833,0.748
g6_child_20,CGUGAUCAGGGU,GCGG,GAA,AUGGAGAGAGAGAGAG,CGUGAUCAGGGUGCGGGAAAUGGAGAGAGAGAGAG,CGUGAUCAGGGUGCGGGAA,((((.......))))....................,-0.2,ViennaRNA; duplex=ViennaRNA cofold,12,16,19,22,0.25,1.0,False,,-9.5,-4.8,-1.194,0.0,0.0,0.2,-10.494,62121075244.771416,4669126.543366937,62119441050.48124,10.793228,0.7917,0.4,0.748
g4_child_77,CGUGAUCACGGU,GCGA,UGGGA,AUGGAGAGAGAGAGAG,CGUGAUCACGGUGCGAUGGGAAUGGAGAGAGAGAGAG,CGUGAUCACGGUGCGAUGGGA,(((..(((((...)).)))..))).............,-1.9,ViennaRNA; duplex=ViennaRNA cofold,12,16,21,24,0.5,0.6667,False,,-11.2,-3.3,-1.194,0.0,0.0053,1.9,-10.4887,61586502008.674126,105442.85173120677,61586465103.67602,10.789485,0.9333,0.275,0.7479
g13_child_51,AAUGAUCAGGGU,UGGAUA,GAA,AUGGAGAGAGAGAGAG,AAUGAUCAGGGUUGGAUAGAAAUGGAGAGAGAGAGAG,AAUGAUCAGGGUUGGAUAGAA,.....................................,0.0,ViennaRNA; duplex=ViennaRNA cofold,12,18,21,24,1.0,1.0,False,,-9.3,-5.2,-1.194,0.0,0.0053,0.0,-10.4887,61586502008.674126,12361342.139219228,61582175538.9254,10.789455,0.775,0.4333,0.7479
g4_child_38,CGUGAUCAGGGU,GCGA,GUAA,AUGGAGAGAGAGAGAG,CGUGAUCAGGGUGCGAGUAAAUGGAGAGAGAGAGAG,CGUGAUCAGGGUGCGAGUAA,....................................,0.0,ViennaRNA; duplex=ViennaRNA cofold,12,16,20,23,1.0,1.0,False,,-10.8,-3.9,-1.194,0.0,1.525,0.0,-10.469,59651400407.53574,1499456.6598082536,59650875597.70481,10.775617,0.9,0.325,0.7474
g6_child_65,CGUGAUCAGGGU,GCGA,GCAA,AUGGAGAGAGAGAGAG,CGUGAUCAGGGUGCGAGCAAAUGGAGAGAGAGAGAG,CGUGAUCAGGGUGCGAGCAA,....................................,0.0,ViennaRNA; duplex=ViennaRNA cofold,12,16,20,23,1.0,1.0,False,,-10.8,-3.9,-1.194,0.0,1.525,0.0,-10.469,59651400407.53574,6092692.784665051,59649267965.06111,10.775605,0.9,0.325,0.7474
g12_child_67,AAUGAUCAGGGU,UGCAA,GUA,AUGGAGAGAGAGAGAG,AAUGAUCAGGGUUGCAAGUAAUGGAGAGAGAGAGAG,AAUGAUCAGGGUUGCAAGUA,....................................,0.0,ViennaRNA; duplex=ViennaRNA cofold,12,17,20,23,1.0,1.0,False,,-11.0,-3.3,-1.194,0.0,1.728,0.0,-10.466,59361703977.63699,566374.5156316017,59361505746.55652,10.773505,0.9167,0.275,0.7473
g12_child_74,AAUGAUCAGGUU,UGCA,UAA,AUGGAGAGAGAGAGAG,AAUGAUCAGGUUUGCAUAAAUGGAGAGAGAGAGAG,AAUGAUCAGGUUUGCAUAA,..........(((.((....)).))).........,-0.2,ViennaRNA; duplex=ViennaRNA cofold,12,16,19,22,0.25,0.5833,False,,-10.6,-3.2,-1.194,0.0,1.152,0.2,-10.442,57094387870.035545,3251.6528275853657,57094386731.957054,10.756593,0.8833,0.2667,0.7467
g10_child_19,CAUGAUCACGGU,UGCGA,GAA,AUGGAGAGAGAGAGAG,CAUGAUCACGGUUGCGAGAAAUGGAGAGAGAGAGAG,CAUGAUCACGGUUGCGAGAA,(((..((.((....)).)).))).............,-2.4,ViennaRNA; duplex=ViennaRNA cofold,12,17,20,23,0.6,0.5833,False,,-11.9,-2.2,-1.194,0.0,0.288,2.4,-10.406,53854724634.46757,759.7623383601865,53854724368.55075,10.731224,0.9917,0.1833,0.7458
g8_child_63,CGUGAUCAGUGU,GCGGA,UAGGGA,AUGGAGAGAGAGAGAG,CGUGAUCAGUGUGCGGAUAGGGAAUGGAGAGAGAGAGAG,CGUGAUCAGUGUGCGGAUAGGGA,.....((..(.(.((.........)).).)..)).....,-0.6,ViennaRNA; duplex=ViennaRNA cofold,12,17,23,26,0.6,0.6667,False,,-9.8,-5.0,-1.194,0.0,0.0,0.6,-10.394,52816148300.29817,2549036.0292924647,52815256137.68792,10.722759,0.8167,0.4167,0.7455
g10_child_72,AAUGAUCAGGGU,UGCAGA,UAGAGGA,AUGGAGAGAGAGAGAG,AAUGAUCAGGGUUGCAGAUAGAGGAAUGGAGAGAGAGAGAG,AAUGAUCAGGGUUGCAGAUAGAGGA,.....((...(((.(.......).)))...)).........,-0.2,ViennaRNA; duplex=ViennaRNA cofold,12,18,25,28,0.6667,0.5,False,,-11.8,-5.8,-1.194,0.0,2.4,0.2,-10.394,52816166690.21455,23656616.836145587,52807886874.32189,10.722699,0.9833,0.4833,0.7455
g5_child_54,CGUGAUCAGGGU,GCGGA,GUAAA,AUGGAGAGAGAGAGAG,CGUGAUCAGGGUGCGGAGUAAAAUGGAGAGAGAGAGAG,CGUGAUCAGGGUGCGGAGUAAA,((((.......)))).......................,-0.2,ViennaRNA; duplex=ViennaRNA cofold,12,17,22,25,0.4,1.0,False,,-9.4,-5.9,-1.194,0.0,0.0,0.2,-10.394,52816182781.39667,27824291.686807122,52806444279.30628,10.722687,0.7833,0.4917,0.7455
g6_child_40,CGGACGGUCCUU,GCGC,GUAAA,AUGGAGAGAGAGAGAG,CGGACGGUCCUUGCGCGUAAAAUGGAGAGAGAGAGAG,CGGACGGUCCUUGCGCGUAAA,...(((((....)).)))...................,-1.6,ViennaRNA; duplex=ViennaRNA cofold,12,16,21,24,0.25,1.0,False,,-10.8,-4.8,-1.194,0.0,0.0053,1.6,-10.3887,52361742120.20212,189110.29719542284,52361675931.5981,10.719014,0.9,0.4,0.7454
g6_child_53,GAUCACACGUUU,GCGA,GAA,AUGGAGAGAGAGAGAG,GAUCACACGUUUGCGAGAAAUGGAGAGAGAGAGAG,GAUCACACGUUUGCGAGAA,.......(((((.....))))).............,-2.0,ViennaRNA; duplex=ViennaRNA cofold,12,16,19,22,1.0,0.5833,False,,-11.2,-3.0,-1.194,0.0,0.0053,2.0,-10.3887,52361762377.644485,5325.226236107778,52361760513.8153,10.719014,0.9333,0.25,0.7454
g7_child_28,CAUGAUCAGGGA,GCGA,GAA,AUGGAGAGAGAGAGAG,CAUGAUCAGGGAGCGAGAAAUGGAGAGAGAGAGAG,CAUGAUCAGGGAGCGAGAA,(((..((.......))...))).............,-0.6,ViennaRNA; duplex=ViennaRNA cofold,12,16,19,22,0.5,0.75,False,,-9.8,-7.4,-1.194,0.0,0.0053,0.6,-10.3887,52361711734.05317,165810786.5863865,52303677958.74793,10.718532,0.8167,0.6167,0.7453
g16_child_63,AACGAUCAGGGU,CGCGA,UAA,AUGGAGAGAGAGAGAG,AACGAUCAGGGUCGCGAUAAAUGGAGAGAGAGAGAG,AACGAUCAGGGUCGCGAUAA,..((((....))))......................,-1.9,ViennaRNA; duplex=ViennaRNA cofold,12,17,20,23,0.6,1.0,False,,-11.3,-1.5,-1.194,0.0,0.288,1.9,-10.306,45788058958.89898,3047.3024846065155,45788057892.34311,10.660752,0.9417,0.125,0.7433
g24_child_73,AACGAUCAGGUU,UUGCCA,UAAUA,AUGGAGAGAGAGAGAG,AACGAUCAGGUUUUGCCAUAAUAAUGGAGAGAGAGAGAG,AACGAUCAGGUUUUGCCAUAAUA,..(..((...((((.((((....)))).))))..))..),-4.1,ViennaRNA; duplex=ViennaRNA cofold,12,18,23,26,0.1667,0.3333,False,,-13.2,-1.8,-1.194,0.0,0.0,4.1,-10.294,44905073615.04456,25.16358764564126,44905073606.237305,10.652295,1.0,0.15,0.743
g5_child_26,CGUGAUCACGGU,GCGA,UAGGGAU,AUGGAGAGAGAGAGAG,CGUGAUCACGGUGCGAUAGGGAUAUGGAGAGAGAGAGAG,CGUGAUCACGGUGCGAUAGGGAU,(.(..((.(.((((......).))).).))..).)....,-2.1,ViennaRNA; duplex=ViennaRNA cofold,12,16,23,26,0.5,0.4167,False,,-11.2,-5.7,-1.194,0.0,0.0053,2.1,-10.2887,44518673680.97534,5975204.800606161,44516582359.29513,10.648522,0.9333,0.475,0.7428
g9_child_29,AAUGAUCAGGGU,UGCGU,CAA,AUGGAGAGAGAGAGAG,AAUGAUCAGGGUUGCGUCAAAUGGAGAGAGAGAGAG,AAUGAUCAGGGUUGCGUCAA,..((((((....)).)))).................,-0.9,ViennaRNA; duplex=ViennaRNA cofold,12,17,20,23,0.2,0.8333,False,,-11.7,-2.4,-1.194,0.0,1.728,0.9,-10.266,42910471871.72386,66508.55145187289,42910448593.73085,10.632563,0.975,0.2,0.7423
seed_0011,CGUGAUCACGGU,GCGA,AGGGA,AUGGAGAGAGAGAGAG,CGUGAUCACGGUGCGAAGGGAAUGGAGAGAGAGAGAG,CGUGAUCACGGUGCGAAGGGA,(.(..((.(.((.(.....).)).).))..).)....,-0.9,ViennaRNA; duplex=ViennaRNA cofold,12,16,21,24,0.75,0.5,False,,-10.2,-4.8,-1.194,0.0,0.288,0.9,-10.206,38929615207.89894,523934.90000544314,38929431830.68394,10.590278,0.85,0.4,0.7408
g10_child_74,CAUGAUCAGGGU,GGCGA,GGA,AUGGAGAGAGAGAGAG,CAUGAUCAGGGUGGCGAGGAAUGGAGAGAGAGAGAG,CAUGAUCAGGGUGGCGAGGA,(((..((........))...))).............,-1.1,ViennaRNA; duplex=ViennaRNA cofold,12,17,20,23,0.6,0.75,False,,-10.4,-6.7,-1.194,0.0,0.288,1.1,-10.206,38929637799.23615,9290422.050603291,38926386151.51844,10.590244,0.8667,0.5583,0.7408
g3_child_78,CGUGAUCACGGU,GCGA,GUAGGGA,AUGGAGAGAGAGAGAG,CGUGAUCACGGUGCGAGUAGGGAAUGGAGAGAGAGAGAG,CGUGAUCACGGUGCGAGUAGGGA,(((..((((.......)).))..))).............,-1.2,ViennaRNA; duplex=ViennaRNA cofold,12,16,23,26,1.0,0.6667,False,,-10.2,-5.4,-1.194,0.0,0.0,1.2,-10.194,38178904124.23097,3526302.0946353623,38177669918.49785,10.581809,0.85,0.45,0.7405
g7_child_55,CAUGAUCACGGU,GCGAA,CGUUA,AUGGAGAGAGAGAGAG,CAUGAUCACGGUGCGAACGUUAAUGGAGAGAGAGAGAG,CAUGAUCACGGUGCGAACGUUA,(((....(((.......)))..))).............,-2.0,ViennaRNA; duplex=ViennaRNA cofold,12,17,22,25,1.0,0.6667,False,,-11.0,-1.8,-1.194,0.0,0.0053,2.0,-10.1887,37850432898.519325,12543.782894884673,37850428508.19531,10.578071,0.9167,0.15,0.7403
g9_child_69,CAUGAUCAGGGU,UGCAA,GGA,AUGGAGAGAGAGAGAG,CAUGAUCAGGGUUGCAAGGAAUGGAGAGAGAGAGAG,CAUGAUCAGGGUUGCAAGGA,....................................,0.0,ViennaRNA; duplex=ViennaRNA cofold,12,17,20,23,1.0,1.0,False,,-10.7,-4.5,-1.194,0.0,1.728,0.0,-10.166,36483108946.29041,1559003.372836251,36482563295.10992,10.562085,0.8917,0.375,0.7398
g1_child_47,GAUCCCAAGUUU,GCGA,GUAA,AUGGAGAGAGAGAGAG,GAUCCCAAGUUUGCGAGUAAAUGGAGAGAGAGAGAG,GAUCCCAAGUUUGCGAGUAA,..(((((..((((....))))))).)).........,-1.1,ViennaRNA; duplex=ViennaRNA cofold,12,16,20,23,0.75,0.25,False,,-11.2,-2.5,-1.194,0.0,1.152,1.1,-10.142,35089616258.200325,25950.258984283053,35089607175.60968,10.545179,0.9333,0.2083,0.7391
g3_child_24,CGGACGGUCCUU,GCGA,ACCAA,AUGGAGAGAGAGAGAG,CGGACGGUCCUUGCGAACCAAAUGGAGAGAGAGAGAG,CGGACGGUCCUUGCGAACCAA,.......(((((.(...((....))...).))).)).,-2.8,ViennaRNA; duplex=ViennaRNA cofold,12,16,21,24,0.75,0.6667,False,,-12.9,-4.7,-1.194,0.0,1.152,2.8,-10.142,35089595895.2737,375474.9750459721,35089464479.03243,10.545177,1.0,0.3917,0.7391
g14_child_66,AACGAUCAGGGU,UGCCGA,GAAA,AUGGAGAGAGAGAGAG,AACGAUCAGGGUUGCCGAGAAAAUGGAGAGAGAGAGAG,AACGAUCAGGGUUGCCGAGAAA,.....((.((....))..))..................,-1.5,ViennaRNA; duplex=ViennaRNA cofold,12,18,22,25,0.6667,0.9167,False,,-11.1,-2.8,-1.194,0.0,0.672,1.5,-10.122,33969099148.870636,739056.3799012151,33968840479.137672,10.531081,0.925,0.2333,0.7386
g21_child_22,AAUGCUCAGGUU,UUGCGA,UAA,AUGGAGAGAGAGAGAG,AAUGCUCAGGUUUUGCGAUAAAUGGAGAGAGAGAGAG,AAUGCUCAGGUUUUGCGAUAA,....(((...((((.(.......).))))...)))..,-3.3,ViennaRNA; duplex=ViennaRNA cofold,12,18,21,24,0.5,0.5833,False,,-12.5,-2.6,-1.194,0.0,0.288,3.3,-10.106,33098520155.609665,1872.8390620705816,33098519500.115993,10.519809,1.0,0.2167,0.7382
g5_child_79,CGUGAUCAGGGU,GCGA,GUGAAA,AUGGAGAGAGAGAGAG,CGUGAUCAGGGUGCGAGUGAAAAUGGAGAGAGAGAGAG,CGUGAUCAGGGUGCGAGUGAAA,(((..(((.........)))..))).............,-1.6,ViennaRNA; duplex=ViennaRNA cofold,12,16,22,25,1.0,0.6667,False,,-10.8,-3.9,-1.194,0.0,0.288,1.6,-10.106,33098507350.628696,454215.86103024095,33098348375.077335,10.519806,0.9,0.325,0.7382
g13_child_40,AAUGAUCAGUGU,UGGA,UAA,AUGGAGAGAGAGAGAG,AAUGAUCAGUGUUGGAUAAAUGGAGAGAGAGAGAG,AAUGAUCAGUGUUGGAUAA,...................................,0.0,ViennaRNA; duplex=ViennaRNA cofold,12,16,19,22,1.0,1.0,False,,-9.2,-3.1,-1.194,0.0,0.288,0.0,-10.106,33098539363.09029,1663549.2458070451,33097957120.85426,10.519801,0.7667,0.2583,0.7382
g11_child_19,AAUAAUCAGGGU,UGCGA,GGA,AUGGAGAGAGAGAGAG,AAUAAUCAGGGUUGCGAGGAAUGGAGAGAGAGAGAG,AAUAAUCAGGGUUGCGAGGA,....................................,0.0,ViennaRNA; duplex=ViennaRNA cofold,12,17,20,23,1.0,1.0,False,,-9.2,-5.9,-1.194,0.0,0.288,0.0,-10.106,33098539363.09029,15116481.562091803,33093248594.543556,10.519739,0.7667,0.4917,0.7382
g8_child_58,AAUGAUCAGGGU,UGAGA,GAA,AUGGAGAGAGAGAGAG,AAUGAUCAGGGUUGAGAGAAAUGGAGAGAGAGAGAG,AAUGAUCAGGGUUGAGAGAA,....................................,0.0,ViennaRNA; duplex=ViennaRNA cofold,12,17,20,23,1.0,1.0,False,,-8.9,-3.3,-1.194,0.0,0.0,0.0,-10.094,32460267326.219845,222426.63693548995,32460189476.89692,10.511351,0.7417,0.275,0.7379
g11_child_71,AAUGACCAGGGU,UGCGAA,GAA,AUGGAGAGAGAGAGAG,AAUGACCAGGGUUGCGAAGAAAUGGAGAGAGAGAGAG,AAUGACCAGGGUUGCGAAGAA,.....(((...((....))...)))............,-1.4,ViennaRNA; duplex=ViennaRNA cofold,12,18,21,24,0.6667,0.6667,False,,-10.3,-3.3,-1.194,0.0,0.0053,1.4,-10.0887,32180946445.993786,7709.274135339738,32180943747.747837,10.507599,0.8583,0.275,0.7378
g9_child_46,CAUUAUCAGGGU,UGCGAA,GAA,AUGGAGAGAGAGAGAG,CAUUAUCAGGGUUGCGAAGAAAUGGAGAGAGAGAGAG,CAUUAUCAGGGUUGCGAAGAA,((((.((........))...)))).............,-0.1,ViennaRNA; duplex=ViennaRNA cofold,12,18,21,24,0.6667,0.6667,False,,-9.0,-3.3,-1.194,0.0,0.0053,0.1,-10.0887,32180935163.185795,63554.364798070244,32180912919.158115,10.507598,0.75,0.275,0.7378
g14_child_39,AGCGAUCAGGGU,UGCGA,GAAA,AUGGAGAGAGAGAGAG,AGCGAUCAGGGUUGCGAGAAAAUGGAGAGAGAGAGAG,AGCGAUCAGGGUUGCGAGAAA,.(((((....)))))......................,-3.5,ViennaRNA; duplex=ViennaRNA cofold,12,17,21,24,0.4,1.0,False,,-13.0,-3.0,-1.194,0.0,0.672,3.5,-10.022,28880989945.7937,1414373.2810429225,28880494915.145336,10.460605,1.0,0.25,0.7361
g9_child_68,CAUGAUCACGGU,UGCGA,GGU,AUGGAGAGAGAGAGAG,CAUGAUCACGGUUGCGAGGUAUGGAGAGAGAGAGAG,CAUGAUCACGGUUGCGAGGU,(((.(((.((....)).)))))).............,-3.0,ViennaRNA; duplex=ViennaRNA cofold,12,17,20,23,0.6,0.5,False,,-11.8,-5.6,-1.194,0.0,0.0,3.0,-9.994,27598187308.447086,1179331.157368661,27597774542.542007,10.440874,0.9833,0.4667,0.7354
g9_child_70,AAUGAUCAGGGU,GCUA,GAA,AUGGAGAGAGAGAGAG,AAUGAUCAGGGUGCUAGAAAUGGAGAGAGAGAGAG,AAUGAUCAGGGUGCUAGAA,...................................,0.0,ViennaRNA; duplex=ViennaRNA cofold,12,16,19,22,1.0,1.0,False,,-8.8,-3.9,-1.194,0.0,0.0053,0.0,-9.9887,27360694083.531372,588866.7178108172,27360487980.180138,10.437124,0.7333,0.325,0.7353
g11_child_32,AAUGAUCAGGGU,UGUGA,CAA,AUGGAGAGAGAGAGAG,AAUGAUCAGGGUUGUGACAAAUGGAGAGAGAGAGAG,AAUGAUCAGGGUUGUGACAA,..((.(((......))))).................,-1.0,ViennaRNA; duplex=ViennaRNA cofold,12,17,20,23,0.4,0.8333,False,,-11.5,-3.4,-1.194,0.0,1.728,1.0,-9.966,26372295386.74752,71779.30491048365,26372270263.990803,10.421148,0.9583,0.2833,0.7347
g21_child_35,AAUGAUCAGGUU,UUGCCA,UAA,AUGGAGAGAGAGAGAG,AAUGAUCAGGUUUUGCCAUAAAUGGAGAGAGAGAGAG,AAUGAUCAGGUUUUGCCAUAA,..........((((.(((....))).)))).......,-2.4,ViennaRNA; duplex=ViennaRNA cofold,12,18,21,24,0.1667,0.4167,False,,-11.4,-1.8,-1.194,0.0,0.288,2.4,-9.906,23925719353.76628,2202.784831263325,23925718582.79159,10.378865,0.95,0.15,0.7332
g9_child_23,CAUGAUCAGGGU,AGCGA,GGA,AUGGAGAGAGAGAGAG,CAUGAUCAGGGUAGCGAGGAAUGGAGAGAGAGAGAG,CAUGAUCAGGGUAGCGAGGA,(((..((........))...))).............,-1.1,ViennaRNA; duplex=ViennaRNA cofold,12,17,20,23,0.6,0.75,False,,-10.1,-6.4,-1.194,0.0,0.288,1.1,-9.906,23925728610.025936,5709795.960365057,23923730181.439808,10.378829,0.8417,0.5333,0.7332
g4_child_68,CGUGAUCACGGU,GCGG,UAGGGA,AUGGAGAGAGAGAGAG,CGUGAUCACGGUGCGGUAGGGAAUGGAGAGAGAGAGAG,CGUGAUCACGGUGCGGUAGGGA,(((..((((......)).))..))).............,-1.9,ViennaRNA; duplex=ViennaRNA cofold,12,16,22,25,0.75,0.6667,False,,-10.6,-6.2,-1.194,0.0,0.0,1.9,-9.894,23464367695.761852,4147550.8706334773,23462916052.95713,10.370382,0.8833,0.5167,0.7329
g7_child_60,CGUGAUCAAGGU,GCGUA,UAGGGA,AUGGAGAGAGAGAGAG,CGUGAUCAAGGUGCGUAUAGGGAAUGGAGAGAGAGAGAG,CGUGAUCAAGGUGCGUAUAGGGA,(.(..((....(.(......).)...))..).)......,-0.1,ViennaRNA; duplex=ViennaRNA cofold,12,17,23,26,0.8,0.5833,False,,-8.8,-5.0,-1.194,0.0,0.0,0.1,-9.894,23464345852.381725,4147547.0096076294,23462894210.928364,10.370382,0.7333,0.4167,0.7329
g15_child_55,GACGAUCAGGGU,UGCCA,GAA,AUGGAGAGAGAGAGAG,GACGAUCAGGGUUGCCAGAAAUGGAGAGAGAGAGAG,GACGAUCAGGGUUGCCAGAA,(((.......))).(((....)))............,-2.4,ViennaRNA; duplex=ViennaRNA cofold,12,17,20,23,0.2,0.75,False,,-11.1,-1.6,-1.194,0.0,0.0053,2.4,-9.8887,23262443109.93827,286.9773295467834,23262443009.496204,10.366655,0.925,0.1333,0.7328
g5_child_65,CGUGAUCACGGU,GCGA,UAGGAGA,AUGGAGAGAGAGAGAG,CGUGAUCACGGUGCGAUAGGAGAAUGGAGAGAGAGAGAG,CGUGAUCACGGUGCGAUAGGAGA,(((..((.(.........)))..))).............,-1.4,ViennaRNA; duplex=ViennaRNA cofold,12,16,23,26,1.0,0.6667,False,,-11.2,-7.3,-1.194,0.0,1.152,1.4,-9.842,21565680953.812344,249575209.16221076,21478329630.605568,10.332001,0.9333,0.6083,0.7315
g17_child_74,AACGAUCAGGGU,CUGCG,GUA,AUGGAGAGAGAGAGAG,AACGAUCAGGGUCUGCGGUAAUGGAGAGAGAGAGAG,AACGAUCAGGGUCUGCGGUA,..(..((....(((.((....)).)))....))..),-3.8,ViennaRNA; duplex=ViennaRNA cofold,12,17,20,23,0.2,0.5833,False,,-13.1,-4.1,-1.194,0.0,0.672,3.8,-9.822,20877044014.15765,17694.100999933995,20877037821.2223,10.319669,1.0,0.3417,0.7311
g3_child_73,CGUGAUCACGGU,GCGA,AAAAG,AUGGAGAGAGAGAGAG,CGUGAUCACGGUGCGAAAAAGAUGGAGAGAGAGAGAG,CGUGAUCACGGUGCGAAAAAG,(.(..((.(.((.(......))).).))..).)....,-0.9,ViennaRNA; duplex=ViennaRNA cofold,12,16,21,24,0.75,0.5,False,,-10.2,-2.4,-1.194,0.0,0.672,0.9,-9.822,20877035937.356934,196197.82472354802,20876967268.11828,10.319667,0.85,0.2,0.7311
g14_child_27,AACGAUCAGGGU,UACGA,GUAC,AUGGAGAGAGAGAGAG,AACGAUCAGGGUUACGAGUACAUGGAGAGAGAGAGAG,AACGAUCAGGGUUACGAGUAC,..(..((...((.......))...))..)........,-0.4,ViennaRNA; duplex=ViennaRNA cofold,12,17,21,24,1.0,0.5833,False,,-9.7,-3.3,-1.194,0.0,0.672,0.4,-9.822,20877055119.76366,1202520.0332767745,20876634237.752014,10.31966,0.8083,0.275,0.7311
g3_child_29,CGUGAUCACGAU,GCGA,AGGGA,AUGGAGAGAGAGAGAG,CGUGAUCACGAUGCGAAGGGAAUGGAGAGAGAGAGAG,CGUGAUCACGAUGCGAAGGGA,(.(..((.((.(.(....).).))))..).)......,-0.7,ViennaRNA; duplex=ViennaRNA cofold,12,16,21,24,0.75,0.4167,False,,-9.6,-4.8,-1.194,0.0,0.288,0.7,-9.806,20341980746.085567,523934.4185997898,20341797369.03906,10.308389,0.8,0.4,0.7307
g4_child_56,CGUGAUCAGGGU,GCGUA,GUAAA,AUGGAGAGAGAGAGAG,CGUGAUCAGGGUGCGUAGUAAAAUGGAGAGAGAGAGAG,CGUGAUCAGGGUGCGUAGUAAA,(.(..(((...(((...)))...))).).)........,-0.2,ViennaRNA; duplex=ViennaRNA cofold,12,17,22,25,0.6,0.5,False,,-8.8,-4.2,-1.194,0.0,0.0,0.2,-9.794,19949718169.403793,1763621.5593805113,19949100901.85801,10.299923,0.7333,0.35,0.7304
g9_child_16,CAUGACCAGGGU,UGCGAA,GAA,AUGGAGAGAGAGAGAG,CAUGACCAGGGUUGCGAAGAAAUGGAGAGAGAGAGAG,CAUGACCAGGGUUGCGAAGAA,.....(((...((....))...)))............,-1.4,ViennaRNA; duplex=ViennaRNA cofold,12,18,21,24,0.6667,0.6667,False,,-10.0,-3.3,-1.194,0.0,0.0053,1.4,-9.7887,19778056889.492393,7709.274135339738,19778054191.246445,10.296184,0.8333,0.275,0.7302
g7_child_59,CAUGAUCACGGU,GCAAA,UGUUA,AUGGAGAGAGAGAGAG,CAUGAUCACGGUGCAAAUGUUAAUGGAGAGAGAGAGAG,CAUGAUCACGGUGCAAAUGUUA,......................................,0.0,ViennaRNA; duplex=ViennaRNA cofold,12,17,22,25,1.0,1.0,False,,-8.6,-3.0,-1.194,0.0,0.0053,0.0,-9.7887,19778068366.94343,1414373.281042924,19777573336.295067,10.296173,0.7167,0.25,0.7302
g10_child_16,CAUGAACACGGU,GCGA,UAGAGGA,AUGGAGAGAGAGAGAG,CAUGAACACGGUGCGAUAGAGGAAUGGAGAGAGAGAGAG,CAUGAACACGGUGCGAUAGAGGA,.......................................,0.0,ViennaRNA; duplex=ViennaRNA cofold,12,16,23,26,1.0,1.0,False,,-8.6,-5.8,-1.194,0.0,0.0053,0.0,-9.7887,19778068366.94343,32726232.297001142,19766614185.63948,10.295932,0.7167,0.4833,0.7302
g14_child_46,AAUGAUCAGGUU,UUGCGA,UCA,AUGGAGAGAGAGAGAG,AAUGAUCAGGUUUUGCGAUCAAUGGAGAGAGAGAGAG,AAUGAUCAGGUUUUGCGAUCA,..(((((.(......))))))................,-3.7,ViennaRNA; duplex=ViennaRNA cofold,12,18,21,24,0.5,0.75,False,,-14.0,0.0,-1.194,0.0,1.728,3.7,-9.766,19063605007.332397,14.39957952120343,19063605002.292545,10.280205,1.0,0.0,0.7297
g9_child_57,CAUGAUCACGGU,GCGCA,UAGAGGA,AUGGAGAGAGAGAGAG,CAUGAUCACGGUGCGCAUAGAGGAAUGGAGAGAGAGAGAG,CAUGAUCACGGUGCGCAUAGAGGA,.....((.(.((.(........).)).).)).........,-0.3,ViennaRNA; duplex=ViennaRNA cofold,12,17,24,27,0.8,0.5,False,,-10.0,-5.8,-1.194,0.0,1.152,0.3,-9.742,18335440477.593296,20113189.431575805,18328400861.292244,10.263125,0.8333,0.4833,0.7291
g3_child_56,GAUCCCAGGUUU,GCGA,GUAA,AUGGAGAGAGAGAGAG,GAUCCCAGGUUUGCGAGUAAAUGGAGAGAGAGAGAG,GAUCCCAGGUUUGCGAGUAA,..(((((..(........)..))).)).........,-2.0,ViennaRNA; duplex=ViennaRNA cofold,12,16,20,23,1.0,0.5,False,,-11.2,-3.2,-1.194,0.0,0.672,2.0,-9.722,17749967269.57255,18758.511589039088,17749960704.093494,10.249197,0.9333,0.2667,0.7286
g18_child_65,AAUGAUCAGGUU,UUCGA,UAAA,AUGGAGAGAGAGAGAG,AAUGAUCAGGUUUUCGAUAAAAUGGAGAGAGAGAGAG,AAUGAUCAGGUUUUCGAUAAA,.....((...(((((.((...)).)))))...))...,-2.3,ViennaRNA; duplex=ViennaRNA cofold,12,17,21,24,0.2,0.4167,False,,-10.8,-3.1,-1.194,0.0,0.0053,2.3,-9.6887,16815599505.139723,21358.746283007695,16815592029.578524,10.225712,0.9,0.2583,0.7277
g7_child_43,CAUGAUCACGGU,GGGA,UGUUA,AUGGAGAGAGAGAGAG,CAUGAUCACGGUGGGAUGUUAAUGGAGAGAGAGAGAG,CAUGAUCACGGUGGGAUGUUA,(((...(((.....).))...))).............,-0.6,ViennaRNA; duplex=ViennaRNA cofold,12,16,21,24,0.75,0.75,False,,-9.1,-5.1,-1.194,0.0,0.0053,0.6,-9.6887,16815592389.715935,16130181.034664884,16809946826.353802,10.225566,0.7583,0.425,0.7277
g1_child_49,CGUGAUCACGGU,GCGA,GAAAAG,AUGGAGAGAGAGAGAG,CGUGAUCACGGUGCGAGAAAAGAUGGAGAGAGAGAGAG,CGUGAUCACGGUGCGAGAAAAG,(((....)))............................,-0.6,ViennaRNA; duplex=ViennaRNA cofold,12,16,22,25,1.0,1.0,False,,-10.2,-3.0,-1.194,0.0,1.152,0.6,-9.642,15589054355.46701,348087.5682049752,15588932524.818138,10.192816,0.85,0.25,0.7265
g6_child_17,CGUGAUCAGGGU,GCGA,AUAAA,AUGGAGAGAGAGAGAG,CGUGAUCAGGGUGCGAAUAAAAUGGAGAGAGAGAGAG,CGUGAUCAGGGUGCGAAUAAA,.....................................,0.0,ViennaRNA; duplex=ViennaRNA cofold,12,16,21,24,1.0,1.0,False,,-10.8,-3.9,-1.194,0.0,2.4,0.0,-9.594,14420934221.948082,588866.7178108172,14420728118.596848,10.158987,0.9,0.325,0.7253
g23_child_18,AACGAUCAGGUU,UUCGA,UAAA,AUGGAGAGAGAGAGAG,AACGAUCAGGUUUUCGAUAAAAUGGAGAGAGAGAGAG,AACGAUCAGGUUUUCGAUAAA,..(..((...(((((.((...)).)))))...))..),-2.7,ViennaRNA; duplex=ViennaRNA cofold,12,17,21,24,0.2,0.4167,False,,-11.1,-1.6,-1.194,0.0,0.0053,2.7,-9.5887,14296861870.556065,978.6190144644103,14296861528.03941,10.155241,0.925,0.1333,0.7252
g8_child_70,CAUGAUCACGGU,GCGA,UGUU,AUGGAGAGAGAGAGAG,CAUGAUCACGGUGCGAUGUUAUGGAGAGAGAGAGAG,CAUGAUCACGGUGCGAUGUU,((((((..((...))..)))))).............,-3.1,ViennaRNA; duplex=ViennaRNA cofold,12,16,20,23,0.5,0.5,False,,-13.2,-3.0,-1.194,0.0,1.728,3.1,-9.566,13780399064.597176,9245.743925421304,13780395828.586802,10.139262,1.0,0.25,0.7246
g24_child_21,AACGAUCAGGUU,UUUCGA,UAA,AUGGAGAGAGAGAGAG,AACGAUCAGGUUUUUCGAUAAAUGGAGAGAGAGAGAG,AACGAUCAGGUUUUUCGAUAA,..(..((...((((((........))))))..))..),-3.6,ViennaRNA; duplex=ViennaRNA cofold,12,18,21,24,0.3333,0.5,False,,-12.2,-2.5,-1.194,0.0,0.288,3.6,-9.506,12501975892.645119,1824.8410759410888,12501975253.950743,10.096979,1.0,0.2083,0.7231
g6_child_62,CAUGAUCACGGU,GCUA,GUAAA,AUGGAGAGAGAGAGAG,CAUGAUCACGGUGCUAGUAAAAUGGAGAGAGAGAGAG,CAUGAUCACGGUGCUAGUAAA,.............(((......)))............,-0.2,ViennaRNA; duplex=ViennaRNA cofold,12,16,21,24,0.25,0.75,False,,-8.5,-3.0,-1.194,0.0,0.0053,0.2,-9.4887,12155380172.639847,1631470.1215321426,12154809158.097311,10.084748,0.7083,0.25,0.7227
g12_child_39,AAUGAUCAGGGU,UGGA,GAA,AUGGAGAGAGAGAGAG,AAUGAUCAGGGUUGGAGAAAUGGAGAGAGAGAGAG,AAUGAUCAGGGUUGGAGAA,...................................,0.0,ViennaRNA; duplex=ViennaRNA cofold,12,16,19,22,1.0,1.0,False,,-8.3,-6.4,-1.194,0.0,0.0053,0.0,-9.4887,12155383993.511297,352047623.5120952,12032167325.282064,10.080344,0.6917,0.5333,0.7225
g17_child_21,AAUGAUCAGGUU,UUGCGA,UCAA,AUGGAGAGAGAGAGAG,AAUGAUCAGGUUUUGCGAUCAAAUGGAGAGAGAGAGAG,AAUGAUCAGGUUUUGCGAUCAA,..(((((.(......)))))).................,-3.7,ViennaRNA; duplex=ViennaRNA cofold,12,18,22,25,0.5,0.8333,False,,-13.5,0.0,-1.194,0.0,1.525,3.7,-9.469,11773460337.739933,6.608238673395346,11773460335.42705,10.070904,1.0,0.0,0.7222
g12_child_57,AACGAUCAGGGU,UGCGA,UCA,AUGGAGAGAGAGAGAG,AACGAUCAGGGUUGCGAUCAAUGGAGAGAGAGAGAG,AACGAUCAGGGUUGCGAUCA,...((((........)))).................,-3.4,ViennaRNA; duplex=ViennaRNA cofold,12,17,20,23,0.6,0.8333,False,,-13.4,0.0,-1.194,0.0,1.728,3.4,-9.466,11716291710.750982,23.429597797758138,11716291702.550623,10.06879,1.0,0.0,0.7221
g7_child_62,CAUGAUCAGGGU,CGCGA,GAA,AUGGAGAGAGAGAGAG,CAUGAUCAGGGUCGCGAGAAAUGGAGAGAGAGAGAG,CAUGAUCAGGGUCGCGAGAA,(((..((..(....)..)).))).............,-1.2,ViennaRNA; duplex=ViennaRNA cofold,12,17,20,23,0.8,0.5833,False,,-9.7,-3.0,-1.194,0.0,0.288,1.2,-9.406,10629350396.862886,19503.45606066862,10629343570.653265,10.026506,0.8083,0.25,0.7206
g4_child_49,CGUGAUCACGGA,GCGA,UAGGGA,AUGGAGAGAGAGAGAG,CGUGAUCACGGAGCGAUAGGGAAUGGAGAGAGAGAGAG,CGUGAUCACGGAGCGAUAGGGA,(((....)))............................,-0.6,ViennaRNA; duplex=ViennaRNA cofold,12,16,22,25,1.0,1.0,False,,-8.8,-5.2,-1.194,0.0,0.0,0.6,-9.394,10424380620.329815,2549038.3097834117,10423488456.92139,10.018013,0.7333,0.4333,0.7203
g3_child_61,CGGACGGUCCUU,GCGA,ACCUAA,AUGGAGAGAGAGAGAG,CGGACGGUCCUUGCGAACCUAAAUGGAGAGAGAGAGAG,CGGACGGUCCUUGCGAACCUAA,.......(((((.(...((.....))...).))).)).,-3.3,ViennaRNA; duplex=ViennaRNA cofold,12,16,22,25,0.75,0.75,False,,-13.0,-4.8,-1.194,0.0,1.525,3.3,-9.369,10009957989.337536,30522.03477088979,10009947306.625366,10.000432,1.0,0.4,0.7197
g14_child_67,AAUGAUCAGGGU,UGGA,UAA,AUGGAGAGAGAGAGAG,AAUGAUCAGGGUUGGAUAAAUGGAGAGAGAGAGAG,AAUGAUCAGGGUUGGAUAA,...................................,0.0,ViennaRNA; duplex=ViennaRNA cofold,12,16,19,22,1.0,1.0,False,,-9.3,-5.2,-1.194,0.0,1.152,0.0,-9.342,9580865612.35759,50227433.7625923,9563286010.540682,9.980607,0.775,0.4333,0.719
g15_child_47,AACGAUCAGGUU,CGCGA,GUA,AUGGAGAGAGAGAGAG,AACGAUCAGGUUCGCGAGUAAUGGAGAGAGAGAGAG,AACGAUCAGGUUCGCGAGUA,..(((......)))......................,-1.7,ViennaRNA; duplex=ViennaRNA cofold,12,17,20,23,0.6,1.0,False,,-10.1,-2.5,-1.194,0.0,0.288,1.7,-9.306,9037220410.968327,60731.36034402745,9037199154.992207,9.956034,0.8417,0.2083,0.7181
g7_child_25,CAUAAUCACGGU,GCGA,UGUUA,AUGGAGAGAGAGAGAG,CAUAAUCACGGUGCGAUGUUAAUGGAGAGAGAGAGAG,CAUAAUCACGGUGCGAUGUUA,.....................................,0.0,ViennaRNA; duplex=ViennaRNA cofold,12,16,21,24,1.0,1.0,False,,-8.1,-3.0,-1.194,0.0,0.0053,0.0,-9.2887,8786692871.027021,758495.0855404114,8786427397.747082,9.943812,0.675,0.25,0.7176
g3_child_31,CGUGAUCACGGU,GCGA,GUAAAG,AUGGAGAGAGAGAGAG,CGUGAUCACGGUGCGAGUAAAGAUGGAGAGAGAGAGAG,CGUGAUCACGGUGCGAGUAAAG,(((....)))............................,-0.6,ViennaRNA; duplex=ViennaRNA cofold,12,16,22,25,1.0,1.0,False,,-10.2,-2.5,-1.194,0.0,1.525,0.6,-9.269,8510604025.82856,20410.0209618112,8510596882.321223,9.92996,0.85,0.2083,0.7171
seed_0063,CGGACGGUCCUU,GCGA,ACCAAA,AUGGAGAGAGAGAGAG,CGGACGGUCCUUGCGAACCAAAAUGGAGAGAGAGAGAG,CGGACGGUCCUUGCGAACCAAA,.......(((((.(...(((...)))...).))).)).,-3.1,ViennaRNA; duplex=ViennaRNA cofold,12,16,22,25,0.75,0.5833,False,,-12.9,-4.7,-1.194,0.0,1.728,3.1,-9.266,8469278915.534209,145868.1743898005,8469227861.673173,9.927844,1.0,0.3917,0.7171
g3_child_55,CGUGAUCACGGU,GCGA,GAAAAU,AUGGAGAGAGAGAGAG,CGUGAUCACGGUGCGAGAAAAUAUGGAGAGAGAGAGAG,CGUGAUCACGGUGCGAGAAAAU,(.(..((.(.(((........))).).))..).)....,-1.0,ViennaRNA; duplex=ViennaRNA cofold,12,16,22,25,0.75,0.5,False,,-10.2,-3.0,-1.194,0.0,1.152,1.0,-9.242,8145786933.739352,1169183.2287546336,8145377719.609288,9.910911,0.85,0.25,0.7165
g12_child_22,AAUGAUCAGGUU,UGCCA,UAA,AUGGAGAGAGAGAGAG,AAUGAUCAGGUUUGCCAUAAAUGGAGAGAGAGAGAG,AAUGAUCAGGUUUGCCAUAA,.....((...(((.(((....))).)))...))...,-1.6,ViennaRNA; duplex=ViennaRNA cofold,12,17,20,23,0.2,0.5,False,,-9.9,-2.9,-1.194,0.0,0.288,1.6,-9.206,7683580298.40091,48076.64205853955,7683563471.57619,9.885563,0.825,0.2417,0.7156
g4_child_45,CGUGAUCACGGU,GCGA,CAGGGA,AUGGAGAGAGAGAGAG,CGUGAUCACGGUGCGACAGGGAAUGGAGAGAGAGAGAG,CGUGAUCACGGUGCGACAGGGA,(((....)))...(..((.....))..)..........,-1.2,ViennaRNA; duplex=ViennaRNA cofold,12,16,22,25,0.75,0.75,False,,-9.5,-3.7,-1.194,0.0,0.288,1.2,-9.206,7683575096.381381,154643.02540583338,7683520971.322489,9.88556,0.7917,0.3083,0.7156
g20_child_46,AAUGAUCAGGUU,UUGCA,UAAUA,AUGGAGAGAGAGAGAG,AAUGAUCAGGUUUUGCAUAAUAAUGGAGAGAGAGAGAG,AAUGAUCAGGUUUUGCAUAAUA,.....((...((((.(((....))).))))...))...,-2.8,ViennaRNA; duplex=ViennaRNA cofold,12,17,22,25,0.2,0.4167,False,,-13.2,-3.2,-1.194,0.0,2.4,2.8,-9.194,7535413534.024744,5121.827241586181,7535411741.385209,9.877107,1.0,0.2667,0.7153
g16_child_17,AACGAUCAGGGU,UGCAGA,GUA,AUGGAGAGAGAGAGAG,AACGAUCAGGGUUGCAGAGUAAUGGAGAGAGAGAGAG,AACGAUCAGGGUUGCAGAGUA,..(..((...(((((...)))))...))..)......,-2.4,ViennaRNA; duplex=ViennaRNA cofold,12,18,21,24,0.5,0.4167,False,,-12.8,-3.3,-1.194,0.0,2.4,2.4,-9.194,7535404788.244994,4527.581500191937,7535403203.591469,9.877106,1.0,0.275,0.7153
g6_child_33,CGUGAUCAGGGU,GCGA,UUAAA,AUGGAGAGAGAGAGAG,CGUGAUCAGGGUGCGAUUAAAAUGGAGAGAGAGAGAG,CGUGAUCAGGGUGCGAUUAAA,..(((((.......)))))..................,-1.6,ViennaRNA; duplex=ViennaRNA cofold,12,16,21,24,0.5,0.9167,False,,-9.6,-2.3,-1.194,0.0,0.0053,1.6,-9.1887,7470574414.785462,3272.8269310098885,7470573269.296037,9.873354,0.8,0.1917,0.7151
g4_child_75,CGUGAUCACGGU,GCGA,UAGGGUA,AUGGAGAGAGAGAGAG,CGUGAUCACGGUGCGAUAGGGUAAUGGAGAGAGAGAGAG,CGUGAUCACGGUGCGAUAGGGUA,(.(..((.((.(((......))).))))..).)......,-3.0,ViennaRNA; duplex=ViennaRNA cofold,12,16,23,26,0.5,0.3333,False,,-11.0,-3.7,-1.194,0.0,0.0053,3.0,-9.1887,7470567911.890068,54034.82176073637,7470548999.702452,9.873353,0.9167,0.3083,0.7151
g12_child_24,CAUGAUCAGGGU,UACGGUA,GAA,AUGGAGAGAGAGAGAG,CAUGAUCAGGGUUACGGUAGAAAUGGAGAGAGAGAGAG,CAUGAUCAGGGUUACGGUAGAA,......................................,0.0,ViennaRNA; duplex=ViennaRNA cofold,12,19,22,25,1.0,1.0,False,,-8.0,-4.5,-1.194,0.0,0.0053,0.0,-9.1887,7470565744.259532,8650237.93527164,7467538160.982187,9.873177,0.6667,0.375,0.7151
g4_child_71,CGUGAUCAGGGU,GCGA,GCA,AUGGAGAGAGAGAGAG,CGUGAUCAGGGUGCGAGCAAUGGAGAGAGAGAGAG,CGUGAUCAGGGUGCGAGCA,(.(..(((..((....))..))).).)........,-1.7,ViennaRNA; duplex=ViennaRNA cofold,12,16,19,22,1.0,0.4167,False,,-10.8,-3.9,-1.194,0.0,1.152,1.7,-9.142,6925662821.561147,95041.92646442038,6925629556.886884,9.840459,0.9,0.325,0.7139
g14_child_73,AAUGAUCAGGUU,UUCGA,UAA,AUGGAGAGAGAGAGAG,AAUGAUCAGGUUUUCGAUAAAUGGAGAGAGAGAGAG,AAUGAUCAGGUUUUCGAUAA,.....((...(((((........)))))...))...,-2.6,ViennaRNA; duplex=ViennaRNA cofold,12,17,20,23,0.4,0.5833,False,,-10.8,-3.1,-1.194,0.0,0.288,2.6,-9.106,6532687833.015882,24477.778823581273,6532679265.793293,9.815091,0.9,0.2583,0.713
g11_child_43,AAUGAUCAGGGU,UGCCGA,GGA,AUGGAGAGAGAGAGAG,AAUGAUCAGGGUUGCCGAGGAAUGGAGAGAGAGAGAG,AAUGAUCAGGGUUGCCGAGGA,........((....)).....................,-1.3,ViennaRNA; duplex=ViennaRNA cofold,12,18,21,24,0.6667,1.0,False,,-9.5,-5.9,-1.194,0.0,0.288,1.3,-9.106,6532683805.081264,15116469.86572472,6527393040.62826,9.81474,0.7917,0.4917,0.713
g4_child_16,CGUGAUCACGGU,GCGA,UAGGA,AUGGAGAGAGAGAGAG,CGUGAUCACGGUGCGAUAGGAAUGGAGAGAGAGAGAG,CGUGAUCACGGUGCGAUAGGA,(.(..((.(.((.(.....).)).).))..).)....,-0.9,ViennaRNA; duplex=ViennaRNA cofold,12,16,21,24,0.75,0.5,False,,-11.2,-3.3,-1.194,0.0,2.4,0.9,-9.094,6406708560.747247,51634.708182601156,6406690488.599382,9.806634,0.9333,0.275,0.7127
g11_child_29,CAUGAUCAGGGU,UGCAUA,GAA,AUGGAGAGAGAGAGAG,CAUGAUCAGGGUUGCAUAGAAAUGGAGAGAGAGAGAG,CAUGAUCAGGGUUGCAUAGAA,...........((.(((....))).))..........,-0.4,ViennaRNA; duplex=ViennaRNA cofold,12,18,21,24,0.3333,0.5833,False,,-10.7,-3.3,-1.194,0.0,2.4,0.4,-9.094,6406714447.410936,1918893.0698008025,6406042834.836506,9.80659,0.8917,0.275,0.7127
g2_child_53,GUAGUGGUAUUU,GCGA,UGUGA,AUGGAGAGAGAGAGAG,GUAGUGGUAUUUGCGAUGUGAAUGGAGAGAGAGAGAG,GUAGUGGUAUUUGCGAUGUGA,((((......)))).......................,-1.4,ViennaRNA; duplex=ViennaRNA cofold,12,16,21,24,0.5,1.0,False,,-9.3,-1.4,-1.194,0.0,0.0053,1.4,-9.0887,6351588853.138764,5831.794431568203,6351586812.010714,9.802882,0.775,0.1167,0.7126
g3_child_54,GUAGUGGUAUUU,GCGA,UGUGU,AUGGAGAGAGAGAGAG,GUAGUGGUAUUUGCGAUGUGUAUGGAGAGAGAGAGAG,GUAGUGGUAUUUGCGAUGUGU,((((......)))).......................,-1.4,ViennaRNA; duplex=ViennaRNA cofold,12,16,21,24,0.5,1.0,False,,-9.3,-1.4,-1.194,0.0,0.0053,1.4,-9.0887,6351588853.138764,17203.582948826373,6351582831.884732,9.802882,0.775,0.1167,0.7126
g13_child_66,CAUGAUCAGGGU,UGCGAUC,GAA,AUGGAGAGAGAGAGAG,CAUGAUCAGGGUUGCGAUCGAAAUGGAGAGAGAGAGAG,CAUGAUCAGGGUUGCGAUCGAA,...((((........))))...................,-3.4,ViennaRNA; duplex=ViennaRNA cofold,12,19,22,25,0.4286,1.0,False,,-11.3,0.0,-1.194,0.0,0.0053,3.4,-9.0887,6351586395.869568,69.11646730712748,6351586371.678804,9.802882,0.9417,0.0,0.7126
g8_child_37,CAUGAUCAGGGU,GCGAG,UGUA,AUGGAGAGAGAGAGAG,CAUGAUCAGGGUGCGAGUGUAAUGGAGAGAGAGAGAG,CAUGAUCAGGGUGCGAGUGUA,.....((....(((....)))...))...........,-0.3,ViennaRNA; duplex=ViennaRNA cofold,12,17,21,24,0.6,0.5833,False,,-12.2,-3.9,-1.194,0.0,4.032,0.3,-9.062,6082532302.318462,2008088.9341851217,6081829471.191498,9.784034,1.0,0.325,0.7119
g3_child_79,CGUGAUCACGGU,GCGAG,AGGGA,AUGGAGAGAGAGAGAG,CGUGAUCACGGUGCGAGAGGGAAUGGAGAGAGAGAGAG,CGUGAUCACGGUGCGAGAGGGA,(.(..((.(.((.(......).)).).))..).)....,-1.2,ViennaRNA; duplex=ViennaRNA cofold,12,17,22,25,0.8,0.5,False,,-10.2,-6.3,-1.194,0.0,1.152,1.2,-9.042,5888296110.384018,10509791.31852086,5884617683.422536,9.769718,0.85,0.525,0.7114
g11_child_68,AAUGAUCAGGGU,UCGA,UAA,AUGGAGAGAGAGAGAG,AAUGAUCAGGGUUCGAUAAAUGGAGAGAGAGAGAG,AAUGAUCAGGGUUCGAUAA,...........(((........)))..........,-0.2,ViennaRNA; duplex=ViennaRNA cofold,12,16,19,22,0.5,0.75,False,,-8.7,-3.3,-1.194,0.0,0.672,0.2,-9.022,5700274319.3378315,1663549.3664792904,5699692077.059564,9.755851,0.725,0.275,0.7109
g7_child_73,AAUGUUCAGGGU,GCGA,GAA,AUGGAGAGAGAGAGAG,AAUGUUCAGGGUGCGAGAAAUGGAGAGAGAGAGAG,AAUGUUCAGGGUGCGAGAA,..(.((((............)))).).........,-0.4,ViennaRNA; duplex=ViennaRNA cofold,12,16,19,22,1.0,0.5833,False,,-8.2,-3.9,-1.194,0.0,0.0,0.4,-8.994,5447079101.664686,783514.7404061514,5446804871.505544,9.736142,0.6833,0.325,0.7102
g12_child_69,AAUGAUCAGGGU,UCGAUA,GAA,AUGGAGAGAGAGAGAG,AAUGAUCAGGGUUCGAUAGAAAUGGAGAGAGAGAGAG,AAUGAUCAGGGUUCGAUAGAA,.....((....(((....)))...))...........,-0.9,ViennaRNA; duplex=ViennaRNA cofold,12,18,21,24,0.6667,0.5833,False,,-8.7,-3.3,-1.194,0.0,0.0053,0.9,-8.9887,5400210333.98576,131479.65361804247,5400164316.106994,9.732407,0.725,0.275,0.7101
g7_child_37,AAUGAUCAGGGU,GCAA,GAA,AUGGAGAGAGAGAGAG,AAUGAUCAGGGUGCAAGAAAUGGAGAGAGAGAGAG,AAUGAUCAGGGUGCAAGAA,...................................,0.0,ViennaRNA; duplex=ViennaRNA cofold,12,16,19,22,1.0,1.0,False,,-8.9,-3.9,-1.194,0.0,1.152,0.0,-8.942,5006316190.141713,1499456.6598082536,5005791380.310781,9.699473,0.7417,0.325,0.7089
g9_child_55,CAUGGUCACGGU,GCGA,UGUUAA,AUGGAGAGAGAGAGAG,CAUGGUCACGGUGCGAUGUUAAAUGGAGAGAGAGAGAG,CAUGGUCACGGUGCGAUGUUAA,(((.((......)).)))....................,-2.3,ViennaRNA; duplex=ViennaRNA cofold,12,16,22,25,0.25,1.0,False,,-10.3,-0.7,-1.194,0.0,0.288,2.3,-8.906,4722243760.412871,199.52219599238046,4722243690.580103,9.674148,0.8583,0.0583,0.708
g20_child_17,AAUGAUCAGGUU,UUCGA,UAAUA,AUGGAGAGAGAGAGAG,AAUGAUCAGGUUUUCGAUAAUAAUGGAGAGAGAGAGAG,AAUGAUCAGGUUUUCGAUAAUA,.....((...(((((.((....)).)))))...))...,-3.1,ViennaRNA; duplex=ViennaRNA cofold,12,17,22,25,0.2,0.4167,False,,-10.8,-3.1,-1.194,0.0,0.0,3.1,-8.894,4631182895.232237,2676.3210893522337,4631181958.5198555,9.665692,0.9,0.2583,0.7077
g20_child_68,AAUUAUCAGGUU,UUGCGA,UAAUA,AUGGAGAGAGAGAGAG,AAUUAUCAGGUUUUGCGAUAAUAAUGGAGAGAGAGAGAG,AAUUAUCAGGUUUUGCGAUAAUA,.((((((.(......))))))).................,-2.7,ViennaRNA; duplex=ViennaRNA cofold,12,18,23,26,0.5,0.8333,False,,-10.4,-0.5,-1.194,0.0,0.0,2.7,-8.894,4631180039.730432,29.59675476998711,4631180029.371568,9.665692,0.8667,0.0417,0.7077
g1_child_36,CAUCAUACAUUU,GCGA,AAU,AUGGAGAGAGAGAGAG,CAUCAUACAUUUGCGAAAUAUGGAGAGAGAGAGAG,CAUCAUACAUUUGCGAAAU,...................................,0.0,ViennaRNA; duplex=ViennaRNA cofold,12,16,19,22,1.0,1.0,False,,-7.7,0.0,-1.194,0.0,0.0053,0.0,-8.8887,4591334912.503887,17352.894774537916,4591328838.990716,9.661938,0.6417,0.0,0.7076
g3_child_22,CGUGAUCACGGU,GCGA,GAAUAAG,AUGGAGAGAGAGAGAG,CGUGAUCACGGUGCGAGAAUAAGAUGGAGAGAGAGAGAG,CGUGAUCACGGUGCGAGAAUAAG,(.(..((.(.((.(........))).).))..).)....,-0.8,ViennaRNA; duplex=ViennaRNA cofold,12,16,23,26,0.75,0.5,False,,-10.2,-3.0,-1.194,0.0,1.728,0.8,-8.866,4425471012.714952,98816.22116721421,4425436427.037544,9.645956,0.85,0.25,0.707
g3_child_72,CGUGAUCACGGU,GCGA,GAAAAAG,AUGGAGAGAGAGAGAG,CGUGAUCACGGUGCGAGAAAAAGAUGGAGAGAGAGAGAG,CGUGAUCACGGUGCGAGAAAAAG,(.(..((.(.((.(........))).).))..).)....,-0.8,ViennaRNA; duplex=ViennaRNA cofold,12,16,23,26,0.75,0.5,False,,-10.2,-3.0,-1.194,0.0,1.728,0.8,-8.866,4425471012.714952,1617431.6590499538,4424904911.634285,9.645904,0.85,0.25,0.707
g15_child_33,AACGAUCAGGGU,UCGA,UAA,AUGGAGAGAGAGAGAG,AACGAUCAGGGUUCGAUAAAUGGAGAGAGAGAGAG,AACGAUCAGGGUUCGAUAA,..(((.......)))....................,-1.1,ViennaRNA; duplex=ViennaRNA cofold,12,16,19,22,0.25,1.0,False,,-9.4,-2.2,-1.194,0.0,0.672,1.1,-8.822,4120518003.3214254,64804.020715485756,4120495321.914175,9.614949,0.7833,0.1833,0.7059
g1_child_40,GUAGUGGUAUUU,GCGA,UGUGGA,AUGGAGAGAGAGAGAG,GUAGUGGUAUUUGCGAUGUGGAAUGGAGAGAGAGAGAG,GUAGUGGUAUUUGCGAUGUGGA,((((......))))........................,-1.4,ViennaRNA; duplex=ViennaRNA cofold,12,16,22,25,0.5,1.0,False,,-9.3,-2.4,-1.194,0.0,0.288,1.4,-8.806,4014920509.312997,71779.27714088475,4014895386.5659976,9.603674,0.775,0.2,0.7055
g7_child_35,CUUGAUCAAGGU,GCGA,UAGGGA,AUGGAGAGAGAGAGAG,CUUGAUCAAGGUGCGAUAGGGAAUGGAGAGAGAGAGAG,CUUGAUCAAGGUGCGAUAGGGA,(((..((....(.(....).)....))..)))......,-3.4,ViennaRNA; duplex=ViennaRNA cofold,12,16,22,25,0.75,0.5833,False,,-11.0,-4.2,-1.194,0.0,0.0,3.4,-8.794,3937493378.547103,5351.211767329456,3937491505.6229844,9.59522,0.9167,0.35,0.7052
g21_child_50,AACGAUCAGGUU,UUCGA,UAAUA,AUGGAGAGAGAGAGAG,AACGAUCAGGUUUUCGAUAAUAAUGGAGAGAGAGAGAG,AACGAUCAGGUUUUCGAUAAUA,..(..((...(((((.((....)).)))))...))..),-3.5,ViennaRNA; duplex=ViennaRNA cofold,12,17,22,25,0.2,0.4167,False,,-11.1,-1.6,-1.194,0.0,0.0,3.5,-8.794,3937497567.6709857,122.62417803688537,3937497524.7525234,9.59522,0.925,0.1333,0.7052
g2_child_70,CUAUCAUGAUCG,GACGA,ACAACU,AUGGAGAGAGAGAGAG,CUAUCAUGAUCGGACGAACAACUAUGGAGAGAGAGAGAG,CUAUCAUGAUCGGACGAACAACU,((.(((((...(......)...)))))))..........,-0.8,ViennaRNA; duplex=ViennaRNA cofold,12,17,23,26,1.0,0.4167,False,,-8.4,-3.2,-1.194,0.0,0.0,0.8,-8.794,3937496425.1822133,845160.8719331705,3937200618.8770366,9.595188,0.7,0.2667,0.7052
g8_child_33,CGUGAUCAGUGU,GGGAG,UAGGGA,AUGGAGAGAGAGAGAG,CGUGAUCAGUGUGGGAGUAGGGAAUGGAGAGAGAGAGAG,CGUGAUCAGUGUGGGAGUAGGGA,.......................................,0.0,ViennaRNA; duplex=ViennaRNA cofold,12,17,23,26,1.0,1.0,False,,-7.6,-6.8,-1.194,0.0,0.0,0.0,-8.794,3937495282.6937723,90521861.59850179,3905812631.134297,9.591711,0.6333,0.5667,0.7051
g4_child_30,GAUCCCAUGUUU,GCGA,GAA,AUGGAGAGAGAGAGAG,GAUCCCAUGUUUGCGAGAAAUGGAGAGAGAGAGAG,GAUCCCAUGUUUGCGAGAA,..((((((...........)))).)).........,-3.6,ViennaRNA; duplex=ViennaRNA cofold,12,16,19,22,1.0,0.5,False,,-11.2,-3.0,-1.194,0.0,0.0053,3.6,-8.7887,3903618387.572679,397.00059947046213,3903618248.6224694,9.591467,0.9333,0.25,0.705
g7_child_66,CAUGUUCAGGGU,GCGA,GAA,AUGGAGAGAGAGAGAG,CAUGUUCAGGGUGCGAGAAAUGGAGAGAGAGAGAG,CAUGUUCAGGGUGCGAGAA,(((.(((.(....)..)))))).............,-0.4,ViennaRNA; duplex=ViennaRNA cofold,12,16,19,22,0.75,0.5,False,,-7.9,-3.9,-1.194,0.0,0.0,0.4,-8.694,3347715100.147434,783514.7404061514,3347440869.988292,9.524713,0.6583,0.325,0.7027
g21_child_51,AACGAUUAGGUU,UUUCGA,UAAA,AUGGAGAGAGAGAGAG,AACGAUUAGGUUUUUCGAUAAAAUGGAGAGAGAGAGAG,AACGAUUAGGUUUUUCGAUAAA,..........((((((.((...)).)))))).......,-3.1,ViennaRNA; duplex=ViennaRNA cofold,12,18,22,25,0.1667,0.3333,False,,-10.6,-2.4,-1.194,0.0,0.0053,3.1,-8.6887,3318908464.346215,1872.8388809320306,3318907808.8526063,9.520995,0.8833,0.2,0.7025
g3_child_46,CGUGAUCACGGU,GCGA,AAGGGA,AUGGAGAGAGAGAGAG,CGUGAUCACGGUGCGAAAGGGAAUGGAGAGAGAGAGAG,CGUGAUCACGGUGCGAAAGGGA,(.(..((.(.((.(......).)).).))..).)....,-1.2,ViennaRNA; duplex=ViennaRNA cofold,12,16,22,25,0.75,0.5,False,,-10.2,-4.7,-1.194,0.0,1.525,1.2,-8.669,3214624533.3175383,1707305.6700478443,3214026976.3330216,9.50705,0.85,0.3917,0.702
g4_child_60,GAUCCCAAGUUU,GCGA,UUAA,AUGGAGAGAGAGAGAG,GAUCCCAAGUUUGCGAUUAAAUGGAGAGAGAGAGAG,GAUCCCAAGUUUGCGAUUAA,((((.((....)).))))..................,-1.5,ViennaRNA; duplex=ViennaRNA cofold,12,16,20,23,0.25,0.9167,False,,-10.1,0.0,-1.194,0.0,1.152,1.5,-8.642,3076827046.7612696,234.67284281568465,3076826964.6257744,9.488103,0.8417,0.0,0.7013
g2_child_35,GAUACCAAGUUU,GCGA,GUAA,AUGGAGAGAGAGAGAG,GAUACCAAGUUUGCGAGUAAAUGGAGAGAGAGAGAG,GAUACCAAGUUUGCGAGUAA,....................................,0.0,ViennaRNA; duplex=ViennaRNA cofold,12,16,20,23,1.0,1.0,False,,-8.6,-2.5,-1.194,0.0,1.152,0.0,-8.642,3076827046.7612696,154642.99549209132,3076772921.712847,9.488095,0.7167,0.2083,0.7013
g7_child_49,CAUGAUCAGGGU,GCAA,GAA,AUGGAGAGAGAGAGAG,CAUGAUCAGGGUGCAAGAAAUGGAGAGAGAGAGAG,CAUGAUCAGGGUGCAAGAA,...................................,0.0,ViennaRNA; duplex=ViennaRNA cofold,12,16,19,22,1.0,1.0,False,,-8.6,-3.9,-1.194,0.0,1.152,0.0,-8.642,3076827046.7612696,1499456.6598082536,3076302236.9303365,9.488029,0.7167,0.325,0.7013
g4_child_65,CGUGAUCACGGU,GCGA,UAGGAA,AUGGAGAGAGAGAGAG,CGUGAUCACGGUGCGAUAGGAAAUGGAGAGAGAGAGAG,CGUGAUCACGGUGCGAUAGGAA,(((....)))............................,-0.6,ViennaRNA; duplex=ViennaRNA cofold,12,16,22,25,1.0,1.0,False,,-11.2,-4.2,-1.194,0.0,3.168,0.6,-8.626,2997971133.6371055,503106.0128276861,2997795046.5326157,9.476802,0.9333,0.35,0.7009
g19_child_55,AAUGAUCAGGUU,UUUCGA,UAA,AUGGAGAGAGAGAGAG,AAUGAUCAGGUUUUUCGAUAAAUGGAGAGAGAGAGAG,AAUGAUCAGGUUUUUCGAUAA,..........((((((........)))))).......,-3.4,ViennaRNA; duplex=ViennaRNA cofold,12,18,21,24,0.3333,0.5,False,,-11.1,-3.2,-1.194,0.0,0.288,3.4,-8.606,2902239245.70507,7860.860233206855,2902236494.4039884,9.462733,0.925,0.2667,0.7004
g10_child_43,AAUGAUCAGGGU,UACGA,CAA,AUGGAGAGAGAGAGAG,AAUGAUCAGGGUUACGACAAAUGGAGAGAGAGAGAG,AAUGAUCAGGGUUACGACAA,....................................,0.0,ViennaRNA; duplex=ViennaRNA cofold,12,17,20,23,1.0,1.0,False,,-7.7,-3.3,-1.194,0.0,0.288,0.0,-8.606,2902241491.312398,222426.63693548995,2902163641.9894705,9.462722,0.6417,0.275,0.7004
g12_child_46,CAUUAUCAGGGU,UGCGAUA,GAA,AUGGAGAGAGAGAGAG,CAUUAUCAGGGUUGCGAUAGAAAUGGAGAGAGAGAGAG,CAUUAUCAGGGUUGCGAUAGAA,...((((........))))...................,-1.3,ViennaRNA; duplex=ViennaRNA cofold,12,19,22,25,0.4286,1.0,False,,-8.7,-2.0,-1.194,0.0,0.0053,1.3,-8.5887,2821781919.566189,3272.8269310098885,2821780774.076763,9.450523,0.725,0.1667,0.7
g6_child_19,CGUGAUCAGGGU,GGGA,UGUUA,AUGGAGAGAGAGAGAG,CGUGAUCAGGGUGGGAUGUUAAUGGAGAGAGAGAGAG,CGUGAUCAGGGUGGGAUGUUA,(((...((........))...))).............,-0.8,ViennaRNA; duplex=ViennaRNA cofold,12,16,21,24,1.0,0.75,False,,-8.2,-7.2,-1.194,0.0,0.0053,0.8,-8.5887,2821784921.677658,352047453.26419294,2698568313.0351906,9.431133,0.6833,0.6,0.6993
g3_child_30,CGUGAUCACGGU,GCGA,AGGGGA,AUGGAGAGAGAGAGAG,CGUGAUCACGGUGCGAAGGGGAAUGGAGAGAGAGAGAG,CGUGAUCACGGUGCGAAGGGGA,(.(..((.(.((.(......).)).).))..).)....,-1.2,ViennaRNA; duplex=ViennaRNA cofold,12,16,22,25,0.75,0.5,False,,-10.2,-7.9,-1.194,0.0,1.525,1.2,-8.669,3214624533.3175383,1516513921.5068295,2683844660.790148,9.428757,0.85,0.6583,0.6992
g9_child_51,CAUGAUCACGGU,GCAA,GAA,AUGGAGAGAGAGAGAG,CAUGAUCACGGUGCAAGAAAUGGAGAGAGAGAGAG,CAUGAUCACGGUGCAAGAA,.....((.(.((.......)).).)).........,-0.1,ViennaRNA; duplex=ViennaRNA cofold,12,16,19,22,1.0,0.5833,False,,-8.6,-3.0,-1.194,0.0,1.152,0.1,-8.542,2615961801.1535444,295949.08011522156,2615858218.975504,9.417614,0.7167,0.25,0.6988
g8_child_61,CAUGAUCACGGU,GCGA,UGGUUA,AUGGAGAGAGAGAGAG,CAUGAUCACGGUGCGAUGGUUAAUGGAGAGAGAGAGAG,CAUGAUCACGGUGCGAUGGUUA,((((((((((...)).))))).))).............,-3.4,ViennaRNA; duplex=ViennaRNA cofold,12,16,22,25,0.5,0.5833,False,,-10.7,-0.5,-1.194,0.0,0.0053,3.4,-8.4887,2399121066.058404,156.92530708701798,2399121011.1345463,9.380052,0.8917,0.0417,0.6975
g2_child_34,GUAGUGGUAUUU,GCGA,UCAAUAAA,AUGGAGAGAGAGAGAG,GUAGUGGUAUUUGCGAUCAAUAAAAUGGAGAGAGAGAGAG,GUAGUGGUAUUUGCGAUCAAUAAA,((((......))))..........................,-1.4,ViennaRNA; duplex=ViennaRNA cofold,12,16,24,27,0.5,1.0,False,,-8.7,-1.4,-1.194,0.0,0.0053,1.4,-8.4887,2399120137.8990993,17352.894774537916,2399114064.385928,9.380051,0.725,0.1167,0.6975
g14_child_19,AACGAUCAGGGU,UCGA,GUC,AUGGAGAGAGAGAGAG,AACGAUCAGGGUUCGAGUCAUGGAGAGAGAGAGAG,AACGAUCAGGGUUCGAGUC,..(((.......)))....................,-1.1,ViennaRNA; duplex=ViennaRNA cofold,12,16,19,22,0.25,1.0,False,,-8.4,-2.2,-1.194,0.0,0.0053,1.1,-8.4887,2399118281.5815673,103409.49240348506,2399082088.259226,9.380045,0.7,0.1833,0.6975
g10_child_31,CAUGAUCAGGGU,UGUGA,GGA,AUGGAGAGAGAGAGAG,CAUGAUCAGGGUUGUGAGGAAUGGAGAGAGAGAGAG,CAUGAUCAGGGUUGUGAGGA,(((..(((......)))...))).............,-2.9,ViennaRNA; duplex=ViennaRNA cofold,12,17,20,23,0.4,0.75,False,,-10.8,-4.0,-1.194,0.0,0.672,2.9,-8.422,2153106077.9662237,8706.971417343626,2153103030.5262275,9.333065,0.9,0.3333,0.6958
g7_child_71,AGUGAUCAGGGU,GCGA,UAGCGA,AUGGAGAGAGAGAGAG,AGUGAUCAGGGUGCGAUAGCGAAUGGAGAGAGAGAGAG,AGUGAUCAGGGUGCGAUAGCGA,.....((....(((....)))....))...........,-2.8,ViennaRNA; duplex=ViennaRNA cofold,12,16,22,25,0.5,0.6667,False,,-10.0,-3.7,-1.194,0.0,0.0,2.8,-8.394,2057468701.4205492,6293.95982232007,2057466498.5346112,9.313333,0.8333,0.3083,0.6951
g12_child_73,AAUGAUCAGGUU,UGCCA,GUA,AUGGAGAGAGAGAGAG,AAUGAUCAGGUUUGCCAGUAAUGGAGAGAGAGAGAG,AAUGAUCAGGUUUGCCAGUA,.....((...(((.(((....))).)))...))...,-2.7,ViennaRNA; duplex=ViennaRNA cofold,12,17,20,23,0.2,0.5,False,,-9.9,-2.9,-1.194,0.0,0.0,2.7,-8.394,2057470094.3909123,8067.622516905917,2057467270.7230313,9.313333,0.825,0.2417,0.6951
g21_child_76,AAUGAUCAGGUU,UUUCGA,UAAUA,AUGGAGAGAGAGAGAG,AAUGAUCAGGUUUUUCGAUAAUAAUGGAGAGAGAGAGAG,AAUGAUCAGGUUUUUCGAUAAUA,..........((((((.((....)).)))))).......,-3.9,ViennaRNA; duplex=ViennaRNA cofold,12,18,23,26,0.1667,0.3333,False,,-11.1,-3.2,-1.194,0.0,0.0,3.9,-8.394,2057468701.4205492,859.4810082324207,2057468400.6021962,9.313333,0.925,0.2667,0.6951
g6_child_63,CGUGAUCAAGGU,GCAA,UAGGGA,AUGGAGAGAGAGAGAG,CGUGAUCAAGGUGCAAUAGGGAAUGGAGAGAGAGAGAG,CGUGAUCAAGGUGCAAUAGGGA,......................................,0.0,ViennaRNA; duplex=ViennaRNA cofold,12,16,22,25,1.0,1.0,False,,-7.2,-5.0,-1.194,0.0,0.0,0.0,-8.394,2057470293.3867562,4878238.210988904,2055762910.0129101,9.312973,0.6,0.4167,0.6951
g3_child_23,GUAAUGGUAUUU,GCGA,UGUGA,AUGGAGAGAGAGAGAG,GUAAUGGUAUUUGCGAUGUGAAUGGAGAGAGAGAGAG,GUAAUGGUAUUUGCGAUGUGA,((((......)))).......................,-1.9,ViennaRNA; duplex=ViennaRNA cofold,12,16,21,24,0.5,1.0,False,,-9.1,-0.9,-1.194,0.0,0.0053,1.9,-8.3887,2039764560.071318,1151.0265784692278,2039764157.2120154,9.30958,0.7583,0.075,0.695
g2_child_62,UAUCAUACAUUU,GCGA,UAAU,AUGGAGAGAGAGAGAG,UAUCAUACAUUUGCGAUAAUAUGGAGAGAGAGAGAG,UAUCAUACAUUUGCGAUAAU,((((.((....)).))))..................,-0.2,ViennaRNA; duplex=ViennaRNA cofold,12,16,20,23,0.25,0.9167,False,,-8.5,0.0,-1.194,0.0,1.152,0.2,-8.342,1890985909.5085917,1934.6158587201426,1890985232.3930411,9.276688,0.7083,0.0,0.6938
seed_0002,GAUCCCAAGUUU,GCGA,GAAA,AUGGAGAGAGAGAGAG,GAUCCCAAGUUUGCGAGAAAAUGGAGAGAGAGAGAG,GAUCCCAAGUUUGCGAGAAA,..(((((..(((....)))..))).)).........,-2.9,ViennaRNA; duplex=ViennaRNA cofold,12,16,20,23,1.0,0.4167,False,,-11.2,-3.0,-1.194,0.0,1.152,2.9,-8.342,1890985635.1680615,12790.428591142325,1890981158.5180545,9.276687,0.9333,0.25,0.6938
g8_child_26,CAUGAUCACGGU,GCGAA,UGAUA,AUGGAGAGAGAGAGAG,CAUGAUCACGGUGCGAAUGAUAAUGGAGAGAGAGAGAG,CAUGAUCACGGUGCGAAUGAUA,(((.((((.........)))).))).............,-1.9,ViennaRNA; duplex=ViennaRNA cofold,12,17,22,25,1.0,0.5833,False,,-12.2,-3.0,-1.194,0.0,3.168,1.9,-8.326,1842522687.189836,64804.033251008295,1842500005.7781982,9.265407,1.0,0.25,0.6934
g4_child_46,CCUGAUCACGGU,GCGA,AGGGA,AUGGAGAGAGAGAGAG,CCUGAUCACGGUGCGAAGGGAAUGGAGAGAGAGAGAG,CCUGAUCACGGUGCGAAGGGA,(((..((.......)).))).................,-1.8,ViennaRNA; duplex=ViennaRNA cofold,12,16,21,24,0.5,0.8333,False,,-9.2,-3.0,-1.194,0.0,0.288,1.8,-8.306,1783684423.477178,2475.7791955949433,1783683556.9544597,9.251318,0.7667,0.25,0.6929
g12_child_79,AAUGAUCAGGGU,UCGA,GAA,AUGGAGAGAGAGAGAG,AAUGAUCAGGGUUCGAGAAAUGGAGAGAGAGAGAG,AAUGAUCAGGGUUCGAGAA,...........(((.(....).)))..........,-0.3,ViennaRNA; duplex=ViennaRNA cofold,12,16,19,22,0.25,0.6667,False,,-7.7,-3.3,-1.194,0.0,0.288,0.3,-8.306,1783686321.1502151,348087.66920472117,1783564490.4659934,9.251289,0.6417,0.275,0.6929
g12_child_16,AAUGAUCAGGGU,UCGA,GGA,AUGGAGAGAGAGAGAG,AAUGAUCAGGGUUCGAGGAAUGGAGAGAGAGAGAG,AAUGAUCAGGGUUCGAGGA,...........(((.(....).)))..........,-0.3,ViennaRNA; duplex=ViennaRNA cofold,12,16,19,22,0.25,0.6667,False,,-7.7,-5.9,-1.194,0.0,0.288,0.3,-8.306,1783686321.1502151,23656612.83208075,1775406506.6589868,9.249298,0.6417,0.4917,0.6928
g7_child_36,CAUGAUCUCGGU,GCGA,UGUUA,AUGGAGAGAGAGAGAG,CAUGAUCUCGGUGCGAUGUUAAUGGAGAGAGAGAGAG,CAUGAUCUCGGUGCGAUGUUA,.....((((.((.........)).)))).........,-5.1,ViennaRNA; duplex=ViennaRNA cofold,12,16,21,24,1.0,0.5,False,,-12.2,-2.0,-1.194,0.0,0.0053,5.1,-8.2887,1734238916.6084006,38.12238159661698,1734238903.265567,9.239109,1.0,0.1667,0.6924
g8_child_28,CAUGAUCACGGU,GUGAA,UGUUA,AUGGAGAGAGAGAGAG,CAUGAUCACGGUGUGAAUGUUAAUGGAGAGAGAGAGAG,CAUGAUCACGGUGUGAAUGUUA,.....((((...))))......................,-1.6,ViennaRNA; duplex=ViennaRNA cofold,12,17,22,25,0.2,1.0,False,,-8.7,-1.4,-1.194,0.0,0.0053,1.6,-8.2887,1734236903.8095632,12543.782894884673,1734232513.48555,9.239107,0.725,0.1167,0.6924
g3_child_75,GAUCCCAAGUUU,GCGA,AAGGA,AUGGAGAGAGAGAGAG,GAUCCCAAGUUUGCGAAAGGAAUGGAGAGAGAGAGAG,GAUCCCAAGUUUGCGAAAGGA,..(((((...((.(....).))))).)).........,-2.4,ViennaRNA; duplex=ViennaRNA cofold,12,16,21,24,0.75,0.3333,False,,-11.2,-4.7,-1.194,0.0,1.728,2.4,-8.266,1671589939.9466786,14753.669353234598,1671584776.162405,9.223128,0.9333,0.3917,0.6919
g3_child_69,CGUGAUCACGGU,GCGA,AGGA,AUGGAGAGAGAGAGAG,CGUGAUCACGGUGCGAAGGAAUGGAGAGAGAGAGAG,CGUGAUCACGGUGCGAAGGA,(.(..((.(.((........)).).))..).)....,-1.4,ViennaRNA; duplex=ViennaRNA cofold,12,16,20,23,1.0,0.5833,False,,-10.2,-4.8,-1.194,0.0,1.728,1.4,-8.266,1671588646.5551293,692609.7922132101,1671346233.1278546,9.223066,0.85,0.4,0.6919
g13_child_39,AAUGAUCAGGGU,UGCGAUA,GCA,AUGGAGAGAGAGAGAG,AAUGAUCAGGGUUGCGAUAGCAAUGGAGAGAGAGAGAG,AAUGAUCAGGGUUGCGAUAGCA,.....((...(((((....)))))...)).........,-5.5,ViennaRNA; duplex=ViennaRNA cofold,12,19,22,25,0.5714,0.4167,False,,-13.7,-3.3,-1.194,0.0,1.152,5.5,-8.242,1607742008.1670473,29.596749044868364,1607741997.808185,9.206216,1.0,0.275,0.6913
g5_child_64,CGGACGGUCCUU,GCGA,UAGGA,AUGGAGAGAGAGAGAG,CGGACGGUCCUUGCGAUAGGAAUGGAGAGAGAGAGAG,CGGACGGUCCUUGCGAUAGGA,....((.((((......)))).)).............,-4.4,ViennaRNA; duplex=ViennaRNA cofold,12,16,21,24,1.0,0.5833,False,,-12.6,-5.8,-1.194,0.0,1.152,4.4,-8.242,1607741697.1696415,10191.189382115206,1607738130.2533576,9.206215,1.0,0.4833,0.6913
g3_child_44,CGUGAUCACGGU,GCGA,GAACAG,AUGGAGAGAGAGAGAG,CGUGAUCACGGUGCGAGAACAGAUGGAGAGAGAGAGAG,CGUGAUCACGGUGCGAGAACAG,(.(.(((...((......)).))).).)..........,-1.5,ViennaRNA; duplex=ViennaRNA cofold,12,16,22,25,1.0,0.5,False,,-9.7,-2.5,-1.194,0.0,1.152,1.5,-8.242,1607741386.1722958,35899.21342592207,1607728821.4475968,9.206213,0.8083,0.2083,0.6913
g2_child_32,AUCAAGACUGGU,GCGA,UCAAGAAA,AUGGAGAGAGAGAGAG,AUCAAGACUGGUGCGAUCAAGAAAAUGGAGAGAGAGAGAG,AUCAAGACUGGUGCGAUCAAGAAA,((((....))))............................,-0.1,ViennaRNA; duplex=ViennaRNA cofold,12,16,24,27,1.0,1.0,False,,-7.3,-2.7,-1.194,-0.1,0.288,0.1,-8.206,1516515791.6174877,1169183.5397298501,1516106577.3785822,9.18073,0.6083,0.225,0.6904
g8_child_60,CAUGAUCAGGGU,GACGAA,UGUUA,AUGGAGAGAGAGAGAG,CAUGAUCAGGGUGACGAAUGUUAAUGGAGAGAGAGAGAG,CAUGAUCAGGGUGACGAAUGUUA,.....((....((((....))))...))...........,-1.3,ViennaRNA; duplex=ViennaRNA cofold,12,18,23,26,0.5,0.5833,False,,-8.3,-3.8,-1.194,0.0,0.0,1.3,-8.194,1487270968.4453447,628355.9268610282,1487051043.8709433,9.172326,0.6917,0.3167,0.6901
g5_child_27,CGUGAUCACGGU,GGGA,UAGGGA,AUGGAGAGAGAGAGAG,CGUGAUCACGGUGGGAUAGGGAAUGGAGAGAGAGAGAG,CGUGAUCACGGUGGGAUAGGGA,(((....)))............................,-0.6,ViennaRNA; duplex=ViennaRNA cofold,12,16,22,25,1.0,1.0,False,,-7.6,-5.3,-1.194,0.0,0.0,0.6,-8.194,1487271202.1966023,7937395.607755435,1484493113.733888,9.171578,0.6333,0.4417,0.69
g2_child_76,AUCAAGACUGGU,ACGA,UCAAAAA,AUGGAGAGAGAGAGAG,AUCAAGACUGGUACGAUCAAAAAAUGGAGAGAGAGAGAG,AUCAAGACUGGUACGAUCAAAAA,((((....))))...........................,-0.1,ViennaRNA; duplex=ViennaRNA cofold,12,16,23,26,1.0,1.0,False,,-7.0,-2.7,-1.194,-0.1,0.0053,0.1,-8.1887,1474473042.4165115,24005.749423805933,1474464640.4042132,9.168634,0.5833,0.225,0.6899
g16_child_23,AACGAUCAGGGU,UGACGA,UAA,AUGGAGAGAGAGAGAG,AACGAUCAGGGUUGACGAUAAAUGGAGAGAGAGAGAG,AACGAUCAGGGUUGACGAUAA,..((.(((....)))))....................,-1.3,ViennaRNA; duplex=ViennaRNA cofold,12,18,21,24,0.1667,1.0,False,,-12.3,-2.0,-1.194,0.0,4.032,1.3,-8.162,1412014190.9877162,8333.74002923219,1412011274.178706,9.149838,1.0,0.1667,0.6893
g21_child_54,AACGAUCAGGUU,UUUCGA,UACAA,AUGGAGAGAGAGAGAG,AACGAUCAGGUUUUUCGAUACAAAUGGAGAGAGAGAGAG,AACGAUCAGGUUUUUCGAUACAA,..(..((...((((((.((....)).))))))..))..),-4.1,ViennaRNA; duplex=ViennaRNA cofold,12,18,23,26,0.1667,0.3333,False,,-12.2,-2.5,-1.194,0.0,1.152,4.1,-8.142,1366925568.7458658,199.52221528990884,1366925498.9130905,9.135745,1.0,0.2083,0.6887
g17_child_59,AAUGAUCAGGUU,CUGCG,UAAA,AUGGAGAGAGAGAGAG,AAUGAUCAGGUUCUGCGUAAAAUGGAGAGAGAGAGAG,AAUGAUCAGGUUCUGCGUAAA,.....((...((((.(((...))).))))...))...,-4.2,ViennaRNA; duplex=ViennaRNA cofold,12,17,21,24,0.2,0.4167,False,,-11.1,-3.2,-1.194,0.0,0.0,4.2,-8.094,1264498686.492474,1151.0270237724928,1264498283.6330159,9.101918,0.925,0.2667,0.6875
g1_child_54,AUCAAGACUGGU,GCGA,UCAAAAA,AUGGAGAGAGAGAGAG,AUCAAGACUGGUGCGAUCAAAAAAUGGAGAGAGAGAGAG,AUCAAGACUGGUGCGAUCAAAAA,.......((....(..((........))..)....))..,-0.5,ViennaRNA; duplex=ViennaRNA cofold,12,16,23,26,0.75,0.75,False,,-7.3,-2.7,-1.194,-0.1,0.0053,0.5,-8.0887,1253619164.8405032,3607.4970381695525,1253617902.2165399,9.098165,0.6083,0.225,0.6874
g4_child_24,GAGCCCAAGUUU,GCGA,GAA,AUGGAGAGAGAGAGAG,GAGCCCAAGUUUGCGAGAAAUGGAGAGAGAGAGAG,GAGCCCAAGUUUGCGAGAA,....(((..(((.....))))))............,-0.7,ViennaRNA; duplex=ViennaRNA cofold,12,16,19,22,1.0,0.5,False,,-7.6,-3.0,-1.194,0.0,0.0053,0.7,-8.0887,1253618801.095306,51634.68508516272,1253600728.955526,9.098159,0.6333,0.25,0.6874
g8_child_50,AAUUAUCAGGGU,GCGA,UGUUA,AUGGAGAGAGAGAGAG,AAUUAUCAGGGUGCGAUGUUAAUGGAGAGAGAGAGAG,AAUUAUCAGGGUGCGAUGUUA,.((((.((........)).))))..............,-0.9,ViennaRNA; duplex=ViennaRNA cofold,12,16,21,24,1.0,0.6667,False,,-7.8,-3.8,-1.194,0.0,0.0053,0.9,-8.0887,1253618437.3502164,644883.3567172418,1253392728.1753654,9.098087,0.65,0.3167,0.6874
g2_child_40,CAUCAUACAUUU,UGCGA,AAAU,AUGGAGAGAGAGAGAG,CAUCAUACAUUUUGCGAAAAUAUGGAGAGAGAGAGAG,CAUCAUACAUUUUGCGAAAAU,.......(.((((.(........).)))).)......,-0.4,ViennaRNA; duplex=ViennaRNA cofold,12,17,21,24,0.6,0.5833,False,,-8.4,0.0,-1.194,0.0,1.152,0.4,-8.042,1162179209.3111475,5682.333680860818,1162177220.4943593,9.065272,0.7,0.0,0.6862
g11_child_58,CAUGAUCAGGGU,UCGA,UAA,AUGGAGAGAGAGAGAG,CAUGAUCAGGGUUCGAUAAAUGGAGAGAGAGAGAG,CAUGAUCAGGGUUCGAUAA,(((.(((.......)))..))).............,-0.9,ViennaRNA; duplex=ViennaRNA cofold,12,16,19,22,0.5,0.6667,False,,-8.4,-3.3,-1.194,0.0,0.672,0.9,-8.022,1125068034.8901656,534236.9395533879,1124881051.9613218,9.051107,0.7,0.275,0.6857
g13_child_42,AAUGAUCAGUGU,UGCCA,UAA,AUGGAGAGAGAGAGAG,AAUGAUCAGUGUUGCCAUAAAUGGAGAGAGAGAGAG,AAUGAUCAGUGUUGCCAUAA,.....((..(.((.(((....))).)).)..))...,-3.4,ViennaRNA; duplex=ViennaRNA cofold,12,17,20,23,0.2,0.5,False,,-10.5,0.0,-1.194,0.0,0.288,3.4,-8.006,1096232892.3307605,23.429597797758138,1096232884.1304011,9.039903,0.875,0.0,0.6853
g9_child_79,CAUGAUCACGGU,GAGA,UGUUAA,AUGGAGAGAGAGAGAG,CAUGAUCACGGUGAGAUGUUAAAUGGAGAGAGAGAGAG,CAUGAUCACGGUGAGAUGUUAA,(((....(((......)))...))).............,-0.6,ViennaRNA; duplex=ViennaRNA cofold,12,16,22,25,1.0,0.75,False,,-7.7,-3.6,-1.194,0.0,0.288,0.6,-8.006,1096234376.6988523,348087.635538136,1096112546.026414,9.039855,0.6417,0.3,0.6853
g1_child_79,CUAUCAUGAUCG,GACGA,ACAGCU,AUGGAGAGAGAGAGAG,CUAUCAUGAUCGGACGAACAGCUAUGGAGAGAGAGAGAG,CUAUCAUGAUCGGACGAACAGCU,((((..((.((....)).))...))))............,-1.6,ViennaRNA; duplex=ViennaRNA cofold,12,17,23,26,0.6,0.6667,False,,-8.4,-3.2,-1.194,0.0,0.0,1.6,-7.994,1075094599.477044,230762.84801010645,1075013832.4802406,9.031414,0.7,0.2667,0.685
g6_child_50,CGUGAUCAAGGU,GCGG,ACAAA,AUGGAGAGAGAGAGAG,CGUGAUCAAGGUGCGGACAAAAUGGAGAGAGAGAGAG,CGUGAUCAAGGUGCGGACAAA,((((.......))))......................,-0.2,ViennaRNA; duplex=ViennaRNA cofold,12,16,21,24,0.25,1.0,False,,-9.4,-4.4,-1.194,0.0,2.4,0.2,-7.994,1075094297.930004,958146.5207667837,1074758946.6477356,9.031311,0.7833,0.3667,0.685
seed_0040,GUCAAGACUGGU,GCGA,UCAAAAA,AUGGAGAGAGAGAGAG,GUCAAGACUGGUGCGAUCAAAAAAUGGAGAGAGAGAGAG,GUCAAGACUGGUGCGAUCAAAAA,.......((....(..((........))..)....))..,-0.5,ViennaRNA; duplex=ViennaRNA cofold,12,16,23,26,0.75,0.75,False,,-7.3,-2.8,-1.194,0.0,0.0053,0.5,-7.9887,1065843401.1786972,4243.045312533506,1065841916.1128378,9.027693,0.6083,0.2333,0.6849
g4_child_25,GAUCCCAAGUUU,GCGCA,UAA,AUGGAGAGAGAGAGAG,GAUCCCAAGUUUGCGCAUAAAUGGAGAGAGAGAGAG,GAUCCCAAGUUUGCGCAUAA,..(((((..((((....))))))).)).........,-1.1,ViennaRNA; duplex=ViennaRNA cofold,12,17,20,23,0.8,0.25,False,,-9.0,-0.2,-1.194,0.0,1.152,1.1,-7.942,988100230.4475595,621.287952992496,988100012.996776,8.994801,0.75,0.0167,0.6837
g9_child_76,CAUGAGCAGGGU,UGCGA,GAA,AUGGAGAGAGAGAGAG,CAUGAGCAGGGUUGCGAGAAAUGGAGAGAGAGAGAG,CAUGAGCAGGGUUGCGAGAA,(((..(((....))).....))).............,-2.3,ViennaRNA; duplex=ViennaRNA cofold,12,17,20,23,0.4,0.75,False,,-9.3,-4.1,-1.194,0.0,0.288,2.3,-7.906,932033551.9412458,19503.46077654149,932026725.729974,8.969428,0.775,0.3417,0.6828
g3_child_74,CGUGAUCAGGGA,GCGA,GAAAAG,AUGGAGAGAGAGAGAG,CGUGAUCAGGGAGCGAGAAAAGAUGGAGAGAGAGAGAG,CGUGAUCAGGGAGCGAGAAAAG,(((.........))).......................,-0.5,ViennaRNA; duplex=ViennaRNA cofold,12,16,22,25,0.25,1.0,False,,-7.9,-6.9,-1.194,0.0,0.672,0.5,-7.922,956548694.969219,86641518.34038356,926224163.5500847,8.966716,0.6583,0.575,0.6827
g2_child_48,CGUGAUCACGGU,GCGUA,AGGGA,AUGGAGAGAGAGAGAG,CGUGAUCACGGUGCGUAAGGGAAUGGAGAGAGAGAGAG,CGUGAUCACGGUGCGUAAGGGA,(.(..((.(.((.(......).)).).))..).)....,-1.2,ViennaRNA; duplex=ViennaRNA cofold,12,17,22,25,0.8,0.5,False,,-8.2,-5.2,-1.194,0.0,0.288,1.2,-7.906,932033011.07096,30274000.8063961,921437110.7887214,8.964466,0.6833,0.4333,0.6826
seed_0032,CUAGUACCCACU,GCGA,UCAAU,AUGGAGAGAGAGAGAG,CUAGUACCCACUGCGAUCAAUAUGGAGAGAGAGAGAG,CUAGUACCCACUGCGAUCAAU,..........((.(..((......))..)))......,-0.4,ViennaRNA; duplex=ViennaRNA cofold,12,16,21,24,0.75,0.6667,False,,-7.1,0.0,-1.194,0.0,0.0053,0.4,-7.8887,906195098.8506198,759.7624761412474,906194832.9337531,8.957222,0.5917,0.0,0.6824
g11_child_48,CAUGAUCAGGGU,UGCCGAA,GAA,AUGGAGAGAGAGAGAG,CAUGAUCAGGGUUGCCGAAGAAAUGGAGAGAGAGAGAG,CAUGAUCAGGGUUGCCGAAGAA,(((.....((....))......))).............,-2.5,ViennaRNA; duplex=ViennaRNA cofold,12,19,22,25,0.7143,0.75,False,,-9.2,-2.0,-1.194,0.0,0.0053,2.5,-7.8887,906194901.6471132,156.92533137119867,906194846.7232472,8.957222,0.7667,0.1667,0.6824
g7_child_76,CAUGAUCACGGU,GCGAA,UUGUUA,AUGGAGAGAGAGAGAG,CAUGAUCACGGUGCGAAUUGUUAAUGGAGAGAGAGAGAG,CAUGAUCACGGUGCGAAUUGUUA,(((....(((((....)))))..))).............,-2.3,ViennaRNA; duplex=ViennaRNA cofold,12,17,23,26,0.8,0.6667,False,,-10.7,-1.5,-1.194,0.0,1.728,2.3,-7.866,873460173.7107192,4738.037383975602,873458515.3976349,8.941242,0.8917,0.125,0.6818
g15_child_65,AACGAUCAGGGU,UCGA,GAAA,AUGGAGAGAGAGAGAG,AACGAUCAGGGUUCGAGAAAAUGGAGAGAGAGAGAG,AACGAUCAGGGUUCGAGAAA,..(((.......))).....................,-1.1,ViennaRNA; duplex=ViennaRNA cofold,12,16,20,23,0.25,1.0,False,,-8.4,-2.2,-1.194,0.0,0.672,1.1,-7.822,813270391.2213423,64804.020715485756,813247709.8140919,8.910223,0.7,0.1833,0.6807
g4_child_35,CGUGAUCAGGGU,UGCGA,GAA,AUGGAGAGAGAGAGAG,CGUGAUCAGGGUUGCGAGAAAUGGAGAGAGAGAGAG,CGUGAUCAGGGUUGCGAGAA,((((((....))))))....................,-3.0,ViennaRNA; duplex=ViennaRNA cofold,12,17,20,23,0.2,1.0,False,,-9.9,-1.0,-1.194,0.0,0.288,3.0,-7.806,792428211.0817248,207.4456600483495,792428138.4757438,8.89896,0.825,0.0833,0.6803
g14_child_37,AAUGAUCAGGGU,UUCGA,UAA,AUGGAGAGAGAGAGAG,AAUGAUCAGGGUUUCGAUAAAUGGAGAGAGAGAGAG,AAUGAUCAGGGUUUCGAUAA,.....((....((((........))))....))...,-1.9,ViennaRNA; duplex=ViennaRNA cofold,12,17,20,23,0.4,0.6667,False,,-8.8,-3.2,-1.194,0.0,0.288,1.9,-7.806,792428239.8227096,89648.98409456732,792396862.6782764,8.898943,0.7333,0.2667,0.6803
g8_child_47,CUUGAUCACGGU,GCGA,UAGGGA,AUGGAGAGAGAGAGAG,CUUGAUCACGGUGCGAUAGGGAAUGGAGAGAGAGAGAG,CUUGAUCACGGUGCGAUAGGGA,(((..((.(.((.(......).)).).))..)))....,-4.4,ViennaRNA; duplex=ViennaRNA cofold,12,16,22,25,0.75,0.5,False,,-11.0,-4.2,-1.194,0.0,0.0,4.4,-7.794,777146654.3335588,1056.1735403209675,777146284.6728197,8.890503,0.9167,0.35,0.68
g1_child_33,UAUCAUACAUUU,GCGA,AAAU,AUGGAGAGAGAGAGAG,UAUCAUACAUUUGCGAAAAUAUGGAGAGAGAGAGAG,UAUCAUACAUUUGCGAAAAU,....................................,0.0,ViennaRNA; duplex=ViennaRNA cofold,12,16,20,23,1.0,1.0,False,,-7.7,0.0,-1.194,0.0,1.152,0.0,-7.742,714263050.2350956,10874.604703164572,714259244.1234496,8.853856,0.6417,0.0,0.6787
g2_child_22,CAUCAUACAUUU,GCGA,AACU,AUGGAGAGAGAGAGAG,CAUCAUACAUUUGCGAAACUAUGGAGAGAGAGAGAG,CAUCAUACAUUUGCGAAACU,....................................,0.0,ViennaRNA; duplex=ViennaRNA cofold,12,16,20,23,1.0,1.0,False,,-7.7,0.0,-1.194,0.0,1.152,0.0,-7.742,714263050.2350956,10874.604703164572,714259244.1234496,8.853856,0.6417,0.0,0.6787
g16_child_53,AACGAUCAGGGU,UUCGA,UAA,AUGGAGAGAGAGAGAG,AACGAUCAGGGUUUCGAUAAAUGGAGAGAGAGAGAG,AACGAUCAGGGUUUCGAUAA,..(..((....((((........))))....))..),-2.3,ViennaRNA; duplex=ViennaRNA cofold,12,17,20,23,0.4,0.6667,False,,-9.1,-1.7,-1.194,0.0,0.288,2.3,-7.706,673733890.6714994,4107.554641577832,673732453.0273749,8.828487,0.7583,0.1417,0.6778
g5_child_58,CGUGAUCAGGGU,GCGCA,GAA,AUGGAGAGAGAGAGAG,CGUGAUCAGGGUGCGCAGAAAUGGAGAGAGAGAGAG,CGUGAUCAGGGUGCGCAGAA,.(((..(...)..)))....................,-0.9,ViennaRNA; duplex=ViennaRNA cofold,12,17,20,23,0.4,1.0,False,,-7.7,-3.0,-1.194,0.0,0.288,0.9,-7.706,673733499.6956165,31734.137860473344,673722392.7473654,8.828481,0.6417,0.25,0.6778
g5_child_61,CGUGAUCAAGGU,GCGCA,GAA,AUGGAGAGAGAGAGAG,CGUGAUCAAGGUGCGCAGAAAUGGAGAGAGAGAGAG,CGUGAUCAAGGUGCGCAGAA,.(((..(...)..)))....................,-0.9,ViennaRNA; duplex=ViennaRNA cofold,12,17,20,23,0.4,1.0,False,,-7.7,-3.0,-1.194,0.0,0.288,0.9,-7.706,673733499.6956165,31734.137860473344,673722392.7473654,8.828481,0.6417,0.25,0.6778
g8_child_67,AAUGAUCAGGGU,ACGA,GAA,AUGGAGAGAGAGAGAG,AAUGAUCAGGGUACGAGAAAUGGAGAGAGAGAGAG,AAUGAUCAGGGUACGAGAA,...................................,0.0,ViennaRNA; duplex=ViennaRNA cofold,12,16,19,22,1.0,1.0,False,,-6.5,-3.9,-1.194,0.0,0.0,0.0,-7.694,660741482.5055441,1499456.6598082536,660216672.6746112,8.819686,0.5417,0.325,0.6774
g13_child_75,AAUGAUCAGGGU,UGCCAUA,GAA,AUGGAGAGAGAGAGAG,AAUGAUCAGGGUUGCCAUAGAAAUGGAGAGAGAGAGAG,AAUGAUCAGGGUUGCCAUAGAA,..............((((....))))............,-2.7,ViennaRNA; duplex=ViennaRNA cofold,12,19,22,25,0.4286,0.6667,False,,-9.2,-1.9,-1.194,0.0,0.0053,2.7,-7.6887,655056049.776065,4738.036467462057,655054391.4633014,8.816277,0.7667,0.1583,0.6773
g3_child_65,CGUGAUCACGGU,GCGA,AAAAAG,AUGGAGAGAGAGAGAG,CGUGAUCACGGUGCGAAAAAAGAUGGAGAGAGAGAGAG,CGUGAUCACGGUGCGAAAAAAG,(((....)))............................,-0.6,ViennaRNA; duplex=ViennaRNA cofold,12,16,22,25,1.0,1.0,False,,-10.2,-2.4,-1.194,0.0,3.168,0.6,-7.626,591712293.15295,319234.05230679945,591600561.2346426,8.772029,0.85,0.2,0.6757
g3_child_27,CUUGAUCACGGU,GCGA,AGGGA,AUGGAGAGAGAGAGAG,CUUGAUCACGGUGCGAAGGGAAUGGAGAGAGAGAGAG,CUUGAUCACGGUGCGAAGGGA,(((..((.(.((.(.....).)).).))..)))....,-4.1,ViennaRNA; duplex=ViennaRNA cofold,12,16,21,24,0.75,0.5,False,,-10.8,-4.8,-1.194,0.0,0.288,4.1,-7.606,572817603.2406423,1099.9007084296481,572817218.2753943,8.758016,0.9,0.4,0.6752
g7_child_74,AGUGUUCAGGGU,GCGA,UAGGGA,AUGGAGAGAGAGAGAG,AGUGUUCAGGGUGCGAUAGGGAAUGGAGAGAGAGAGAG,AGUGUUCAGGGUGCGAUAGGGA,..(.((((...(.(....).)..)))).).........,-1.1,ViennaRNA; duplex=ViennaRNA cofold,12,16,22,25,0.75,0.5,False,,-7.5,-5.0,-1.194,0.0,0.0,1.1,-7.594,561771283.3078119,818605.1011192531,561484771.5224202,8.749338,0.625,0.4167,0.6749
g2_child_59,CGGACGGUCCUU,GCAA,ACCAAA,AUGGAGAGAGAGAGAG,CGGACGGUCCUUGCAAACCAAAAUGGAGAGAGAGAGAG,CGGACGGUCCUUGCAAACCAAA,.......(((((.....(((...))).....))).)).,-2.9,ViennaRNA; duplex=ViennaRNA cofold,12,16,22,25,1.0,0.6667,False,,-9.3,-4.7,-1.194,0.0,0.0053,2.9,-7.5887,556937452.0361809,201791.92537695367,556866824.862299,8.745751,0.775,0.3917,0.6748
g9_child_48,CAUGAUCACGGU,ACGA,UGUUAA,AUGGAGAGAGAGAGAG,CAUGAUCACGGUACGAUGUUAAAUGGAGAGAGAGAGAG,CAUGAUCACGGUACGAUGUUAA,(((....(((......)))...))).............,-0.6,ViennaRNA; duplex=ViennaRNA cofold,12,16,22,25,1.0,0.75,False,,-7.2,-3.0,-1.194,0.0,0.288,0.6,-7.506,487017973.8489367,286498.6906897725,486917699.30719525,8.687456,0.6,0.25,0.6727
g3_child_18,CGUGAUCACGGU,GCGU,UAGGGA,AUGGAGAGAGAGAGAG,CGUGAUCACGGUGCGUUAGGGAAUGGAGAGAGAGAGAG,CGUGAUCACGGUGCGUUAGGGA,.....((.(..(.((((....)))).)..).)).....,-1.2,ViennaRNA; duplex=ViennaRNA cofold,12,16,22,25,0.25,0.5,False,,-7.8,-4.5,-1.194,0.0,0.288,1.2,-7.506,487017502.811711,309203.43998740317,486909281.6077154,8.687448,0.65,0.375,0.6727
g3_child_33,CGUGAUCACGGU,GCGU,AGGGA,AUGGAGAGAGAGAGAG,CGUGAUCACGGUGCGUAGGGAAUGGAGAGAGAGAGAG,CGUGAUCACGGUGCGUAGGGA,(((..(((((...))).))..))).............,-1.9,ViennaRNA; duplex=ViennaRNA cofold,12,16,21,24,0.25,0.6667,False,,-8.2,-4.9,-1.194,0.0,0.0,1.9,-7.494,477626044.9559639,503105.81818868575,477449957.91959786,8.678928,0.6833,0.4083,0.6724
g9_child_60,CAUGAUCACGGU,CCGA,UGCUA,AUGGAGAGAGAGAGAG,CAUGAUCACGGUCCGAUGCUAAUGGAGAGAGAGAGAG,CAUGAUCACGGUCCGAUGCUA,.....((.(..(((.((....)))))..).)).....,-2.2,ViennaRNA; duplex=ViennaRNA cofold,12,16,21,24,0.25,0.5,False,,-8.5,-2.4,-1.194,0.0,0.0053,2.2,-7.4887,473516160.31658244,8067.623297195918,473513336.64842844,8.675332,0.7083,0.2,0.6723
g6_child_74,CGGACGGUCCUU,GCGA,ACAAAC,AUGGAGAGAGAGAGAG,CGGACGGUCCUUGCGAACAAACAUGGAGAGAGAGAGAG,CGGACGGUCCUUGCGAACAAAC,....(..(((.((........)).)))..)........,-3.1,ViennaRNA; duplex=ViennaRNA cofold,12,16,22,25,0.75,0.5,False,,-13.4,-5.2,-1.194,0.0,4.032,3.1,-7.462,453458168.41974694,328336.35680559446,453343250.694865,8.656427,1.0,0.4333,0.6716
g12_child_50,AACGAUCAGGGU,UGCGUUA,GUA,AUGGAGAGAGAGAGAG,AACGAUCAGGGUUGCGUUAGUAAUGGAGAGAGAGAGAG,AACGAUCAGGGUUGCGUUAGUA,..(..((...(((((....)))))...))..)......,-4.5,ViennaRNA; duplex=ViennaRNA cofold,12,19,22,25,0.5714,0.4167,False,,-13.9,-2.8,-1.194,0.0,3.168,4.5,-7.426,427727844.8923611,92.61046034656914,427727812.4787,8.631167,1.0,0.2333,0.6707
g8_child_54,CAUGAUCACGGU,GUGA,GUAAA,AUGGAGAGAGAGAGAG,CAUGAUCACGGUGUGAGUAAAAUGGAGAGAGAGAGAG,CAUGAUCACGGUGUGAGUAAA,(((..((((...)))).....))).............,-2.5,ViennaRNA; duplex=ViennaRNA cofold,12,16,21,24,0.0,0.75,False,,-8.7,-1.4,-1.194,0.0,0.0,2.5,-7.394,406084392.9589893,176.37322298970884,406084331.22836125,8.608616,0.725,0.1167,0.6699
g7_child_54,CAUUAUCAGGGU,GCGA,GAA,AUGGAGAGAGAGAGAG,CAUUAUCAGGGUGCGAGAAAUGGAGAGAGAGAGAG,CAUUAUCAGGGUGCGAGAA,((((.((.......))..)))).............,-0.7,ViennaRNA; duplex=ViennaRNA cofold,12,16,19,22,0.5,0.6667,False,,-6.9,-3.9,-1.194,0.0,0.0,0.7,-7.394,406084667.8907654,481539.7328753608,405916128.98425907,8.608436,0.575,0.325,0.6699
g11_child_55,CAUGCUCAGGGU,UGCGAA,GAA,AUGGAGAGAGAGAGAG,CAUGCUCAGGGUUGCGAAGAAAUGGAGAGAGAGAGAG,CAUGCUCAGGGUUGCGAAGAA,....(((...(((.......)))...)))........,-1.9,ViennaRNA; duplex=ViennaRNA cofold,12,18,21,24,0.8333,0.5,False,,-8.1,-1.8,-1.194,0.0,0.0053,1.9,-7.3887,402590422.6362094,300.3169049711814,402590317.5252927,8.604863,0.675,0.15,0.6698
g8_child_25,AAUGAUCAGGGU,GCCA,GAA,AUGGAGAGAGAGAGAG,AAUGAUCAGGGUGCCAGAAAUGGAGAGAGAGAGAG,AAUGAUCAGGGUGCCAGAA,.............(((....)))............,-2.3,ViennaRNA; duplex=ViennaRNA cofold,12,16,19,22,0.25,0.75,False,,-8.5,-3.9,-1.194,0.0,0.0053,2.3,-7.3887,402590189.00814253,78225.66708120507,402562810.0246641,8.604834,0.7083,0.325,0.6698
seed_0017,CAUCAUACAUUU,GCGA,AAAU,AUGGAGAGAGAGAGAG,CAUCAUACAUUUGCGAAAAUAUGGAGAGAGAGAGAG,CAUCAUACAUUUGCGAAAAU,(.(((((..(((....)))))))).)..........,-0.4,ViennaRNA; duplex=ViennaRNA cofold,12,16,20,23,1.0,0.3333,False,,-7.7,0.0,-1.194,0.0,1.152,0.4,-7.342,373225611.24122185,5682.333680860818,373223622.4244335,8.571969,0.6417,0.0,0.6686
g6_child_77,GAUCACAAGUUU,GCAGA,GAA,AUGGAGAGAGAGAGAG,GAUCACAAGUUUGCAGAGAAAUGGAGAGAGAGAGAG,GAUCACAAGUUUGCAGAGAA,.........(((.((......)).))).........,-1.5,ViennaRNA; duplex=ViennaRNA cofold,12,17,20,23,0.6,0.5833,False,,-7.6,-2.9,-1.194,0.0,0.0,1.5,-7.294,345258806.01317745,10191.189382115206,345255239.0968937,8.53814,0.6333,0.2417,0.6674
g10_child_48,AAUGAUCAGUGU,UCGA,GAA,AUGGAGAGAGAGAGAG,AAUGAUCAGUGUUCGAGAAAUGGAGAGAGAGAGAG,AAUGAUCAGUGUUCGAGAA,.....((..(.(((.......))).)..)).....,-1.5,ViennaRNA; duplex=ViennaRNA cofold,12,16,19,22,0.5,0.6667,False,,-7.6,-3.0,-1.194,0.0,0.0,1.5,-7.294,345258806.01317745,30522.028866787303,345248123.30307406,8.538131,0.6333,0.25,0.6674
g8_child_22,CAUGAUCACGGU,GCAA,UGUUA,AUGGAGAGAGAGAGAG,CAUGAUCACGGUGCAAUGUUAAUGGAGAGAGAGAGAG,CAUGAUCACGGUGCAAUGUUA,(((...((........))...))).............,-0.1,ViennaRNA; duplex=ViennaRNA cofold,12,16,21,24,1.0,0.75,False,,-8.6,-3.0,-1.194,0.0,2.4,0.1,-7.294,345258805.17835265,1202520.135044683,344837923.131087,8.537615,0.7167,0.25,0.6674
g5_child_43,CGUGAUCAGGGU,GAGA,GAA,AUGGAGAGAGAGAGAG,CGUGAUCAGGGUGAGAGAAAUGGAGAGAGAGAGAG,CGUGAUCAGGGUGAGAGAA,(((..((.......))...))).............,-0.2,ViennaRNA; duplex=ViennaRNA cofold,12,16,19,22,0.5,0.75,False,,-6.3,-4.5,-1.194,0.0,0.0,0.2,-7.294,345258697.48600066,6252946.0317668095,343070166.3748823,8.535383,0.525,0.375,0.6673
g21_child_42,AACGAUUAGGUU,UUCCGA,UAAA,AUGGAGAGAGAGAGAG,AACGAUUAGGUUUUCCGAUAAAAUGGAGAGAGAGAGAG,AACGAUUAGGUUUUCCGAUAAA,..........((((((........))))))........,-4.5,ViennaRNA; duplex=ViennaRNA cofold,12,18,22,25,0.3333,0.5,False,,-10.6,-2.4,-1.194,0.0,0.0053,4.5,-7.2887,342287950.32741255,193.15090751500713,342287882.7245949,8.534392,0.8833,0.2,0.6672
g1_child_60,AUCAAUCAUUGU,GCGA,UCAAAAA,AUGGAGAGAGAGAGAG,AUCAAUCAUUGUGCGAUCAAAAAAUGGAGAGAGAGAGAG,AUCAAUCAUUGUGCGAUCAAAAA,.((..((.((.(.(...........).).)).))..)).,-1.4,ViennaRNA; duplex=ViennaRNA cofold,12,16,23,26,0.75,0.6667,False,,-7.5,0.0,-1.194,0.0,0.0053,1.4,-7.2887,342287851.0104902,10.476720488948839,342287847.343638,8.534391,0.625,0.0,0.6672
g2_child_46,GAUCCCAAGUUU,GCGAG,UCAAAAA,AUGGAGAGAGAGAGAG,GAUCCCAAGUUUGCGAGUCAAAAAAUGGAGAGAGAGAGAG,GAUCCCAAGUUUGCGAGUCAAAAA,..(((((..(((........)))..))).)).........,-3.2,ViennaRNA; duplex=ViennaRNA cofold,12,17,24,27,1.0,0.4167,False,,-10.4,-1.7,-1.194,0.0,1.152,3.2,-7.242,317321657.91381204,92.16072531247538,317321625.6575582,8.5015,0.8667,0.1417,0.6661
g3_child_36,CGUGAUCACGGU,GCAA,UAGGGA,AUGGAGAGAGAGAGAG,CGUGAUCACGGUGCAAUAGGGAAUGGAGAGAGAGAGAG,CGUGAUCACGGUGCAAUAGGGA,(((....)))............................,-0.6,ViennaRNA; duplex=ViennaRNA cofold,12,16,22,25,1.0,1.0,False,,-6.6,-5.0,-1.194,0.0,0.0,0.6,-7.194,293544071.7617741,1842607.310996054,292899159.2029255,8.466718,0.55,0.4167,0.6648
g1_child_53,CUAGUACCCACU,GCGA,UUAAU,AUGGAGAGAGAGAGAG,CUAGUACCCACUGCGAUUAAUAUGGAGAGAGAGAGAG,CUAGUACCCACUGCGAUUAAU,.......(((............)))............,-0.3,ViennaRNA; duplex=ViennaRNA cofold,12,16,21,24,1.0,0.75,False,,-6.3,0.0,-1.194,0.0,0.0053,0.3,-7.1887,291018171.7502923,893.6130896150624,291017858.9857109,8.46392,0.525,0.0,0.6647
g8_child_52,CAUGAUCACGGU,GCGAA,UGGUA,AUGGAGAGAGAGAGAG,CAUGAUCACGGUGCGAAUGGUAAUGGAGAGAGAGAGAG,CAUGAUCACGGUGCGAAUGGUA,.....((.((.(((.....))).))))...........,-1.9,ViennaRNA; duplex=ViennaRNA cofold,12,17,22,25,0.6,0.4167,False,,-11.0,-1.8,-1.194,0.0,3.168,1.9,-7.126,262876996.88769206,14753.675631841115,262871833.1012209,8.419744,0.9167,0.15,0.6631
g13_child_38,AAUGAUCAGGGU,UCCGA,UAA,AUGGAGAGAGAGAGAG,AAUGAUCAGGGUUCCGAUAAAUGGAGAGAGAGAGAG,AAUGAUCAGGGUUCCGAUAA,...........((((.......))))..........,-2.1,ViennaRNA; duplex=ViennaRNA cofold,12,17,20,23,0.4,0.6667,False,,-8.3,-2.7,-1.194,0.0,0.288,2.1,-7.106,254482651.09740576,28790.128864764934,254472574.5523031,8.405641,0.6917,0.225,0.6626
g15_child_21,AACGAUCAGGGU,UCCG,GUA,AUGGAGAGAGAGAGAG,AACGAUCAGGGUUCCGGUAAUGGAGAGAGAGAGAG,AACGAUCAGGGUUCCGGUA,..(..((....(((((....)))))...))..)..,-4.2,ViennaRNA; duplex=ViennaRNA cofold,12,16,19,22,0.0,0.5833,False,,-10.1,-4.5,-1.194,0.0,0.0,4.2,-7.094,249575257.4393953,28234.956575489075,249565375.2045939,8.397184,0.8417,0.375,0.6623
seed_0024,AUCAAUCAUUGU,GCGA,UGCUG,AUGGAGAGAGAGAGAG,AUCAAUCAUUGUGCGAUGCUGAUGGAGAGAGAGAGAG,AUCAAUCAUUGUGCGAUGCUG,.((..((((((.((...)))))))).)).........,-2.2,ViennaRNA; duplex=ViennaRNA cofold,12,16,21,24,0.5,0.25,False,,-8.1,0.0,-1.194,0.0,0.0053,2.2,-7.0887,247427708.05897072,164.2196388622983,247427650.5820971,8.393448,0.675,0.0,0.6622
g6_child_60,CAUGAUCAGGGU,GCCA,GAA,AUGGAGAGAGAGAGAG,CAUGAUCAGGGUGCCAGAAAUGGAGAGAGAGAGAG,CAUGAUCAGGGUGCCAGAA,.............(((....)))............,-2.3,ViennaRNA; duplex=ViennaRNA cofold,12,16,19,22,0.25,0.75,False,,-8.2,-3.9,-1.194,0.0,0.0053,2.3,-7.0887,247427899.50613523,78225.66708120507,247400520.5226568,8.393401,0.6833,0.325,0.6622
g2_child_50,CGUGAUCACGGU,GCGA,AGAGGA,AUGGAGAGAGAGAGAG,CGUGAUCACGGUGCGAAGAGGAAUGGAGAGAGAGAGAG,CGUGAUCACGGUGCGAAGAGGA,(.(..((.(.((.(......).)).).))..).)....,-1.2,ViennaRNA; duplex=ViennaRNA cofold,12,16,22,25,0.75,0.5,False,,-10.2,-5.8,-1.194,0.0,3.168,1.2,-7.026,223501510.40541074,4669126.769162868,221867316.03620374,8.346093,0.85,0.4833,0.6605
g16_child_66,AAUUAUCAGGUU,UGCGA,UAA,AUGGAGAGAGAGAGAG,AAUUAUCAGGUUUGCGAUAAAUGGAGAGAGAGAGAG,AAUUAUCAGGUUUGCGAUAA,..(((((........)))))................,-2.0,ViennaRNA; duplex=ViennaRNA cofold,12,17,20,23,0.6,0.75,False,,-8.1,-1.7,-1.194,0.0,0.288,2.0,-7.006,216364651.8037429,3584.1583109340863,216363397.34833404,8.335184,0.675,0.1417,0.6601
g8_child_59,AGUGAUCAGGGU,ACGA,UAGGGA,AUGGAGAGAGAGAGAG,AGUGAUCAGGGUACGAUAGGGAAUGGAGAGAGAGAGAG,AGUGAUCAGGGUACGAUAGGGA,......................................,0.0,ViennaRNA; duplex=ViennaRNA cofold,12,16,22,25,1.0,1.0,False,,-5.8,-5.0,-1.194,0.0,0.0,0.0,-6.994,212192277.14096466,4878238.210988904,210484893.76711854,8.323221,0.4833,0.4167,0.6597
seed_0073,GUAGUGGUAUUU,GCGA,AUCU,AUGGAGAGAGAGAGAG,GUAGUGGUAUUUGCGAAUCUAUGGAGAGAGAGAGAG,GUAGUGGUAUUUGCGAAUCU,((((......))))......................,-1.4,ViennaRNA; duplex=ViennaRNA cofold,12,16,20,23,0.5,1.0,False,,-8.3,-1.4,-1.194,0.0,1.152,1.4,-6.942,195022506.50260395,10874.604703164576,195018700.39095783,8.290076,0.6917,0.1167,0.6585
g2_child_66,GUAGUGGUAUUU,GCGA,GUAA,AUGGAGAGAGAGAGAG,GUAGUGGUAUUUGCGAGUAAAUGGAGAGAGAGAGAG,GUAGUGGUAUUUGCGAGUAA,((((......))))......................,-1.4,ViennaRNA; duplex=ViennaRNA cofold,12,16,20,23,0.5,1.0,False,,-8.3,-2.5,-1.194,0.0,1.152,1.4,-6.942,195022506.50260395,154643.0553195811,194968381.43324208,8.289964,0.6917,0.2083,0.6585
g3_child_53,CGUGAUGACGGU,GCGA,AGGGA,AUGGAGAGAGAGAGAG,CGUGAUGACGGUGCGAAGGGAAUGGAGAGAGAGAGAG,CGUGAUGACGGUGCGAAGGGA,(((....)))...........................,-1.8,ViennaRNA; duplex=ViennaRNA cofold,12,16,21,24,1.0,1.0,False,,-7.8,-4.8,-1.194,0.0,0.288,1.8,-6.906,183956311.02877772,45941.16945348001,183940231.619469,8.264677,0.65,0.4,0.6576
g5_child_78,CGUGAUCACGUU,GCGA,UAGGGA,AUGGAGAGAGAGAGAG,CGUGAUCACGUUGCGAUAGGGAAUGGAGAGAGAGAGAG,CGUGAUCACGUUGCGAUAGGGA,(.(..((.((((.(.....).))))))..).)......,-4.8,ViennaRNA; duplex=ViennaRNA cofold,12,16,22,25,0.75,0.3333,False,,-10.5,-5.0,-1.194,0.0,0.0,4.8,-6.894,180408759.0261282,116792.2709929372,180367881.73128068,8.256159,0.875,0.4167,0.6573
g7_child_61,CAUGAUCAGGGU,GCCA,GUAAA,AUGGAGAGAGAGAGAG,CAUGAUCAGGGUGCCAGUAAAAUGGAGAGAGAGAGAG,CAUGAUCAGGGUGCCAGUAAA,.............(((......)))............,-2.5,ViennaRNA; duplex=ViennaRNA cofold,12,16,21,24,0.25,0.75,False,,-8.2,-3.9,-1.194,0.0,0.0053,2.5,-6.8887,178856720.67212486,10191.189382115206,178853153.75584114,8.252497,0.6833,0.325,0.6572
g1_child_68,GAUCCCAAGUUU,GCGA,CGAAA,AUGGAGAGAGAGAGAG,GAUCCCAAGUUUGCGACGAAAAUGGAGAGAGAGAGAG,GAUCCCAAGUUUGCGACGAAA,..(((((..((((...))))..))).)).........,-3.6,ViennaRNA; duplex=ViennaRNA cofold,12,16,21,24,0.75,0.4167,False,,-11.0,-0.2,-1.194,0.0,1.728,3.6,-6.866,172395429.933208,23.42960516252008,172395421.73284617,8.236526,0.9167,0.0167,0.6566
g11_child_41,AAUGAUCAGGGU,UUCGA,GGA,AUGGAGAGAGAGAGAG,AAUGAUCAGGGUUUCGAGGAAUGGAGAGAGAGAGAG,AAUGAUCAGGGUUUCGAGGA,.....((....((((.(....).))))....))...,-2.0,ViennaRNA; duplex=ViennaRNA cofold,12,17,20,23,0.2,0.5833,False,,-7.9,-5.9,-1.194,0.0,0.288,2.0,-6.806,156402277.75289032,588866.7178108172,156196174.40165654,8.19367,0.6583,0.4917,0.6551
g9_child_17,CAUGAUCACGGU,GCGA,UGAUA,AUGGAGAGAGAGAGAG,CAUGAUCACGGUGCGAUGAUAAUGGAGAGAGAGAGAG,CAUGAUCACGGUGCGAUGAUA,(((.((((((...)).)))).))).............,-3.6,ViennaRNA; duplex=ViennaRNA cofold,12,16,21,24,0.5,0.5833,False,,-11.6,-1.4,-1.194,0.0,2.4,3.6,-6.794,153386329.90429237,164.21967062852147,153386272.42740765,8.185786,0.9667,0.1167,0.6548
g8_child_27,CAUGAUCACGGU,ACGA,GAA,AUGGAGAGAGAGAGAG,CAUGAUCACGGUACGAGAAAUGGAGAGAGAGAGAG,CAUGAUCACGGUACGAGAA,(((..((.......))...))).............,-0.6,ViennaRNA; duplex=ViennaRNA cofold,12,16,19,22,0.5,0.75,False,,-6.2,-3.0,-1.194,0.0,0.0,0.6,-6.794,153386187.48522466,131479.65361804247,153340169.60645834,8.185656,0.5167,0.25,0.6548
g22_child_33,AACGAUCAGGUU,UUGCUGA,UAAA,AUGGAGAGAGAGAGAG,AACGAUCAGGUUUUGCUGAUAAAAUGGAGAGAGAGAGAG,AACGAUCAGGUUUUGCUGAUAAA,....(((((......)))))...................,-5.1,ViennaRNA; duplex=ViennaRNA cofold,12,19,23,26,0.4286,1.0,False,,-10.7,0.0,-1.194,0.0,0.0053,5.1,-6.7887,152066651.00348625,0.26764880950622966,152066650.90980917,8.182034,0.8917,0.0,0.6546
g6_child_72,CGUCAUCAAGGU,GCGA,UAGGGA,AUGGAGAGAGAGAGAG,CGUCAUCAAGGUGCGAUAGGGAAUGGAGAGAGAGAGAG,CGUCAUCAAGGUGCGAUAGGGA,((.(((....))))).......................,-1.2,ViennaRNA; duplex=ViennaRNA cofold,12,16,22,25,0.25,1.0,False,,-6.8,-5.0,-1.194,0.0,0.0,1.2,-6.794,153386098.4733743,4878234.436455493,151678716.4206149,8.180925,0.5667,0.4167,0.6546
g11_child_40,CAUGAUCAGGGU,UGGAA,GAA,AUGGAGAGAGAGAGAG,CAUGAUCAGGGUUGGAAGAAAUGGAGAGAGAGAGAG,CAUGAUCAGGGUUGGAAGAA,....................................,0.0,ViennaRNA; duplex=ViennaRNA cofold,12,17,20,23,1.0,1.0,False,,-8.0,-5.2,-1.194,0.0,2.4,0.0,-6.794,153386122.20986253,26935789.991833616,143958595.71272075,8.158238,0.6667,0.4333,0.6538
g14_child_24,AACGAUCAGGGU,UCCGA,GUC,AUGGAGAGAGAGAGAG,AACGAUCAGGGUUCCGAGUCAUGGAGAGAGAGAGAG,AACGAUCAGGGUUCCGAGUC,..(..((....((((.......))))...))..)..,-2.9,ViennaRNA; duplex=ViennaRNA cofold,12,17,20,23,0.4,0.6667,False,,-8.7,-2.3,-1.194,0.0,0.288,2.9,-6.706,132975445.9060963,6554.5324757781755,132973151.81972978,8.123764,0.725,0.1917,0.6526
g9_child_47,AAUGAUCAGGGU,UCCGA,GAA,AUGGAGAGAGAGAGAG,AAUGAUCAGGGUUCCGAGAAAUGGAGAGAGAGAGAG,AAUGAUCAGGGUUCCGAGAA,...........((((.......))))..........,-2.1,ViennaRNA; duplex=ViennaRNA cofold,12,17,20,23,0.4,0.6667,False,,-7.9,-3.3,-1.194,0.0,0.288,2.1,-6.706,132975445.9060963,7366.843901887897,132972867.51073064,8.123763,0.6583,0.275,0.6526
g1_child_39,CGUGAUCACGGU,GCUA,AGGGA,AUGGAGAGAGAGAGAG,CGUGAUCACGGUGCUAAGGGAAUGGAGAGAGAGAGAG,CGUGAUCACGGUGCUAAGGGA,(((....)))...........................,-0.6,ViennaRNA; duplex=ViennaRNA cofold,12,16,21,24,1.0,1.0,False,,-6.5,-5.1,-1.194,0.0,0.288,0.6,-6.806,156402217.24480203,68144005.45453675,132551815.33571416,8.122386,0.5417,0.425,0.6525
g6_child_47,GAUCACAAGUUU,GAGA,GAA,AUGGAGAGAGAGAGAG,GAUCACAAGUUUGAGAGAAAUGGAGAGAGAGAGAG,GAUCACAAGUUUGAGAGAA,...................................,0.0,ViennaRNA; duplex=ViennaRNA cofold,12,16,19,22,1.0,1.0,False,,-5.5,-2.9,-1.194,0.0,0.0,0.0,-6.694,130411148.1955188,116225.16042526634,130370469.38936996,8.115179,0.4583,0.2417,0.6523
g4_child_51,CGUAAUCACGGU,GCGA,UAGGGA,AUGGAGAGAGAGAGAG,CGUAAUCACGGUGCGAUAGGGAAUGGAGAGAGAGAGAG,CGUAAUCACGGUGCGAUAGGGA,((((.......)))).......................,-1.3,ViennaRNA; duplex=ViennaRNA cofold,12,16,22,25,0.25,1.0,False,,-6.8,-5.0,-1.194,0.0,0.0,1.3,-6.694,130411148.1955188,1842609.449572305,129766234.8881685,8.113162,0.5667,0.4167,0.6522
g20_child_69,AACGAUCAGGUU,UUCCGA,UAAA,AUGGAGAGAGAGAGAG,AACGAUCAGGUUUUCCGAUAAAAUGGAGAGAGAGAGAG,AACGAUCAGGUUUUCCGAUAAA,..(..((...((((((........))))))...))..),-5.4,ViennaRNA; duplex=ViennaRNA cofold,12,18,22,25,0.3333,0.5,False,,-10.9,-1.2,-1.194,0.0,0.0053,5.4,-6.6887,129289034.16882706,6.39722142614367,129289031.92979956,8.111562,0.9083,0.1,0.6521
g7_child_17,CGUAAUCAGAGU,GCGA,UAGGGA,AUGGAGAGAGAGAGAG,CGUAAUCAGAGUGCGAUAGGGAAUGGAGAGAGAGAGAG,CGUAAUCAGAGUGCGAUAGGGA,((((.......)))).......................,-1.3,ViennaRNA; duplex=ViennaRNA cofold,12,16,22,25,0.25,1.0,False,,-6.8,-5.0,-1.194,0.0,0.0,1.3,-6.694,130411148.1955188,4878241.985525239,128703763.50058497,8.109591,0.5667,0.4167,0.6521
g3_child_60,CGGACGGUCCUU,GCGA,ACCGAA,AUGGAGAGAGAGAGAG,CGGACGGUCCUUGCGAACCGAAAUGGAGAGAGAGAGAG,CGGACGGUCCUUGCGAACCGAA,....((((........))))..................,-3.7,ViennaRNA; duplex=ViennaRNA cofold,12,16,22,25,1.0,0.9167,False,,-10.9,-3.2,-1.194,0.0,1.728,3.7,-6.666,124618497.94299953,7642.940495909306,124615822.91382596,8.095573,0.9083,0.2667,0.6516
g4_child_72,CGUGAUCACGGU,GCGA,UACGGA,AUGGAGAGAGAGAGAG,CGUGAUCACGGUGCGAUACGGAAUGGAGAGAGAGAGAG,CGUGAUCACGGUGCGAUACGGA,(.(.((..((........))..)).).)..........,-2.8,ViennaRNA; duplex=ViennaRNA cofold,12,16,22,25,1.0,0.5833,False,,-9.4,-0.8,-1.194,0.0,1.152,2.8,-6.642,119858601.74539389,56.91739567050022,119858581.8243054,8.078669,0.7833,0.0667,0.651
g10_child_39,AAUGAUCAGGGU,UCGA,CAA,AUGGAGAGAGAGAGAG,AAUGAUCAGGGUUCGACAAAUGGAGAGAGAGAGAG,AAUGAUCAGGGUUCGACAA,...........(((..(....)..)))........,-0.9,ViennaRNA; duplex=ViennaRNA cofold,12,16,19,22,0.5,0.5833,False,,-7.5,-3.3,-1.194,0.0,1.152,0.9,-6.642,119858578.56025991,4990.561041825079,119856831.86389527,8.078663,0.625,0.275,0.651
g14_child_17,AACGAUCAGGGU,UUCGA,GUC,AUGGAGAGAGAGAGAG,AACGAUCAGGGUUUCGAGUCAUGGAGAGAGAGAGAG,AACGAUCAGGGUUUCGAGUC,..(..((....((((.(....).))))....))..),-2.4,ViennaRNA; duplex=ViennaRNA cofold,12,17,20,23,0.2,0.5833,False,,-8.1,-1.7,-1.194,0.0,0.288,2.4,-6.606,113057597.67394313,5572.75586133869,113055647.20939167,8.053292,0.675,0.1417,0.65
g2_child_79,CUAGUACCCACU,GCGA,AAU,AUGGAGAGAGAGAGAG,CUAGUACCCACUGCGAAAUAUGGAGAGAGAGAGAG,CUAGUACCCACUGCGAAAU,.......(((..........)))............,-0.5,ViennaRNA; duplex=ViennaRNA cofold,12,16,19,22,1.0,0.75,False,,-5.9,0.0,-1.194,0.0,0.0,0.5,-6.594,110877382.22570564,10664.90224289295,110873649.50992063,8.044828,0.4917,0.0,0.6497
g10_child_23,AAUGAUCAGGGU,UGCCGA,GAG,AUGGAGAGAGAGAGAG,AAUGAUCAGGGUUGCCGAGAGAUGGAGAGAGAGAGAG,AAUGAUCAGGGUUGCCGAGAG,.....((.((....))..)).................,-1.5,ViennaRNA; duplex=ViennaRNA cofold,12,18,21,24,0.6667,0.8333,False,,-9.3,-2.8,-1.194,0.0,2.4,1.5,-6.594,110877348.44537437,99298.5303892779,110842593.95973812,8.044707,0.775,0.2333,0.6497
g3_child_51,GUAGUGGUAUUU,GCGA,GUGA,AUGGAGAGAGAGAGAG,GUAGUGGUAUUUGCGAGUGAAUGGAGAGAGAGAGAG,GUAGUGGUAUUUGCGAGUGA,((((......))))......................,-1.4,ViennaRNA; duplex=ViennaRNA cofold,12,16,20,23,0.5,1.0,False,,-8.3,-2.5,-1.194,0.0,1.525,1.4,-6.569,106469532.4759173,154643.0553195811,106415407.40655544,8.027005,0.6917,0.2083,0.6491
g3_child_43,CGUGAUCACGGU,GCGAA,GAAAAG,AUGGAGAGAGAGAGAG,CGUGAUCACGGUGCGAAGAAAAGAUGGAGAGAGAGAGAG,CGUGAUCACGGUGCGAAGAAAAG,(.(..((.(.((.(........))).).))..).)....,-0.8,ViennaRNA; duplex=ViennaRNA cofold,12,17,23,26,0.8,0.5,False,,-10.2,-2.4,-1.194,0.0,4.032,0.8,-6.562,105266908.09088254,14098.34554249402,105261973.66994266,8.022272,0.85,0.2,0.6489
g2_child_20,CGUGAUCACGGU,GCGA,GCCAAA,AUGGAGAGAGAGAGAG,CGUGAUCACGGUGCGAGCCAAAAUGGAGAGAGAGAGAG,CGUGAUCACGGUGCGAGCCAAA,.........(((....)))...................,-2.6,ViennaRNA; duplex=ViennaRNA cofold,12,16,22,25,1.0,1.0,False,,-8.2,-0.4,-1.194,0.0,0.288,2.6,-6.506,96123125.28576799,75.36351924030149,96123098.90853626,7.982828,0.6833,0.0333,0.6475
g13_child_31,AACGAUCAGGUU,UCGA,GUA,AUGGAGAGAGAGAGAG,AACGAUCAGGUUUCGAGUAAUGGAGAGAGAGAGAG,AACGAUCAGGUUUCGAGUA,..(..((...((((.(....).))))..))..)..,-2.4,ViennaRNA; duplex=ViennaRNA cofold,12,16,19,22,0.25,0.5833,False,,-8.0,-2.1,-1.194,0.0,0.288,2.4,-6.506,96123106.6919624,645.9607072619689,96122880.60571486,7.982827,0.6667,0.175,0.6475
g7_child_40,CAUGAUCACGGU,GUGA,UAGGGA,AUGGAGAGAGAGAGAG,CAUGAUCACGGUGUGAUAGGGAAUGGAGAGAGAGAGAG,CAUGAUCACGGUGUGAUAGGGA,....(((((...))))).....................,-3.0,ViennaRNA; duplex=ViennaRNA cofold,12,16,22,25,0.0,1.0,False,,-8.3,-4.2,-1.194,0.0,0.0,3.0,-6.494,94269487.5075731,1331954.4877074931,93803303.43687548,7.972218,0.6917,0.35,0.6471
g1_child_19,AUCAAUCAUUGU,GCGA,UCGCUG,AUGGAGAGAGAGAGAG,AUCAAUCAUUGUGCGAUCGCUGAUGGAGAGAGAGAGAG,AUCAAUCAUUGUGCGAUCGCUG,.((..((((((.((....)))))))).)).........,-3.5,ViennaRNA; duplex=ViennaRNA cofold,12,16,22,25,0.5,0.25,False,,-8.8,0.0,-1.194,0.0,0.0053,3.5,-6.4887,93458351.98975159,37.145352782168445,93458338.98887812,7.970618,0.7333,0.0,0.6471
g1_child_67,CAUCAUACAUUU,GCCGA,UCAAU,AUGGAGAGAGAGAGAG,CAUCAUACAUUUGCCGAUCAAUAUGGAGAGAGAGAGAG,CAUCAUACAUUUGCCGAUCAAU,.........(((..(..((......))..)..)))...,-0.5,ViennaRNA; duplex=ViennaRNA cofold,12,17,22,25,0.8,0.75,False,,-5.8,0.0,-1.194,0.0,0.0053,0.5,-6.4887,93458351.98975177,2590.859006372953,93457445.18909954,7.970614,0.4833,0.0,0.6471
g9_child_30,CAUGAUCACGGU,GCGA,UCGGGA,AUGGAGAGAGAGAGAG,CAUGAUCACGGUGCGAUCGGGAAUGGAGAGAGAGAGAG,CAUGAUCACGGUGCGAUCGGGA,...((((.......))))....................,-2.9,ViennaRNA; duplex=ViennaRNA cofold,12,16,22,25,0.5,1.0,False,,-9.7,-3.4,-1.194,0.0,1.525,2.9,-6.469,90521809.06757605,363677.2238878291,90394522.03921531,7.956142,0.8083,0.2833,0.6466
g4_child_50,GAUCCCAAGUUU,GCGA,GAAAG,AUGGAGAGAGAGAGAG,GAUCCCAAGUUUGCGAGAAAGAUGGAGAGAGAGAGAG,GAUCCCAAGUUUGCGAGAAAG,..(((((..(((.....)))..))).)).........,-4.2,ViennaRNA; duplex=ViennaRNA cofold,12,16,21,24,1.0,0.4167,False,,-11.2,-3.0,-1.194,0.0,1.728,4.2,-6.466,90082330.20877743,1551.5057440196078,90081787.18176702,7.954637,0.9333,0.25,0.6465
g10_child_54,CAUGAUCACGGU,GUGA,UAGAGGA,AUGGAGAGAGAGAGAG,CAUGAUCACGGUGUGAUAGAGGAAUGGAGAGAGAGAGAG,CAUGAUCACGGUGUGAUAGAGGA,....(((((...)))))......................,-3.0,ViennaRNA; duplex=ViennaRNA cofold,12,16,23,26,0.0,1.0,False,,-8.3,-5.8,-1.194,0.0,0.0053,3.0,-6.4887,93458351.98975159,32726232.297001082,82004170.68580121,7.913836,0.6917,0.4833,0.6451
g23_child_37,AACGGUCAGGUU,UUCCGA,UAA,AUGGAGAGAGAGAGAG,AACGGUCAGGUUUUCCGAUAAAUGGAGAGAGAGAGAG,AACGGUCAGGUUUUCCGAUAA,.....((...((((((.......))))))...))...,-4.5,ViennaRNA; duplex=ViennaRNA cofold,12,18,21,24,0.3333,0.5,False,,-10.0,-2.2,-1.194,0.0,0.288,4.5,-6.406,81725219.64110349,260.3542951080473,81725128.5171002,7.912356,0.8333,0.1833,0.645
g3_child_76,CGGACGGUCCUU,GCGAG,ACCAAA,AUGGAGAGAGAGAGAG,CGGACGGUCCUUGCGAGACCAAAAUGGAGAGAGAGAGAG,CGGACGGUCCUUGCGAGACCAAA,.....(((((....).))))...................,-4.7,ViennaRNA; duplex=ViennaRNA cofold,12,17,23,26,0.6,1.0,False,,-9.9,-3.2,-1.194,0.0,0.0053,4.7,-6.3887,79459684.50041841,92.16080553550032,79459652.24413647,7.900147,0.825,0.2667,0.6446
g3_child_49,CGUGAUCAGGGU,GCGA,ACCAAA,AUGGAGAGAGAGAGAG,CGUGAUCAGGGUGCGAACCAAAAUGGAGAGAGAGAGAG,CGUGAUCAGGGUGCGAACCAAA,.........(((....)))...................,-2.8,ViennaRNA; duplex=ViennaRNA cofold,12,16,22,25,1.0,1.0,False,,-8.0,-1.1,-1.194,0.0,0.0053,2.8,-6.3887,79459623.018543,689.2788621926169,79459381.77094124,7.900145,0.6667,0.0917,0.6446
g2_child_64,CGUGAUCACGGU,GCGA,ACGGGA,AUGGAGAGAGAGAGAG,CGUGAUCACGGUGCGAACGGGAAUGGAGAGAGAGAGAG,CGUGAUCACGGUGCGAACGGGA,(.(.((..(.((....)).)..)).).)..........,-2.9,ViennaRNA; duplex=ViennaRNA cofold,12,16,22,25,1.0,0.5833,False,,-9.6,-2.8,-1.194,0.0,1.525,2.9,-6.369,76962902.59356582,9245.740348476656,76959666.58444385,7.886263,0.8,0.2333,0.6441
g12_child_62,AAUGAUCAGGGU,UGCGA,UCA,AUGGAGAGAGAGAGAG,AAUGAUCAGGGUUGCGAUCAAUGGAGAGAGAGAGAG,AAUGAUCAGGGUUGCGAUCA,..(((((........)))))................,-4.3,ViennaRNA; duplex=ViennaRNA cofold,12,17,20,23,0.6,0.75,False,,-11.2,0.0,-1.194,0.0,1.728,4.3,-6.366,76589133.02631871,5.439006738389651,76589131.12266636,7.884167,0.9333,0.0,0.644
g1_child_71,GUAGUGGUAUUU,GCGA,AACU,AUGGAGAGAGAGAGAG,GUAGUGGUAUUUGCGAAACUAUGGAGAGAGAGAGAG,GUAGUGGUAUUUGCGAAACU,(((((............)))))..............,-2.0,ViennaRNA; duplex=ViennaRNA cofold,12,16,20,23,1.0,0.5833,False,,-8.3,-1.4,-1.194,0.0,1.152,2.0,-6.342,73663882.38128771,4107.554641577832,73662444.73716316,7.867246,0.6917,0.1167,0.6434
g6_child_42,CGUGAUCAGGGU,UCGA,GAA,AUGGAGAGAGAGAGAG,CGUGAUCAGGGUUCGAGAAAUGGAGAGAGAGAGAG,CGUGAUCAGGGUUCGAGAA,(.(((.......))).)..................,-0.3,ViennaRNA; duplex=ViennaRNA cofold,12,16,19,22,0.25,0.9167,False,,-5.7,-3.0,-1.194,0.0,0.288,0.3,-6.306,69483960.09226018,213930.92751932237,69409084.26762842,7.841416,0.475,0.25,0.6425
g11_child_21,AAUGAUCAGUGU,UCCGA,GGA,AUGGAGAGAGAGAGAG,AAUGAUCAGUGUUCCGAGGAAUGGAGAGAGAGAGAG,AAUGAUCAGUGUUCCGAGGA,.....((..(((((....)))))..)).........,-2.6,ViennaRNA; duplex=ViennaRNA cofold,12,17,20,23,0.6,0.4167,False,,-8.0,-5.9,-1.194,0.0,0.288,2.6,-6.306,69483919.76988189,222426.72298676742,69406070.41683652,7.841397,0.6667,0.4917,0.6425
g5_child_44,CGGACGGUCCUU,GCAA,ACAAA,AUGGAGAGAGAGAGAG,CGGACGGUCCUUGCAAACAAAAUGGAGAGAGAGAGAG,CGGACGGUCCUUGCAAACAAA,....(..(((.............)))..)........,-1.5,ViennaRNA; duplex=ViennaRNA cofold,12,16,21,24,1.0,0.6667,False,,-9.8,-5.2,-1.194,0.0,3.168,1.5,-6.326,71775883.40807343,6967408.950813768,69337290.27528861,7.840967,0.8167,0.4333,0.6425
g3_child_63,CGUGAUCACGGU,GAGA,UAGGGA,AUGGAGAGAGAGAGAG,CGUGAUCACGGUGAGAUAGGGAAUGGAGAGAGAGAGAG,CGUGAUCACGGUGAGAUAGGGA,(((....)))............................,-0.6,ViennaRNA; duplex=ViennaRNA cofold,12,16,22,25,1.0,1.0,False,,-5.7,-5.0,-1.194,0.0,0.0,0.6,-6.294,68144018.63613723,1842607.310996054,67499106.07728861,7.829298,0.475,0.4167,0.642
seed_0081,CUAUCAUGAUCG,GCGA,ACAGCU,AUGGAGAGAGAGAGAG,CUAUCAUGAUCGGCGAACAGCUAUGGAGAGAGAGAGAG,CUAUCAUGAUCGGCGAACAGCU,((.((.(.((.(((.....))))).).)).))......,-4.2,ViennaRNA; duplex=ViennaRNA cofold,12,16,22,25,0.5,0.25,False,,-9.2,-0.2,-1.194,0.0,0.0,4.2,-6.194,57937049.59195123,26.10667547739786,57937040.45461481,7.762956,0.7667,0.0167,0.6397
g1_child_52,UUAUAUCACUUU,GCGA,UUCCA,AUGGAGAGAGAGAGAG,UUAUAUCACUUUGCGAUUCCAAUGGAGAGAGAGAGAG,UUAUAUCACUUUGCGAUUCCA,.....((.((((.(..((((...)))).))))).)).,-4.1,ViennaRNA; duplex=ViennaRNA cofold,12,16,21,24,0.75,0.3333,False,,-9.1,0.0,-1.194,0.0,0.0053,4.1,-6.1887,57438523.00217153,1.3560701951558103,57438522.527546965,7.759203,0.7583,0.0,0.6395
g16_child_27,AACGAUCAGGGU,UUCGA,CAAA,AUGGAGAGAGAGAGAG,AACGAUCAGGGUUUCGACAAAAUGGAGAGAGAGAGAG,AACGAUCAGGGUUUCGACAAA,.....((....((((..((...))..))))....)).,-2.9,ViennaRNA; duplex=ViennaRNA cofold,12,17,21,24,0.4,0.4167,False,,-7.9,-1.7,-1.194,0.0,0.0053,2.9,-6.1887,57438467.44840551,832.0355134552174,57438176.2359758,7.759201,0.6583,0.1417,0.6395
g11_child_16,CAUGAUCAGGGU,UCCGAA,GAA,AUGGAGAGAGAGAGAG,CAUGAUCAGGGUUCCGAAGAAAUGGAGAGAGAGAGAG,CAUGAUCAGGGUUCCGAAGAA,...........((((........))))..........,-2.6,ViennaRNA; duplex=ViennaRNA cofold,12,18,21,24,0.5,0.6667,False,,-7.6,-3.3,-1.194,0.0,0.0053,2.6,-6.1887,57438523.00217153,3272.8269310098894,57437377.51274568,7.759195,0.6333,0.275,0.6395
g7_child_16,CAUGUUCACGGU,GCGAA,GAA,AUGGAGAGAGAGAGAG,CAUGUUCACGGUGCGAAGAAAUGGAGAGAGAGAGAG,CAUGUUCACGGUGCGAAGAA,....(((.(.((........)).).)))........,-1.2,ViennaRNA; duplex=ViennaRNA cofold,12,17,20,23,1.0,0.5,False,,-7.9,-3.0,-1.194,0.0,1.728,1.2,-6.166,55363591.16474485,19503.453231145446,55356764.95611394,7.743171,0.6583,0.25,0.639
g6_child_29,GAUCACAAGUUU,GCCA,GAA,AUGGAGAGAGAGAGAG,GAUCACAAGUUUGCCAGAAAUGGAGAGAGAGAGAG,GAUCACAAGUUUGCCAGAA,.............(((....)))............,-2.3,ViennaRNA; duplex=ViennaRNA cofold,12,16,19,22,0.25,0.75,False,,-7.2,-0.2,-1.194,0.0,0.0053,2.3,-6.0887,48835069.87913352,34.81094786814308,48835057.69530177,7.688732,0.6,0.0167,0.637
g9_child_67,CAUGAGCACGGU,GCGA,UGUUA,AUGGAGAGAGAGAGAG,CAUGAGCACGGUGCGAUGUUAAUGGAGAGAGAGAGAG,CAUGAGCACGGUGCGAUGUUA,(((.((((((...)).)))).))).............,-3.2,ViennaRNA; duplex=ViennaRNA cofold,12,16,21,24,0.5,0.5833,False,,-8.1,-1.7,-1.194,0.0,0.0053,3.2,-6.0887,48835032.09303229,511.3602018032257,48834853.116961665,7.68873,0.675,0.1417,0.637
g5_child_50,GAUCACAAGUUU,ACGA,GAA,AUGGAGAGAGAGAGAG,GAUCACAAGUUUACGAGAAAUGGAGAGAGAGAGAG,GAUCACAAGUUUACGAGAA,...................................,0.0,ViennaRNA; duplex=ViennaRNA cofold,12,16,19,22,1.0,1.0,False,,-5.1,-3.0,-1.194,0.0,0.288,0.0,-6.006,42704088.388173774,136701.02550769775,42656243.02924608,7.629983,0.425,0.25,0.6349
g1_child_28,CGGGCAUUGACA,GCGA,AUUAC,AUGGAGAGAGAGAGAG,CGGGCAUUGACAGCGAAUUACAUGGAGAGAGAGAGAG,CGGGCAUUGACAGCGAAUUAC,...((.......)).......................,-0.5,ViennaRNA; duplex=ViennaRNA cofold,12,16,21,24,0.5,1.0,False,,-5.3,-2.2,-1.194,0.0,0.0053,0.5,-5.9887,41520224.31769932,92007.00495397898,41488021.865965426,7.617923,0.4417,0.1833,0.6345
g2_child_71,CUAGUACCCACU,GCGA,UCAU,AUGGAGAGAGAGAGAG,CUAGUACCCACUGCGAUCAUAUGGAGAGAGAGAGAG,CUAGUACCCACUGCGAUCAU,..........((.(........).))..........,-0.6,ViennaRNA; duplex=ViennaRNA cofold,12,16,20,23,0.75,0.75,False,,-7.1,0.0,-1.194,0.0,1.728,0.6,-5.966,40020326.53584359,1398.4642389083638,40019837.073359974,7.602275,0.5917,0.0,0.6339
g1_child_61,AAGGGUCUUUAU,GCGA,GCUAAG,AUGGAGAGAGAGAGAG,AAGGGUCUUUAUGCGAGCUAAGAUGGAGAGAGAGAGAG,AAGGGUCUUUAUGCGAGCUAAG,.....(((((((..........))))))).........,-3.7,ViennaRNA; duplex=ViennaRNA cofold,12,16,22,25,1.0,0.4167,False,,-8.7,-2.4,-1.194,0.0,0.288,3.7,-5.906,36307596.5593905,324.6430208889446,36307482.93433319,7.559996,0.725,0.2,0.6324
g8_child_55,CGUGAUCAGUGU,GCGU,UAGGGA,AUGGAGAGAGAGAGAG,CGUGAUCAGUGUGCGUUAGGGAAUGGAGAGAGAGAGAG,CGUGAUCAGUGUGCGUUAGGGA,.....((..(.(.((((....)))).).)..)).....,-3.2,ViennaRNA; duplex=ViennaRNA cofold,12,16,22,25,0.25,0.5,False,,-8.2,-3.9,-1.194,0.0,0.288,3.2,-5.906,36307638.698897496,4549.676960881139,36306046.31196119,7.559979,0.6833,0.325,0.6324
g3_child_67,CGUGUUCAGGGU,GCGA,GUAA,AUGGAGAGAGAGAGAG,CGUGUUCAGGGUGCGAGUAAAUGGAGAGAGAGAGAG,CGUGUUCAGGGUGCGAGUAA,..(.((((.............)))).).........,-0.3,ViennaRNA; duplex=ViennaRNA cofold,12,16,20,23,1.0,0.5833,False,,-6.5,-3.9,-1.194,0.0,1.525,0.3,-5.869,34191905.54142225,921549.8921311795,33869363.07917634,7.529807,0.5417,0.325,0.6313
g2_child_78,GAUCCCAAGUUU,UCGA,GUAA,AUGGAGAGAGAGAGAG,GAUCCCAAGUUUUCGAGUAAAUGGAGAGAGAGAGAG,GAUCCCAAGUUUUCGAGUAA,..((.(...(((((.(.....).)))))...).)).,-2.3,ViennaRNA; duplex=ViennaRNA cofold,12,16,20,23,0.25,0.5,False,,-7.6,-2.5,-1.194,0.0,0.672,2.3,-5.822,31681197.410852656,15043.776882144848,31675932.088943906,7.500729,0.6333,0.2083,0.6303
g2_child_72,GAUCCCAAGUUU,GCGA,ACUGCU,AUGGAGAGAGAGAGAG,GAUCCCAAGUUUGCGAACUGCUAUGGAGAGAGAGAGAG,GAUCCCAAGUUUGCGAACUGCU,..((((((((.........))).))).)).........,-3.8,ViennaRNA; duplex=ViennaRNA cofold,12,16,22,25,1.0,0.3333,False,,-10.8,-0.2,-1.194,0.0,2.4,3.8,-5.794,30273998.171140358,49.9618228032462,30273980.684502378,7.48107,0.9,0.0167,0.6296
g9_child_72,CAUGAUCACGGU,GCCGA,UAGGGA,AUGGAGAGAGAGAGAG,CAUGAUCACGGUGCCGAUAGGGAAUGGAGAGAGAGAGAG,CAUGAUCACGGUGCCGAUAGGGA,.....((.(.((.((.....)).)).).)).........,-3.4,ViennaRNA; duplex=ViennaRNA cofold,12,17,23,26,0.6,0.4167,False,,-8.0,-3.6,-1.194,0.0,0.0,3.4,-5.794,30273983.238029134,2021.2593890864746,30273275.797242954,7.481059,0.6667,0.3,0.6296
seed_0100,AAGGGUCUUUAU,GCGA,AUGGA,AUGGAGAGAGAGAGAG,AAGGGUCUUUAUGCGAAUGGAAUGGAGAGAGAGAGAG,AAGGGUCUUUAUGCGAAUGGA,.....(((((((.(.....).))))))).........,-4.2,ViennaRNA; duplex=ViennaRNA cofold,12,16,21,24,0.75,0.3333,False,,-10.5,-4.2,-1.194,0.0,1.728,4.2,-5.766,28929256.741437845,353.2250390358815,28929133.112674184,7.461335,0.875,0.35,0.6289
g2_child_38,GUAGUGGUAUUU,GCGA,UUGGA,AUGGAGAGAGAGAGAG,GUAGUGGUAUUUGCGAUUGGAAUGGAGAGAGAGAGAG,GUAGUGGUAUUUGCGAUUGGA,.((((.((....)).))))..................,-1.9,ViennaRNA; duplex=ViennaRNA cofold,12,16,21,24,0.25,0.9167,False,,-8.2,-1.9,-1.194,0.0,1.728,1.9,-5.766,28929267.933440443,10191.185439401606,28925701.018536653,7.461284,0.6833,0.1583,0.6289
g8_child_21,CAUGAUCAGGGU,GGAG,UGUUA,AUGGAGAGAGAGAGAG,CAUGAUCAGGGUGGAGUGUUAAUGGAGAGAGAGAGAG,CAUGAUCAGGGUGGAGUGUUA,(((...((........))...))).............,-1.1,ViennaRNA; duplex=ViennaRNA cofold,12,16,21,24,1.0,0.75,False,,-5.9,-6.1,-1.194,0.0,0.0053,1.1,-5.9887,41520240.38083101,36307603.5826383,28812579.126907606,7.459582,0.4917,0.5083,0.6288
g1_child_62,GUAGUGGUAUUU,GCGG,AUCU,AUGGAGAGAGAGAGAG,GUAGUGGUAUUUGCGGAUCUAUGGAGAGAGAGAGAG,GUAGUGGUAUUUGCGGAUCU,((((......))))......................,-1.4,ViennaRNA; duplex=ViennaRNA cofold,12,16,20,23,0.5,1.0,False,,-7.1,-3.3,-1.194,0.0,1.152,1.4,-5.742,27824282.26785604,2301329.9965880373,27018816.769050226,7.431666,0.5917,0.275,0.6278
g1_child_18,UUCAGUAGCGUC,GCGA,UGUGAA,AUGGAGAGAGAGAGAG,UUCAGUAGCGUCGCGAUGUGAAAUGGAGAGAGAGAGAG,UUCAGUAGCGUCGCGAUGUGAA,((((...((((....))))....))))...........,-3.0,ViennaRNA; duplex=ViennaRNA cofold,12,16,22,25,0.75,0.6667,False,,-7.8,0.0,-1.194,0.0,0.288,3.0,-5.706,26245479.793663472,20.5772603386666,26245472.591622353,7.419054,0.65,0.0,0.6274
g12_child_53,AAUGAUCAGGGU,UCGA,CUAA,AUGGAGAGAGAGAGAG,AAUGAUCAGGGUUCGACUAAAUGGAGAGAGAGAGAG,AAUGAUCAGGGUUCGACUAA,...........(((..(.....)..)))........,-1.4,ViennaRNA; duplex=ViennaRNA cofold,12,16,20,23,0.5,0.6667,False,,-7.5,-3.3,-1.194,0.0,1.728,1.4,-5.566,20911914.14428622,237342.4856827159,20828844.274297267,7.318665,0.625,0.275,0.6238
g1_child_63,GAUCCCAAGUUU,GGCGA,GAAA,AUGGAGAGAGAGAGAG,GAUCCCAAGUUUGGCGAGAAAAUGGAGAGAGAGAGAG,GAUCCCAAGUUUGGCGAGAAA,..(((((..(((.....)))..))).)).........,-2.8,ViennaRNA; duplex=ViennaRNA cofold,12,17,21,24,1.0,0.4167,False,,-7.8,-1.5,-1.194,0.0,0.672,2.8,-5.522,19470916.61118897,6683.415419100986,19468577.415792286,7.289334,0.65,0.125,0.6227
g19_child_51,AAUGAUCAGGUU,UUCCGA,UAA,AUGGAGAGAGAGAGAG,AAUGAUCAGGUUUUCCGAUAAAUGGAGAGAGAGAGAG,AAUGAUCAGGUUUUCCGAUAA,.....((...((((((.......))))))...))...,-4.5,ViennaRNA; duplex=ViennaRNA cofold,12,18,21,24,0.3333,0.5,False,,-9.1,-1.2,-1.194,0.0,0.288,4.5,-5.506,18971908.78514809,51.38636435224947,18971890.79992057,7.278111,0.7583,0.1,0.6223
g7_child_44,AGUGAUCAGGGU,GCCGA,UAGGGA,AUGGAGAGAGAGAGAG,AGUGAUCAGGGUGCCGAUAGGGAAUGGAGAGAGAGAGAG,AGUGAUCAGGGUGCCGAUAGGGA,.....((....(.((....)).)...))...........,-2.3,ViennaRNA; duplex=ViennaRNA cofold,12,17,23,26,0.6,0.6667,False,,-6.6,-3.9,-1.194,0.0,0.0,2.3,-5.494,18606051.00949387,19598.637591429142,18599191.48633687,7.269494,0.55,0.325,0.622
g7_child_67,CAUGAUCAGGGU,CCGA,GAA,AUGGAGAGAGAGAGAG,CAUGAUCAGGGUCCGAGAAAUGGAGAGAGAGAGAG,CAUGAUCAGGGUCCGAGAA,.....((....(((.......)))....)).....,-1.9,ViennaRNA; duplex=ViennaRNA cofold,12,16,19,22,0.5,0.75,False,,-6.2,-3.3,-1.194,0.0,0.0,1.9,-5.494,18606058.20770757,25950.258984283053,18596975.61706307,7.269442,0.5167,0.275,0.622
g8_child_56,AGUGAUCAGGGU,UCGA,UAGGGA,AUGGAGAGAGAGAGAG,AGUGAUCAGGGUUCGAUAGGGAAUGGAGAGAGAGAGAG,AGUGAUCAGGGUUCGAUAGGGA,.....((...((((......))))...)).........,-2.7,ViennaRNA; duplex=ViennaRNA cofold,12,16,22,25,0.5,0.5,False,,-7.0,-5.0,-1.194,0.0,0.0,2.7,-5.494,18606061.806815397,61027.76456815401,18584702.08921654,7.269156,0.5833,0.4167,0.622
g7_child_63,CGUGAUCAGAGU,GCCA,GUAAA,AUGGAGAGAGAGAGAG,CGUGAUCAGAGUGCCAGUAAAAUGGAGAGAGAGAGAG,CGUGAUCAGAGUGCCAGUAAA,.............(((......)))............,-2.5,ViennaRNA; duplex=ViennaRNA cofold,12,16,21,24,0.25,0.75,False,,-6.8,-2.4,-1.194,0.0,0.0053,2.5,-5.4887,18445960.05267792,893.6132300623553,18445647.288047396,7.265894,0.5667,0.2,0.6219
g6_child_24,CGUGAUCAGGGU,GCCA,GUAAA,AUGGAGAGAGAGAGAG,CGUGAUCAGGGUGCCAGUAAAAUGGAGAGAGAGAGAG,CGUGAUCAGGGUGCCAGUAAA,.............(((......)))............,-2.5,ViennaRNA; duplex=ViennaRNA cofold,12,16,21,24,0.25,0.75,False,,-6.8,-3.9,-1.194,0.0,0.0053,2.5,-5.4887,18445960.05267792,10191.189382115206,18442393.136394177,7.265817,0.5667,0.325,0.6219
g1_child_51,UUGUAUCACUUU,GCGA,UGUGGA,AUGGAGAGAGAGAGAG,UUGUAUCACUUUGCGAUGUGGAAUGGAGAGAGAGAGAG,UUGUAUCACUUUGCGAUGUGGA,.....((.((((.((........)).)))).)).....,-2.9,ViennaRNA; duplex=ViennaRNA cofold,12,16,22,25,0.5,0.5,False,,-7.4,-2.1,-1.194,0.0,0.288,2.9,-5.406,16130174.794305492,12045.100816039288,16125959.009019878,7.207526,0.6167,0.175,0.6198
g16_child_42,AACGCUCAGGGU,UGCG,GUA,AUGGAGAGAGAGAGAG,AACGCUCAGGGUUGCGGUAAUGGAGAGAGAGAGAG,AACGCUCAGGGUUGCGGUA,..(((........)))...................,-4.0,ViennaRNA; duplex=ViennaRNA cofold,12,16,19,22,0.25,1.0,False,,-8.1,-0.5,-1.194,0.0,0.0,4.0,-5.294,13449652.226091651,423.62323221439266,13449503.957960377,7.128706,0.675,0.0417,0.617
g16_child_25,AAUGAUCAGGUU,UUCCGA,UAAA,AUGGAGAGAGAGAGAG,AAUGAUCAGGUUUUCCGAUAAAAUGGAGAGAGAGAGAG,AAUGAUCAGGUUUUCCGAUAAA,.....((...((((((........))))))...))...,-5.0,ViennaRNA; duplex=ViennaRNA cofold,12,18,22,25,0.3333,0.5,False,,-9.1,-1.2,-1.194,0.0,0.0053,5.0,-5.2887,13333925.590555912,12.242727760765831,13333921.305601196,7.124958,0.7583,0.1,0.6169
g4_child_62,GAUCCCAAGUCU,GCGA,GAA,AUGGAGAGAGAGAGAG,GAUCCCAAGUCUGCGAGAAAUGGAGAGAGAGAGAG,GAUCCCAAGUCUGCGAGAA,..(((((..(((...)))..))).)).........,-4.0,ViennaRNA; duplex=ViennaRNA cofold,12,16,19,22,0.75,0.4167,False,,-8.1,-3.0,-1.194,0.0,0.0053,4.0,-5.2887,13333925.590555912,528.227809620832,13333740.710822545,7.124952,0.675,0.25,0.6168
seed_0023,CGUGCAUUGACA,GCGA,AUUAC,AUGGAGAGAGAGAGAG,CGUGCAUUGACAGCGAAUUACAUGGAGAGAGAGAGAG,CGUGCAUUGACAGCGAAUUAC,((((.(((.......)))..)))).............,-0.7,ViennaRNA; duplex=ViennaRNA cofold,12,16,21,24,0.75,0.6667,False,,-4.8,0.0,-1.194,0.0,0.0053,0.7,-5.2887,13333929.459476367,1872.8388809320297,13333273.96586804,7.124937,0.4,0.0,0.6168
g3_child_32,CGUGAUCACGGU,GCUGA,AGGGA,AUGGAGAGAGAGAGAG,CGUGAUCACGGUGCUGAAGGGAAUGGAGAGAGAGAGAG,CGUGAUCACGGUGCUGAAGGGA,(.(..((.(.((.((....)).)).).))..).)....,-1.8,ViennaRNA; duplex=ViennaRNA cofold,12,17,22,25,0.6,0.4167,False,,-6.5,-4.8,-1.194,0.0,0.672,1.8,-5.222,11966618.836068824,758495.2322617432,11701145.504777214,7.068228,0.5417,0.4,0.6148
g2_child_51,GUAGUGGUAUUU,GGCGA,UGUGGA,AUGGAGAGAGAGAGAG,GUAGUGGUAUUUGGCGAUGUGGAAUGGAGAGAGAGAGAG,GUAGUGGUAUUUGGCGAUGUGGA,.......(((((.((...)).))))).............,-2.4,ViennaRNA; duplex=ViennaRNA cofold,12,17,23,26,0.6,0.5833,False,,-6.7,-2.6,-1.194,0.0,0.288,2.4,-5.206,11659932.509112662,2021.2591447195132,11659225.06841201,7.06667,0.5583,0.2167,0.6148
g4_child_19,CGUGAGCACGGU,GCGA,UAGGGA,AUGGAGAGAGAGAGAG,CGUGAGCACGGUGCGAUAGGGAAUGGAGAGAGAGAGAG,CGUGAGCACGGUGCGAUAGGGA,(.((.(((...)))..)).)..................,-2.1,ViennaRNA; duplex=ViennaRNA cofold,12,16,22,25,0.5,0.9167,False,,-6.1,-3.9,-1.194,0.0,0.0,2.1,-5.194,11435094.882079517,51886.695400235716,11416934.538689435,7.05755,0.5083,0.325,0.6144
g7_child_52,CGUUAUCAGAGU,GCGAA,UGUUA,AUGGAGAGAGAGAGAG,CGUUAUCAGAGUGCGAAUGUUAAUGGAGAGAGAGAGAG,CGUUAUCAGAGUGCGAAUGUUA,(((((.((.........)).))))).............,-2.4,ViennaRNA; duplex=ViennaRNA cofold,12,17,22,25,1.0,0.5833,False,,-6.4,-1.9,-1.194,0.0,0.0053,2.4,-5.1887,11336693.59908102,7709.274433592132,11333995.353029264,7.054383,0.5333,0.1583,0.6143
g2_child_52,GUCAAGACUGGU,GGGA,UCAAAAA,AUGGAGAGAGAGAGAG,GUCAAGACUGGUGGGAUCAAAAAAUGGAGAGAGAGAGAG,GUCAAGACUGGUGGGAUCAAAAA,.......................................,0.0,ViennaRNA; duplex=ViennaRNA cofold,12,16,23,26,1.0,1.0,False,,-4.0,-5.4,-1.194,0.0,0.0053,0.0,-5.1887,11336693.59908102,649082.6796028931,11109514.661220009,7.045695,0.3333,0.45,0.614
g13_child_29,AACGAUCAGGUU,UGAGA,GUA,AUGGAGAGAGAGAGAG,AACGAUCAGGUUUGAGAGUAAUGGAGAGAGAGAGAG,AACGAUCAGGUUUGAGAGUA,.((..(((....)))..)).................,-2.3,ViennaRNA; duplex=ViennaRNA cofold,12,17,20,23,0.4,0.8333,False,,-8.0,-0.9,-1.194,0.0,1.728,2.3,-5.166,10927158.185068458,108.39711219316501,10927120.246079192,7.038506,0.6667,0.075,0.6138
g2_child_25,CGUGAUCACGGC,GCGA,UAGGGA,AUGGAGAGAGAGAGAG,CGUGAUCACGGCGCGAUAGGGAAUGGAGAGAGAGAGAG,CGUGAUCACGGCGCGAUAGGGA,((((.......)))).......................,-2.7,ViennaRNA; duplex=ViennaRNA cofold,12,16,22,25,0.25,1.0,False,,-6.7,-5.0,-1.194,0.0,0.0,2.7,-5.194,11435086.034182837,1842606.5981378509,10790173.72483459,7.033028,0.5583,0.4167,0.6136
g5_child_39,CGGACGGUCCUU,ACGA,ACAAA,AUGGAGAGAGAGAGAG,CGGACGGUCCUUACGAACAAAAUGGAGAGAGAGAGAG,CGGACGGUCCUUACGAACAAA,....(..(((.............)))..)........,-1.5,ViennaRNA; duplex=ViennaRNA cofold,12,16,21,24,1.0,0.6667,False,,-6.7,-5.2,-1.194,0.0,1.152,1.5,-5.242,12361349.312658964,6967408.950813768,9922756.179874144,6.996632,0.5583,0.4333,0.6123
seed_0037,UUCAGUAGCGUC,GCGA,UGUGGA,AUGGAGAGAGAGAGAG,UUCAGUAGCGUCGCGAUGUGGAAUGGAGAGAGAGAGAG,UUCAGUAGCGUCGCGAUGUGGA,((((...((((....))))....))))...........,-3.0,ViennaRNA; duplex=ViennaRNA cofold,12,16,22,25,0.75,0.6667,False,,-7.2,-1.4,-1.194,0.0,0.288,3.0,-5.106,9913443.93626317,108.92606862066695,9913405.812139153,6.996223,0.6,0.1167,0.6122
g2_child_75,CGUGAUCACGGU,GUGA,UAGGGA,AUGGAGAGAGAGAGAG,CGUGAUCACGGUGUGAUAGGGAAUGGAGAGAGAGAGAG,CGUGAUCACGGUGUGAUAGGGA,....(((((...))))).....................,-3.0,ViennaRNA; duplex=ViennaRNA cofold,12,16,22,25,0.0,1.0,False,,-6.9,-4.2,-1.194,0.0,0.0,3.0,-5.094,9722273.142162941,503105.42891090974,9546186.242044123,6.97983,0.575,0.35,0.6117
g7_child_78,CAUGAUCACGGU,GCGA,UCAGGGA,AUGGAGAGAGAGAGAG,CAUGAUCACGGUGCGAUCAGGGAAUGGAGAGAGAGAGAG,CAUGAUCACGGUGCGAUCAGGGA,..(((((.......)))))....................,-3.8,ViennaRNA; duplex=ViennaRNA cofold,12,16,23,26,0.5,1.0,False,,-8.8,-3.5,-1.194,0.0,1.152,3.8,-5.042,8935574.385741334,307702.1536978293,8827878.631947095,6.945856,0.7333,0.2917,0.6104
g5_child_30,CGGACGGUCCUU,GGGA,ACAAA,AUGGAGAGAGAGAGAG,CGGACGGUCCUUGGGAACAAAAUGGAGAGAGAGAGAG,CGGACGGUCCUUGGGAACAAA,....(..((((((....)))...)))..)........,-2.4,ViennaRNA; duplex=ViennaRNA cofold,12,16,21,24,0.75,0.5,False,,-9.4,-5.2,-1.194,0.0,3.168,2.4,-5.026,8706559.750693262,251620.11725078203,8618492.709655488,6.935431,0.7833,0.4333,0.6101
g1_child_16,CUAGUACCCACU,GCGA,GAAAC,AUGGAGAGAGAGAGAG,CUAGUACCCACUGCGAGAAACAUGGAGAGAGAGAGAG,CUAGUACCCACUGCGAGAAAC,.......(((.((.......)))))............,-1.4,ViennaRNA; duplex=ViennaRNA cofold,12,16,21,24,0.75,0.5833,False,,-5.9,-3.0,-1.194,0.0,0.672,1.4,-5.022,8650238.562751476,108216.28664900233,8612362.862424325,6.935122,0.4917,0.25,0.6101
g2_child_54,CGGACGGUCCUU,GCGA,UCCAAA,AUGGAGAGAGAGAGAG,CGGACGGUCCUUGCGAUCCAAAAUGGAGAGAGAGAGAG,CGGACGGUCCUUGCGAUCCAAA,.......(((((.(..((((...))))..).))).)).,-6.7,ViennaRNA; duplex=ViennaRNA cofold,12,16,22,25,0.75,0.5,False,,-10.8,-2.2,-1.194,0.0,0.288,6.7,-5.006,8428544.819414943,0.23813650272157114,8428544.736067168,6.925753,0.9,0.1833,0.6097
g1_child_57,AUCAAUCAUUGU,GCGA,UGCGUG,AUGGAGAGAGAGAGAG,AUCAAUCAUUGUGCGAUGCGUGAUGGAGAGAGAGAGAG,AUCAAUCAUUGUGCGAUGCGUG,.((..(((((((((...))))))))).)).........,-4.0,ViennaRNA; duplex=ViennaRNA cofold,12,16,22,25,0.5,0.25,False,,-8.1,0.0,-1.194,0.0,0.288,4.0,-5.006,8428544.819414943,26.333253147767113,8428535.602776341,6.925752,0.675,0.0,0.6097
g6_child_45,CGUGAUCAGAGU,GCCA,UAGGGA,AUGGAGAGAGAGAGAG,CGUGAUCAGAGUGCCAUAGGGAAUGGAGAGAGAGAGAG,CGUGAUCAGAGUGCCAUAGGGA,.............((((.....))))............,-2.6,ViennaRNA; duplex=ViennaRNA cofold,12,16,22,25,0.25,0.6667,False,,-6.4,-4.6,-1.194,0.0,0.0,2.6,-4.994,8266010.010298101,37507.01501480107,8252882.555042921,6.916606,0.5333,0.3833,0.6094
g4_child_31,CGUGAUCAGGGU,GCGC,GUAAA,AUGGAGAGAGAGAGAG,CGUGAUCAGGGUGCGCGUAAAAUGGAGAGAGAGAGAG,CGUGAUCAGGGUGCGCGUAAA,((((..(...)..))))....................,-2.4,ViennaRNA; duplex=ViennaRNA cofold,12,16,21,24,0.25,1.0,False,,-6.2,-1.5,-1.194,0.0,0.0053,2.4,-4.9887,8194884.489579833,243.99221616015785,8194799.092304177,6.913538,0.5167,0.125,0.6093
g4_child_33,CGUGAUCACGGU,ACGA,UGUUA,AUGGAGAGAGAGAGAG,CGUGAUCACGGUACGAUGUUAAUGGAGAGAGAGAGAG,CGUGAUCACGGUACGAUGUUA,((((.......))))......................,-1.0,ViennaRNA; duplex=ViennaRNA cofold,12,16,21,24,0.25,1.0,False,,-4.8,-2.0,-1.194,0.0,0.0053,1.0,-4.9887,8194884.489579833,55097.302129862175,8175600.433834381,6.91252,0.4,0.1667,0.6093
g1_child_77,AAGGGUCUUUAU,GCGA,AAGGA,AUGGAGAGAGAGAGAG,AAGGGUCUUUAUGCGAAAGGAAUGGAGAGAGAGAGAG,AAGGGUCUUUAUGCGAAAGGA,.....(((((((.(.....).))))))).........,-4.2,ViennaRNA; duplex=ViennaRNA cofold,12,16,21,24,0.75,0.3333,False,,-9.7,-4.2,-1.194,0.0,1.728,4.2,-4.966,7898848.489282227,353.2251415262963,7898724.860482693,6.897557,0.8083,0.35,0.6087
seed_0098,CAAUCAAUUUUA,GCGA,GCAAAG,AUGGAGAGAGAGAGAG,CAAUCAAUUUUAGCGAGCAAAGAUGGAGAGAGAGAGAG,CAAUCAAUUUUAGCGAGCAAAG,...((..((((..((........))..))))..))...,-0.8,ViennaRNA; duplex=ViennaRNA cofold,12,16,22,25,0.5,0.5,False,,-5.2,-2.7,-1.194,0.0,0.672,0.8,-4.922,7354553.459230089,58411.743019252295,7334109.34917335,6.865347,0.4333,0.225,0.6076
g3_child_42,CGUGAUCACGGU,GCCA,AGGGA,AUGGAGAGAGAGAGAG,CGUGAUCACGGUGCCAAGGGAAUGGAGAGAGAGAGAG,CGUGAUCACGGUGCCAAGGGA,(((....)))...(((......)))............,-2.2,ViennaRNA; duplex=ViennaRNA cofold,12,16,21,24,0.25,0.75,False,,-6.2,-4.5,-1.194,0.0,0.288,2.2,-4.906,7166064.787524314,39059.81444862537,7152393.852467295,6.854451,0.5167,0.375,0.6072
g6_child_21,CGGACGGUCCUU,GCUA,ACAAA,AUGGAGAGAGAGAGAG,CGGACGGUCCUUGCUAACAAAAUGGAGAGAGAGAGAG,CGGACGGUCCUUGCUAACAAA,....(..(((((.(((......))).))).))..)..,-2.8,ViennaRNA; duplex=ViennaRNA cofold,12,16,21,24,0.25,0.5,False,,-9.7,-5.2,-1.194,0.0,3.168,2.8,-4.926,7402448.363030857,852496.2003737052,7104074.692900061,6.851508,0.8083,0.4333,0.6071
g5_child_53,CGUGAUCAAGGU,ACGA,UAGGGA,AUGGAGAGAGAGAGAG,CGUGAUCAAGGUACGAUAGGGAAUGGAGAGAGAGAGAG,CGUGAUCAAGGUACGAUAGGGA,((((.......)))).......................,-1.0,ViennaRNA; duplex=ViennaRNA cofold,12,16,22,25,0.25,1.0,False,,-4.8,-5.0,-1.194,0.0,0.0,1.0,-4.994,8266008.811081582,4878238.210988904,6558625.437235465,6.816813,0.4,0.4167,0.6058
seed_0077,GAUUUGCCUUUU,GCGA,AAUU,AUGGAGAGAGAGAGAG,GAUUUGCCUUUUGCGAAAUUAUGGAGAGAGAGAGAG,GAUUUGCCUUUUGCGAAAUU,..(((((.....)))))...................,-2.4,ViennaRNA; duplex=ViennaRNA cofold,12,16,20,23,0.0,1.0,False,,-7.2,0.0,-1.194,0.0,1.152,2.4,-4.842,6459202.5266638985,221.35684715777953,6459125.051767393,6.810174,0.6,0.0,0.6056
g7_child_31,CAUGAUCACGGU,GCCA,UGUUA,AUGGAGAGAGAGAGAG,CAUGAUCACGGUGCCAUGUUAAUGGAGAGAGAGAGAG,CAUGAUCACGGUGCCAUGUUA,.............((((....))))............,-3.7,ViennaRNA; duplex=ViennaRNA cofold,12,16,21,24,0.25,0.6667,False,,-7.3,-2.1,-1.194,0.0,0.0053,3.7,-4.7887,5923792.695307063,810.711800707174,5923508.946176816,6.772579,0.6083,0.175,0.6043
g4_child_21,CGUGAUCACGGU,ACGA,UAGGGA,AUGGAGAGAGAGAGAG,CGUGAUCACGGUACGAUAGGGAAUGGAGAGAGAGAGAG,CGUGAUCACGGUACGAUAGGGA,(.(..((.(.((.(......).)).).))..).)....,-1.2,ViennaRNA; duplex=ViennaRNA cofold,12,16,22,25,0.75,0.5,False,,-4.8,-5.0,-1.194,0.0,0.0,1.2,-4.794,5975200.177295613,1331955.0030072236,5509015.9262430845,6.741074,0.4,0.4167,0.6031
g2_child_21,CGUGAUAACGGU,GCGA,GAAAAG,AUGGAGAGAGAGAGAG,CGUGAUAACGGUGCGAGAAAAGAUGGAGAGAGAGAGAG,CGUGAUAACGGUGCGAGAAAAG,(((....)))............................,-1.8,ViennaRNA; duplex=ViennaRNA cofold,12,16,22,25,1.0,1.0,False,,-6.5,-3.0,-1.194,0.0,1.152,1.8,-4.742,5491706.057746615,348087.9722041353,5369875.267475168,6.729964,0.5417,0.25,0.6027
seed_0091,UUAUAUCACUUU,GCGA,UUCCC,AUGGAGAGAGAGAGAG,UUAUAUCACUUUGCGAUUCCCAUGGAGAGAGAGAGAG,UUAUAUCACUUUGCGAUUCCC,.....((.((((.(..((((...)))).))))).)).,-4.1,ViennaRNA; duplex=ViennaRNA cofold,12,16,21,24,0.75,0.3333,False,,-9.1,0.0,-1.194,0.0,1.525,4.1,-4.669,4878239.154622699,1.3560701951558103,4878238.679998131,6.688263,0.7583,0.0,0.6012
g4_child_67,CGUGACCAGGGU,GCGA,GAAAAG,AUGGAGAGAGAGAGAG,CGUGACCAGGGUGCGAGAAAAGAUGGAGAGAGAGAGAG,CGUGACCAGGGUGCGAGAAAAG,(((.((....))))).......................,-0.8,ViennaRNA; duplex=ViennaRNA cofold,12,16,22,25,0.25,1.0,False,,-5.4,-3.1,-1.194,0.0,1.152,0.8,-4.642,4669125.865979211,111785.87561916237,4630000.809512504,6.665581,0.45,0.2583,0.6004
g8_child_35,CGUGAUCAGUGU,GCGAU,UAGGGA,AUGGAGAGAGAGAGAG,CGUGAUCAGUGUGCGAUUAGGGAAUGGAGAGAGAGAGAG,CGUGAUCAGUGUGCGAUUAGGGA,(.(((((.......))))).)..................,-4.0,ViennaRNA; duplex=ViennaRNA cofold,12,17,23,26,0.4,0.9167,False,,-7.6,-1.1,-1.194,0.0,0.288,4.0,-4.506,3744502.9162537106,177.23385508407415,3744440.884404431,6.573387,0.6333,0.0917,0.5971
g1_child_48,UUAUAUCACUUU,GCGA,GCAAGG,AUGGAGAGAGAGAGAG,UUAUAUCACUUUGCGAGCAAGGAUGGAGAGAGAGAGAG,UUAUAUCACUUUGCGAGCAAGG,......(((((((....))))).)).............,-3.2,ViennaRNA; duplex=ViennaRNA cofold,12,16,22,25,0.75,0.5833,False,,-7.0,-0.9,-1.194,0.0,0.672,3.2,-4.322,2777963.1053615212,260.3541943835507,2777871.981393487,6.443712,0.5833,0.075,0.5925
g1_child_73,CUAUCAUGAUCG,GCGA,CAGCU,AUGGAGAGAGAGAGAG,CUAUCAUGAUCGGCGACAGCUAUGGAGAGAGAGAGAG,CUAUCAUGAUCGGCGACAGCU,((.((.(.((.(((....))))).).)).))......,-4.3,ViennaRNA; duplex=ViennaRNA cofold,12,16,21,24,0.5,0.25,False,,-8.9,-0.1,-1.194,0.0,1.525,4.3,-4.269,2549037.816704109,18.871564860616918,2549031.2116564075,6.406375,0.7417,0.0083,0.5912
g3_child_47,CGUGAUCACGGU,GCCA,GAAAAG,AUGGAGAGAGAGAGAG,CGUGAUCACGGUGCCAGAAAAGAUGGAGAGAGAGAGAG,CGUGAUCACGGUGCCAGAAAAG,(((....)))...(((.......)))............,-2.5,ViennaRNA; duplex=ViennaRNA cofold,12,16,22,25,0.25,0.75,False,,-6.2,-2.4,-1.194,0.0,0.672,2.5,-4.222,2361861.5449463725,14753.675631841115,2356697.758475228,6.372304,0.5167,0.2,0.5899
g2_child_19,GUAGUGGUAUUU,GCAA,UGUGGA,AUGGAGAGAGAGAGAG,GUAGUGGUAUUUGCAAUGUGGAAUGGAGAGAGAGAGAG,GUAGUGGUAUUUGCAAUGUGGA,((((......))))........................,-1.4,ViennaRNA; duplex=ViennaRNA cofold,12,16,22,25,0.5,1.0,False,,-4.7,-2.4,-1.194,0.0,0.288,1.4,-4.206,2301331.3320783004,71779.27714088475,2276208.5850789906,6.357212,0.3917,0.2,0.5894
g8_child_65,CAUGAUCACGGU,GCGA,UAGAGCA,AUGGAGAGAGAGAGAG,CAUGAUCACGGUGCGAUAGAGCAAUGGAGAGAGAGAGAG,CAUGAUCACGGUGCGAUAGAGCA,.....((.((.(((......))).))))...........,-4.1,ViennaRNA; duplex=ViennaRNA cofold,12,16,23,26,0.5,0.4167,False,,-11.1,-2.7,-1.194,0.0,4.032,4.1,-4.162,2142752.341491994,276.0163373940835,2142655.735773906,6.330953,0.925,0.225,0.5885
g1_child_55,UGCCCUGGGCAA,ACGA,UUUCAUA,AUGGAGAGAGAGAGAG,UGCCCUGGGCAAACGAUUUCAUAAUGGAGAGAGAGAGAG,UGCCCUGGGCAAACGAUUUCAUA,((((...))))..(..((((......))))..)......,-5.3,ViennaRNA; duplex=ViennaRNA cofold,12,16,23,26,0.75,0.6667,False,,-5.2,0.0,-1.194,-3.7,0.672,5.3,-4.122,2008089.516844456,78.35634716408158,2008062.0921229487,6.302777,0.4333,0.0,0.5875
g6_child_51,CGUGAUCAGGGU,ACGA,GUAAA,AUGGAGAGAGAGAGAG,CGUGAUCAGGGUACGAGUAAAAUGGAGAGAGAGAGAG,CGUGAUCAGGGUACGAGUAAA,((((.......))))......................,-1.0,ViennaRNA; duplex=ViennaRNA cofold,12,16,21,24,0.25,1.0,False,,-3.8,-2.9,-1.194,0.0,0.0,1.0,-3.994,1631469.68759961,22939.465769261984,1623440.8745803684,6.210437,0.3167,0.2417,0.5841
g1_child_34,UUCAGUAGCGUC,GCGA,UGUGGG,AUGGAGAGAGAGAGAG,UUCAGUAGCGUCGCGAUGUGGGAUGGAGAGAGAGAGAG,UUCAGUAGCGUCGCGAUGUGGG,........((((.(.....).)))).............,-4.6,ViennaRNA; duplex=ViennaRNA cofold,12,16,22,25,0.75,0.5833,False,,-7.6,-1.3,-1.194,0.0,0.288,4.6,-3.906,1414373.1442465822,51.38636932227208,1414355.1590173193,6.150559,0.6333,0.1083,0.582
g1_child_37,CGUGCAUUGACA,GCGA,AUUAU,AUGGAGAGAGAGAGAG,CGUGCAUUGACAGCGAAUUAUAUGGAGAGAGAGAGAG,CGUGCAUUGACAGCGAAUUAU,..(((.......)))......................,-0.6,ViennaRNA; duplex=ViennaRNA cofold,12,16,21,24,0.25,1.0,False,,-4.8,0.0,-1.194,0.0,1.525,0.6,-3.869,1331955.2606571629,2202.784831263324,1331184.2859662208,6.124239,0.4,0.0,0.5811
g1_child_70,GUCAAGACUGGU,GCGA,AUCUU,AUGGAGAGAGAGAGAG,GUCAAGACUGGUGCGAAUCUUAUGGAGAGAGAGAGAG,GUCAAGACUGGUGCGAAUCUU,.................((((.....)))).......,-0.9,ViennaRNA; duplex=ViennaRNA cofold,12,16,21,24,1.0,0.4167,False,,-5.9,-2.8,-1.194,0.0,2.4,0.9,-3.794,1179331.5679968894,127281.18622796737,1134783.1528171008,6.054913,0.4917,0.2333,0.5786
g1_child_20,UUAUAUCACUUU,GCGA,GCAAAG,AUGGAGAGAGAGAGAG,UUAUAUCACUUUGCGAGCAAAGAUGGAGAGAGAGAGAG,UUAUAUCACUUUGCGAGCAAAG,......(((((((....))))).)).............,-3.5,ViennaRNA; duplex=ViennaRNA cofold,12,16,22,25,0.75,0.5833,False,,-6.7,-0.2,-1.194,0.0,0.672,3.5,-3.722,1049292.1596941338,12.646563510513495,1049287.733396905,6.020895,0.5583,0.0167,0.5774
seed_0025,UGCCCUGGGCAA,GCGA,UUUCAUA,AUGGAGAGAGAGAGAG,UGCCCUGGGCAAGCGAUUUCAUAAUGGAGAGAGAGAGAG,UGCCCUGGGCAAGCGAUUUCAUA,((((...))))..(..((((......))))..)......,-5.5,ViennaRNA; duplex=ViennaRNA cofold,12,16,23,26,0.75,0.6667,False,,-5.4,-0.5,-1.194,-3.7,1.152,5.5,-3.642,921549.4464757458,29.596737594634195,921539.0876175876,5.964514,0.45,0.0417,0.5754
g2_child_36,CAUCAUACAUUU,GCUA,AAAU,AUGGAGAGAGAGAGAG,CAUCAUACAUUUGCUAAAAUAUGGAGAGAGAGAGAG,CAUCAUACAUUUGCUAAAAU,(.(((((..(((....)))))))).)..........,-0.4,ViennaRNA; duplex=ViennaRNA cofold,12,16,20,23,1.0,0.3333,False,,-4.0,0.0,-1.194,0.0,1.152,0.4,-3.642,921549.9366967346,763.4700126212219,921282.7221923172,5.964393,0.3333,0.0,0.5754
g2_child_45,CUAGUACCCACU,GCGA,AUCAAU,AUGGAGAGAGAGAGAG,CUAGUACCCACUGCGAAUCAAUAUGGAGAGAGAGAGAG,CUAGUACCCACUGCGAAUCAAU,..........((.((........)).))..........,-0.3,ViennaRNA; duplex=ViennaRNA cofold,12,16,22,25,0.5,0.6667,False,,-5.9,0.0,-1.194,0.0,3.168,0.3,-3.626,897931.7549090886,9245.742360507847,894695.7450829109,5.951676,0.4917,0.0,0.5749
seed_0087,UUGAUCUUAUCG,GCGA,CAGGG,AUGGAGAGAGAGAGAG,UUGAUCUUAUCGGCGACAGGGAUGGAGAGAGAGAGAG,UUGAUCUUAUCGGCGACAGGG,....((((.((..(..((....))..).))..)))).,-4.2,ViennaRNA; duplex=ViennaRNA cofold,12,16,21,24,0.75,0.5833,False,,-8.3,-3.5,-1.194,0.0,1.728,4.2,-3.566,814629.8687868447,3492.302180961352,813407.5630235082,5.910309,0.6917,0.2917,0.5734
g2_child_31,GAUCCCAAGUUU,GAGA,GAAA,AUGGAGAGAGAGAGAG,GAUCCCAAGUUUGAGAGAAAAUGGAGAGAGAGAGAG,GAUCCCAAGUUUGAGAGAAA,..(((((..(((....)))..))).)).........,-2.9,ViennaRNA; duplex=ViennaRNA cofold,12,16,20,23,1.0,0.4167,False,,-5.5,-2.9,-1.194,0.0,0.288,2.9,-3.506,739055.9510179049,10874.604703164576,735249.8393717973,5.866436,0.4583,0.2417,0.5718
g2_child_26,CAUCAUACAUUU,ACGA,AAU,AUGGAGAGAGAGAGAG,CAUCAUACAUUUACGAAAUAUGGAGAGAGAGAGAG,CAUCAUACAUUUACGAAAU,...................................,0.0,ViennaRNA; duplex=ViennaRNA cofold,12,16,19,22,1.0,1.0,False,,-2.6,0.0,-1.194,0.0,0.288,0.0,-3.506,739055.9510179057,17352.894774537916,732982.4378468174,5.865094,0.2167,0.0,0.5718
g7_child_20,CAUGAUCACGGU,UCGA,UAGGGA,AUGGAGAGAGAGAGAG,CAUGAUCACGGUUCGAUAGGGAAUGGAGAGAGAGAGAG,CAUGAUCACGGUUCGAUAGGGA,.....((.(.((((......)))).).)).........,-4.9,ViennaRNA; duplex=ViennaRNA cofold,12,16,22,25,0.5,0.4167,False,,-7.2,-5.0,-1.194,0.0,0.0,4.9,-3.494,724804.5612566052,1718.503211242419,724203.0851326704,5.859861,0.6,0.4167,0.5716
g4_child_34,CGGACUGUCCUU,GCGA,ACAAA,AUGGAGAGAGAGAGAG,CGGACUGUCCUUGCGAACAAAAUGGAGAGAGAGAGAG,CGGACUGUCCUUGCGAACAAA,....((.(((.............))).))........,-4.9,ViennaRNA; duplex=ViennaRNA cofold,12,16,21,24,1.0,0.5833,False,,-8.3,-2.0,-1.194,0.0,1.152,4.9,-3.442,666154.6595840913,155.575053748544,666100.2083152793,5.82354,0.6917,0.1667,0.5703
g2_child_58,CUAUCAUGAUCG,GACGA,ACAGCG,AUGGAGAGAGAGAGAG,CUAUCAUGAUCGGACGAACAGCGAUGGAGAGAGAGAGAG,CUAUCAUGAUCGGACGAACAGCG,((.((.(.((((.........)))).).)).))......,-5.5,ViennaRNA; duplex=ViennaRNA cofold,12,17,23,26,1.0,0.3333,False,,-8.4,-3.2,-1.194,0.0,0.672,5.5,-3.422,644883.458072203,260.3542951080471,644792.3340689151,5.809421,0.7,0.2667,0.5698
g5_child_36,CGUGAUCACGGU,GCGA,UAGGGU,AUGGAGAGAGAGAGAG,CGUGAUCACGGUGCGAUAGGGUAUGGAGAGAGAGAGAG,CGUGAUCACGGUGCGAUAGGGU,(.(..((.(.((((......)))).).))..).)....,-5.9,ViennaRNA; duplex=ViennaRNA cofold,12,16,22,25,0.5,0.4167,False,,-11.2,-3.7,-1.194,0.0,3.168,5.9,-3.326,551858.9192325763,41.14354415305266,551844.5189921227,5.741818,0.9333,0.3083,0.5674
g1_child_24,UUCAGUAGCAUC,GCGA,UGUGGA,AUGGAGAGAGAGAGAG,UUCAGUAGCAUCGCGAUGUGGAAUGGAGAGAGAGAGAG,UUCAGUAGCAUCGCGAUGUGGA,((((...((((....))))....))))...........,-3.4,ViennaRNA; duplex=ViennaRNA cofold,12,16,22,25,0.75,0.6667,False,,-5.8,-1.7,-1.194,0.0,0.288,3.4,-3.306,534236.7328706185,150.68674988670793,534183.9925081581,5.727692,0.4833,0.1417,0.5669
g1_child_75,AUCAAUCUUUGU,GCGA,UGCUG,AUGGAGAGAGAGAGAG,AUCAAUCUUUGUGCGAUGCUGAUGGAGAGAGAGAGAG,AUCAAUCUUUGUGCGAUGCUG,.((..(((((.(.(.((....)).)).)))))..)).,-6.1,ViennaRNA; duplex=ViennaRNA cofold,12,16,21,24,0.5,0.4167,False,,-8.1,0.0,-1.194,0.0,0.0053,6.1,-3.1887,441624.0328873159,0.2931092065743175,441623.9302990936,5.645054,0.675,0.0,0.5639
seed_0071,UGUAGUCUUUAU,GCGA,GCGUAU,AUGGAGAGAGAGAGAG,UGUAGUCUUUAUGCGAGCGUAUAUGGAGAGAGAGAGAG,UGUAGUCUUUAUGCGAGCGUAU,.....(((.(((((....))))).)))...........,-5.0,ViennaRNA; duplex=ViennaRNA cofold,12,16,22,25,0.5,0.4167,False,,-7.0,-3.2,-1.194,0.0,0.0053,5.0,-3.1887,441624.0969572745,199.5220705584914,441554.26423257904,5.644985,0.5833,0.2667,0.5639
g6_child_46,CGGACGGUCCUU,GCGG,ACAAA,AUGGAGAGAGAGAGAG,CGGACGGUCCUUGCGGACAAAAUGGAGAGAGAGAGAG,CGGACGGUCCUUGCGGACAAA,((....((((....))))....)).............,-5.2,ViennaRNA; duplex=ViennaRNA cofold,12,16,21,24,0.5,0.8333,False,,-8.3,-3.4,-1.194,0.0,1.152,5.2,-3.142,409412.14275475073,56.64102073323225,409392.3183974941,5.612141,0.6917,0.2833,0.5628
g6_child_36,CGUGAUCAGAGU,GGCGA,ACAAA,AUGGAGAGAGAGAGAG,CGUGAUCAGAGUGGCGAACAAAAUGGAGAGAGAGAGAG,CGUGAUCAGAGUGGCGAACAAA,(((.((....)).)))......................,-2.7,ViennaRNA; duplex=ViennaRNA cofold,12,17,22,25,0.4,1.0,False,,-5.8,0.0,-1.194,0.0,1.152,2.7,-3.142,409411.5091902777,215.22036532874696,409336.18206241267,5.612081,0.4833,0.0,0.5628
g2_child_68,GAUCCCAAGUUU,ACGA,GAAA,AUGGAGAGAGAGAGAG,GAUCCCAAGUUUACGAGAAAAUGGAGAGAGAGAGAG,GAUCCCAAGUUUACGAGAAA,..(((((..(((....)))..))).)).........,-2.5,ViennaRNA; duplex=ViennaRNA cofold,12,16,20,23,1.0,0.4167,False,,-5.1,-3.0,-1.194,0.0,0.672,2.5,-3.122,396338.3035439738,24477.773200866915,387771.08292367036,5.588577,0.425,0.25,0.5619
g3_child_71,GAUCCCAAGUUU,GCGA,UAGGCGA,AUGGAGAGAGAGAGAG,GAUCCCAAGUUUGCGAUAGGCGAAUGGAGAGAGAGAGAG,GAUCCCAAGUUUGCGAUAGGCGA,..(((((..(((((.....)))))))).)).........,-7.5,ViennaRNA; duplex=ViennaRNA cofold,12,16,23,26,0.5,0.25,False,,-9.7,-0.9,-1.194,0.0,0.288,7.5,-3.106,386180.9488517662,1.0258195523802407,386180.58981492283,5.586792,0.8083,0.075,0.5619
g5_child_60,GAUCGCAAGUUU,GCGA,GAA,AUGGAGAGAGAGAGAG,GAUCGCAAGUUUGCGAGAAAUGGAGAGAGAGAGAG,GAUCGCAAGUUUGCGAGAA,..(((((....)))))...................,-5.5,ViennaRNA; duplex=ViennaRNA cofold,12,16,19,22,0.0,1.0,False,,-7.4,0.0,-1.194,0.0,0.0053,5.5,-3.0887,375475.04767688154,1051.0450827375334,375107.1818979234,5.574157,0.6167,0.0,0.5614
g4_child_53,CGUGAUCACGGU,GUGA,UAA,AUGGAGAGAGAGAGAG,CGUGAUCACGGUGUGAUAAAUGGAGAGAGAGAGAG,CGUGAUCACGGUGUGAUAA,(((.(((((...)))))..))).............,-3.9,ViennaRNA; duplex=ViennaRNA cofold,12,16,19,22,0.0,0.6667,False,,-6.9,0.0,-1.194,0.0,1.152,3.9,-3.042,348087.77020449605,10.408937623285569,348084.1270763279,5.541685,0.575,0.0,0.5602
g3_child_45,CGUGAUCACGGU,GCCGA,UAGGGA,AUGGAGAGAGAGAGAG,CGUGAUCACGGUGCCGAUAGGGAAUGGAGAGAGAGAGAG,CGUGAUCACGGUGCCGAUAGGGA,(.(..((.(.((.((.....)).)).).))..).)....,-4.2,ViennaRNA; duplex=ViennaRNA cofold,12,17,23,26,0.6,0.4167,False,,-6.0,-3.6,-1.194,0.0,0.0,4.2,-2.994,322004.6581595761,551.885119177206,321811.4983678641,5.507603,0.5,0.3,0.559
g2_child_23,CGUGAUCACGGU,GCGC,GAAAAG,AUGGAGAGAGAGAGAG,CGUGAUCACGGUGCGCGAAAAGAUGGAGAGAGAGAGAG,CGUGAUCACGGUGCGCGAAAAG,((((..(...)..)))).....................,-2.9,ViennaRNA; duplex=ViennaRNA cofold,12,16,22,25,0.25,1.0,False,,-5.7,-0.1,-1.194,0.0,1.152,2.9,-2.842,251620.01990531813,184.57148459433137,251555.41988571011,5.400635,0.475,0.0083,0.5552
g2_child_61,CUAUCAUGAUCG,GACCA,UCAAU,AUGGAGAGAGAGAGAG,CUAUCAUGAUCGGACCAUCAAUAUGGAGAGAGAGAGAG,CUAUCAUGAUCGGACCAUCAAU,...((.(..((...((((....))))...))..).)).,-4.2,ViennaRNA; duplex=ViennaRNA cofold,12,17,22,25,0.4,0.5,False,,-7.2,-2.6,-1.194,0.0,1.525,4.2,-2.669,190033.11797158894,7.573246989246085,190030.46733514272,5.278826,0.6,0.2167,0.5508
g2_child_60,UAUCAUACAUUU,GCAGA,AAAU,AUGGAGAGAGAGAGAG,UAUCAUACAUUUGCAGAAAAUAUGGAGAGAGAGAGAG,UAUCAUACAUUUGCAGAAAAU,.........(((.((.......)).))).........,-0.9,ViennaRNA; duplex=ViennaRNA cofold,12,17,21,24,0.6,0.5833,False,,-4.1,0.0,-1.194,0.0,1.728,0.9,-2.666,189110.29719542284,3993.6845049931953,187712.5076186752,5.273496,0.3417,0.0,0.5506
g5_child_28,GAUCACAAGUUU,CCGA,GAA,AUGGAGAGAGAGAGAG,GAUCACAAGUUUCCGAGAAAUGGAGAGAGAGAGAG,GAUCACAAGUUUCCGAGAA,.........(((((.......))))).........,-3.4,ViennaRNA; duplex=ViennaRNA cofold,12,16,19,22,0.5,0.5833,False,,-5.1,-3.0,-1.194,0.0,0.288,3.4,-2.606,171566.3381134944,549.2048946116857,171374.1164003803,5.233948,0.425,0.25,0.5492
seed_0072,CCCGGUCUCAGC,GCGA,GCAG,AUGGAGAGAGAGAGAG,CCCGGUCUCAGCGCGAGCAGAUGGAGAGAGAGAGAG,CCCGGUCUCAGCGCGAGCAG,..(.((((..((....)))))).)............,-5.6,ViennaRNA; duplex=ViennaRNA cofold,12,16,20,23,1.0,0.5,False,,-8.1,-2.4,-1.194,0.0,1.152,5.6,-2.542,154643.11514709343,95.61477796786983,154609.64997480466,5.189239,0.675,0.2,0.5476
g2_child_55,CGUAAUCACGGU,GCGA,ACCAAA,AUGGAGAGAGAGAGAG,CGUAAUCACGGUGCGAACCAAAAUGGAGAGAGAGAGAG,CGUAAUCACGGUGCGAACCAAA,.........(((....)))...................,-2.9,ViennaRNA; duplex=ViennaRNA cofold,12,16,22,25,1.0,1.0,False,,-4.2,-0.1,-1.194,0.0,0.0053,2.9,-2.4887,141824.31655901004,115.66611568374654,141783.83341852072,5.15163,0.35,0.0083,0.5463
seed_0022,CGCCCUUCGCUU,GCGA,GCUACGU,AUGGAGAGAGAGAGAG,CGCCCUUCGCUUGCGAGCUACGUAUGGAGAGAGAGAGAG,CGCCCUUCGCUUGCGAGCUACGU,....(((((..((((.....)))))))))..........,-5.3,ViennaRNA; duplex=ViennaRNA cofold,12,16,23,26,0.25,0.25,False,,-7.1,-0.9,-1.194,0.0,0.672,5.3,-2.322,108216.2369329553,18.871572161551224,108209.63188269876,5.03427,0.5917,0.075,0.5421
g7_child_30,CGUUAUCAAGGU,GCGA,UAGGGA,AUGGAGAGAGAGAGAG,CGUUAUCAAGGUGCGAUAGGGAAUGGAGAGAGAGAGAG,CGUUAUCAAGGUGCGAUAGGGA,(.(((((.......))))).).................,-3.4,ViennaRNA; duplex=ViennaRNA cofold,12,16,22,25,0.5,0.9167,False,,-4.5,-2.1,-1.194,0.0,0.0,3.4,-2.294,103409.51240675036,398.9377293871484,103269.88420146487,5.013978,0.375,0.175,0.5414
g2_child_16,CUAGUACCCACU,GCGU,UCAAU,AUGGAGAGAGAGAGAG,CUAGUACCCACUGCGUUCAAUAUGGAGAGAGAGAGAG,CUAGUACCCACUGCGUUCAAU,..........((.(((.....))).))..........,-2.6,ViennaRNA; duplex=ViennaRNA cofold,12,16,21,24,0.25,0.5833,False,,-3.9,0.0,-1.194,0.0,0.288,2.6,-2.206,89649.00468756107,15.465268092897908,89643.59184372856,4.952524,0.325,0.0,0.5392
g1_child_76,GUCAAGACUGGU,GCGCA,UCAAAAA,AUGGAGAGAGAGAGAG,GUCAAGACUGGUGCGCAUCAAAAAAUGGAGAGAGAGAGAG,GUCAAGACUGGUGCGCAUCAAAAA,........((((....))))....................,-0.2,ViennaRNA; duplex=ViennaRNA cofold,12,17,24,27,0.8,1.0,False,,-3.5,-2.6,-1.194,0.0,2.4,0.2,-2.094,74751.00707041642,1228.2138445088738,74321.13222483832,4.871118,0.2917,0.2167,0.5363
g3_child_41,GCUCCCAAGUUU,GCGA,GAA,AUGGAGAGAGAGAGAG,GCUCCCAAGUUUGCGAGAAAUGGAGAGAGAGAGAG,GCUCCCAAGUUUGCGAGAA,.((((((..(((.....)))))).)))........,-4.5,ViennaRNA; duplex=ViennaRNA cofold,12,16,19,22,1.0,0.25,False,,-5.4,-1.4,-1.194,0.0,0.0053,4.5,-2.0887,74107.88080747557,21.394436760023613,74100.39275460955,4.869826,0.45,0.1167,0.5362
g3_child_25,CGUGAUCACGGU,UCGA,UGUGA,AUGGAGAGAGAGAGAG,CGUGAUCACGGUUCGAUGUGAAUGGAGAGAGAGAGAG,CGUGAUCACGGUUCGAUGUGA,(.(..((.(.((((.....)))).).))..).)....,-4.5,ViennaRNA; duplex=ViennaRNA cofold,12,16,21,24,0.5,0.4167,False,,-5.3,0.0,-1.194,0.0,0.0053,4.5,-1.9887,63007.50346935519,3.931663677526573,63006.12738706806,4.79939,0.4417,0.0,0.5337
seed_0016,CACAUCCUAGCC,GCGA,CUCGU,AUGGAGAGAGAGAGAG,CACAUCCUAGCCGCGACUCGUAUGGAGAGAGAGAGAG,CACAUCCUAGCCGCGACUCGU,....((((..(((((...)))..))..)).)).....,-4.0,ViennaRNA; duplex=ViennaRNA cofold,12,16,21,24,0.25,0.4167,False,,-6.5,0.0,-1.194,0.0,1.728,4.0,-1.966,60731.41908263823,26.10667042739091,60722.28174798864,4.783355,0.5417,0.0,0.5331
seed_0026,GGCUAUCACGGA,GCGA,CGUCGU,AUGGAGAGAGAGAGAG,GGCUAUCACGGAGCGACGUCGUAUGGAGAGAGAGAGAG,GGCUAUCACGGAGCGACGUCGU,..((((((((......))).).))))............,-4.1,ViennaRNA; duplex=ViennaRNA cofold,12,16,22,25,1.0,0.5833,False,,-5.7,-4.0,-1.194,-1.6,2.4,4.1,-1.994,63554.288730283115,14753.684193581583,58390.49926252956,4.76635,0.475,0.3333,0.5325
g2_child_27,CGUGAUCACGGU,GUGA,ACAGCU,AUGGAGAGAGAGAGAG,CGUGAUCACGGUGUGAACAGCUAUGGAGAGAGAGAGAG,CGUGAUCACGGUGUGAACAGCU,..((.((((...)))).))...................,-2.5,ViennaRNA; duplex=ViennaRNA cofold,12,16,22,25,0.0,1.0,False,,-6.4,-0.5,-1.194,0.0,3.168,2.5,-1.926,56914.74864697012,670.1703292561466,56680.189031730464,4.753439,0.5333,0.0417,0.5321
g2_child_44,GUCAAGACUGGU,GCGAA,UCAAAAA,AUGGAGAGAGAGAGAG,GUCAAGACUGGUGCGAAUCAAAAAAUGGAGAGAGAGAGAG,GUCAAGACUGGUGCGAAUCAAAAA,........((((....))))....................,-1.4,ViennaRNA; duplex=ViennaRNA cofold,12,17,24,27,0.8,1.0,False,,-4.5,-1.4,-1.194,0.0,2.4,1.4,-1.894,54034.84580115926,25.000780940115483,54026.09552783022,4.732612,0.375,0.1167,0.5313
seed_0027,UAACCCAUCUAC,GCGA,CCGCUU,AUGGAGAGAGAGAGAG,UAACCCAUCUACGCGACCGCUUAUGGAGAGAGAGAGAG,UAACCCAUCUACGCGACCGCUU,....((((....((....))..))))............,-3.4,ViennaRNA; duplex=ViennaRNA cofold,12,16,22,25,0.5,0.5833,False,,-4.1,0.0,-1.194,0.0,0.0053,3.4,-1.8887,53569.862015991646,69.71633687796373,53545.46129808436,4.728731,0.3417,0.0,0.5312
g1_child_43,UUCAGUAGCGUC,UCGA,UGUGGA,AUGGAGAGAGAGAGAG,UUCAGUAGCGUCUCGAUGUGGAAUGGAGAGAGAGAGAG,UUCAGUAGCGUCUCGAUGUGGA,.((..(..(.((((.((.....)).)))))..)..)).,-6.4,ViennaRNA; duplex=ViennaRNA cofold,12,16,22,25,0.25,0.4167,False,,-7.3,-2.4,-1.194,0.0,0.288,6.4,-1.806,46844.48444420791,2.2172328816831572,46843.70841269932,4.670661,0.6083,0.2,0.5291
seed_0083,UACUCGAGCUAU,GCGA,UACAU,AUGGAGAGAGAGAGAG,UACUCGAGCUAUGCGAUACAUAUGGAGAGAGAGAGAG,UACUCGAGCUAUGCGAUACAU,..(((...(((((.......)))))...)))......,-4.7,ViennaRNA; duplex=ViennaRNA cofold,12,16,21,24,0.75,0.4167,False,,-7.6,-1.8,-1.194,0.0,2.4,4.7,-1.694,39059.82011534743,155.57513650715947,39005.36881756992,4.591136,0.6333,0.15,0.5262
g1_child_17,AAGGGUCUUUAU,GCAGA,AUGGA,AUGGAGAGAGAGAGAG,AAGGGUCUUUAUGCAGAAUGGAAUGGAGAGAGAGAGAG,AAGGGUCUUUAUGCAGAAUGGA,.....(((((.(.((........)).).))))).....,-4.0,ViennaRNA; duplex=ViennaRNA cofold,12,17,22,25,0.6,0.5,False,,-6.9,-4.2,-1.194,0.0,2.4,4.0,-1.694,39059.84467115285,3702.3830849397264,37764.01059142395,4.57709,0.575,0.35,0.5257
g4_child_40,CGUGAUCACGGU,GCGA,AGGGCA,AUGGAGAGAGAGAGAG,CGUGAUCACGGUGCGAAGGGCAAUGGAGAGAGAGAGAG,CGUGAUCACGGUGCGAAGGGCA,(.(..((.((.(((.....))).))))..).)......,-4.7,ViennaRNA; duplex=ViennaRNA cofold,12,16,22,25,0.5,0.3333,False,,-8.3,-2.6,-1.194,0.0,3.168,4.7,-1.626,34979.18056822929,1521.5865164492243,34446.62528747206,4.537159,0.6917,0.2167,0.5243
g3_child_70,CGUGAUCAGGGU,GGCGA,AGGGA,AUGGAGAGAGAGAGAG,CGUGAUCAGGGUGGCGAAGGGAAUGGAGAGAGAGAGAG,CGUGAUCAGGGUGGCGAAGGGA,(((.((....)).)))......................,-2.7,ViennaRNA; duplex=ViennaRNA cofold,12,17,22,25,0.4,1.0,False,,-6.3,-4.8,-1.194,0.0,1.152,2.7,-3.642,921549.089951559,2536657.949338836,33718.80768296635,4.527885,0.525,0.4,0.524
g3_child_34,GUAGUGGUAUUU,GCAA,ACCAAA,AUGGAGAGAGAGAGAG,GUAGUGGUAUUUGCAAACCAAAAUGGAGAGAGAGAGAG,GUAGUGGUAUUUGCAAACCAAA,....((((........))))..................,-2.9,ViennaRNA; duplex=ViennaRNA cofold,12,16,22,25,1.0,0.9167,False,,-3.2,0.0,-1.194,0.0,0.0053,2.9,-1.4887,27991.99453070516,98.34098026099927,27957.57518761381,4.446515,0.2667,0.0,0.5211
g1_child_45,GAUUUGCCUUUU,GCGA,AUU,AUGGAGAGAGAGAGAG,GAUUUGCCUUUUGCGAAUUAUGGAGAGAGAGAGAG,GAUUUGCCUUUUGCGAAUU,(((((((.....)))))))................,-4.7,ViennaRNA; duplex=ViennaRNA cofold,12,16,19,22,0.0,0.75,False,,-5.6,0.0,-1.194,0.0,0.672,4.7,-1.422,25121.613370520303,8.456737500811649,25118.65351239502,4.400014,0.4667,0.0,0.5194
seed_0030,CUAGUUAUAUGC,GCGA,UGCAUCC,AUGGAGAGAGAGAGAG,CUAGUUAUAUGCGCGAUGCAUCCAUGGAGAGAGAGAGAG,CUAGUUAUAUGCGCGAUGCAUCC,(((.....((((.....))))...)))............,-2.7,ViennaRNA; duplex=ViennaRNA cofold,12,16,23,26,1.0,0.6667,False,,-3.6,0.0,-1.194,0.0,0.672,2.7,-1.422,25121.603651603018,136.0435441839429,25073.98841113864,4.399241,0.3,0.0,0.5194
g1_child_29,UUCAGUUGCGUC,GCGA,UGUGGA,AUGGAGAGAGAGAGAG,UUCAGUUGCGUCGCGAUGUGGAAUGGAGAGAGAGAGAG,UUCAGUUGCGUCGCGAUGUGGA,(((((((((...))))).))))................,-4.1,ViennaRNA; duplex=ViennaRNA cofold,12,16,22,25,0.0,0.75,False,,-4.6,-1.2,-1.194,0.0,0.288,4.1,-1.406,24477.787405621468,398.9378837261329,24338.15914631732,4.386306,0.3833,0.1,0.5189
g2_child_47,GUCAAGACUGGU,GACGA,UCAAAAA,AUGGAGAGAGAGAGAG,GUCAAGACUGGUGACGAUCAAAAAAUGGAGAGAGAGAGAG,GUCAAGACUGGUGACGAUCAAAAA,((((.......)))).........................,-2.7,ViennaRNA; duplex=ViennaRNA cofold,12,17,24,27,0.4,1.0,False,,-5.3,-0.1,-1.194,0.0,2.4,2.7,-1.394,24005.73375162812,15.465262109776559,24000.320909889695,4.380235,0.4417,0.0083,0.5187
seed_0052,CUCAUACUUGCA,GCGA,CGGUU,AUGGAGAGAGAGAGAG,CUCAUACUUGCAGCGACGGUUAUGGAGAGAGAGAGAG,CUCAUACUUGCAGCGACGGUU,(((...(((..(((....)))...)))...)))....,-3.6,ViennaRNA; duplex=ViennaRNA cofold,12,16,21,24,0.5,0.5,False,,-5.4,-3.4,-1.194,0.0,1.525,3.6,-1.469,27112.48262970675,12435.85556270928,22759.9331827585,4.35719,0.45,0.2833,0.5179
g3_child_59,CGUGAUCAGGGU,CCGA,GAAAAG,AUGGAGAGAGAGAGAG,CGUGAUCAGGGUCCGAGAAAAGAUGGAGAGAGAGAGAG,CGUGAUCAGGGUCCGAGAAAAG,.....((....((((........))))....)).....,-2.1,ViennaRNA; duplex=ViennaRNA cofold,12,16,22,25,0.25,0.6667,False,,-3.4,-1.9,-1.194,0.0,1.152,2.1,-1.342,22063.275815984307,1934.6160926120708,21386.160183570082,4.330153,0.2833,0.1583,0.5169
seed_0090,CCUCAGCGUACU,GCGA,CGUCA,AUGGAGAGAGAGAGAG,CCUCAGCGUACUGCGACGUCAAUGGAGAGAGAGAGAG,CCUCAGCGUACUGCGACGUCA,((...((((......))))....))............,-3.8,ViennaRNA; duplex=ViennaRNA cofold,12,16,21,24,0.75,0.75,False,,-6.3,0.0,-1.194,0.0,2.4,3.8,-1.294,20410.04070212774,32.412185960756126,20398.696437041475,4.309624,0.525,0.0,0.5162
g1_child_26,CAAUCAAUUUUA,GCGCA,GCAAAG,AUGGAGAGAGAGAGAG,CAAUCAAUUUUAGCGCAGCAAAGAUGGAGAGAGAGAGAG,CAAUCAAUUUUAGCGCAGCAAAG,(..((.(((((.((...)).))))).))..)........,-2.3,ViennaRNA; duplex=ViennaRNA cofold,12,17,23,26,0.6,0.3333,False,,-3.0,0.0,-1.194,0.0,0.672,2.3,-1.222,18159.509879090467,25.163582778062757,18150.702625118145,4.258917,0.25,0.0,0.5144
seed_0085,ACCUCUGGAUAU,GCGA,CCACAUU,AUGGAGAGAGAGAGAG,ACCUCUGGAUAUGCGACCACAUUAUGGAGAGAGAGAGAG,ACCUCUGGAUAUGCGACCACAUU,..((((....(((......))).....))))........,-4.2,ViennaRNA; duplex=ViennaRNA cofold,12,16,23,26,0.75,0.5,False,,-4.5,-1.9,-1.194,0.0,0.288,4.2,-1.206,17694.104422635224,415.4542450443463,17548.695436869704,4.24427,0.375,0.1583,0.5138
g1_child_50,AAGGGUUUUUAU,GCGA,ACAGCU,AUGGAGAGAGAGAGAG,AAGGGUUUUUAUGCGAACAGCUAUGGAGAGAGAGAGAG,AAGGGUUUUUAUGCGAACAGCU,.....(((((((((.....)).))))))).........,-4.4,ViennaRNA; duplex=ViennaRNA cofold,12,16,22,25,0.5,0.25,False,,-7.5,-4.2,-1.194,0.0,3.168,4.4,-1.126,15540.012792828089,12435.850751591066,11187.465029771216,4.048771,0.625,0.35,0.5069
g1_child_78,AUCAAUCAUUGU,CCGA,UCAAU,AUGGAGAGAGAGAGAG,AUCAAUCAUUGUCCGAUCAAUAUGGAGAGAGAGAGAG,AUCAAUCAUUGUCCGAUCAAU,.((..((.((.((((.......)))).)).))..)).,-6.0,ViennaRNA; duplex=ViennaRNA cofold,12,16,21,24,0.25,0.5,False,,-5.7,0.0,-1.194,0.0,0.0053,6.0,-0.8887,10573.133862822562,0.1582111137535796,10573.078488932748,4.024243,0.475,0.0,0.506
seed_0094,UAGUCGCAUGCC,GCGA,UAUCG,AUGGAGAGAGAGAGAG,UAGUCGCAUGCCGCGAUAUCGAUGGAGAGAGAGAGAG,UAGUCGCAUGCCGCGAUAUCG,..(((((.....)))))....................,-5.9,ViennaRNA; duplex=ViennaRNA cofold,12,16,21,24,0.0,1.0,False,,-1.4,0.0,-1.194,-5.9,1.728,5.9,-0.866,10191.179525334053,6.870666990848262,10188.774791887256,4.008165,0.1167,0.0,0.5054
g3_child_17,CGUGAUCUCGGU,GCGA,GAAAAG,AUGGAGAGAGAGAGAG,CGUGAUCUCGGUGCGAGAAAAGAUGGAGAGAGAGAGAG,CGUGAUCUCGGUGCGAGAAAAG,(.(..((((.((..........)).))))..).)....,-5.8,ViennaRNA; duplex=ViennaRNA cofold,12,16,22,25,1.0,0.5,False,,-6.6,0.0,-1.194,0.0,1.152,5.8,-0.842,9801.92742924455,199.5221380998065,9732.094680909617,3.988251,0.55,0.0,0.5047
seed_0093,CCCUAUAUACAU,GCGA,GACUAU,AUGGAGAGAGAGAGAG,CCCUAUAUACAUGCGAGACUAUAUGGAGAGAGAGAGAG,CCCUAUAUACAUGCGAGACUAU,..(((((((..........)))))))............,-3.1,ViennaRNA; duplex=ViennaRNA cofold,12,16,22,25,1.0,0.4167,False,,-5.9,-3.0,-1.194,0.0,3.168,3.1,-0.826,9550.725193936472,2275.4458158055363,8754.319158404534,3.942272,0.4917,0.25,0.503
seed_0068,CGCCAUAUAUCU,GCGA,AAAU,AUGGAGAGAGAGAGAG,CGCCAUAUAUCUGCGAAAAUAUGGAGAGAGAGAGAG,CGCCAUAUAUCUGCGAAAAU,..((((((..........))))))............,-4.2,ViennaRNA; duplex=ViennaRNA cofold,12,16,20,23,1.0,0.5,False,,-4.8,0.0,-1.194,0.0,1.152,4.2,-0.642,7085.465932711937,11.928966622207023,7081.290794394165,3.850174,0.4,0.0,0.4998
g2_child_77,AUCAAGACUGGU,GCGGA,UCAAAAA,AUGGAGAGAGAGAGAG,AUCAAGACUGGUGCGGAUCAAAAAAUGGAGAGAGAGAGAG,AUCAAGACUGGUGCGGAUCAAAAA,........((((....))))....................,-1.4,ViennaRNA; duplex=ViennaRNA cofold,12,17,24,27,0.8,1.0,False,,-3.3,-2.0,-1.194,0.0,2.4,1.4,-0.694,7709.274135339738,3272.8281971844003,6563.784266325198,3.81722,0.275,0.1667,0.4986
g2_child_65,CUAGUACCCACU,GCGA,UCAAGU,AUGGAGAGAGAGAGAG,CUAGUACCCACUGCGAUCAAGUAUGGAGAGAGAGAGAG,CUAGUACCCACUGCGAUCAAGU,.......(((.(((......))))))............,-4.6,ViennaRNA; duplex=ViennaRNA cofold,12,16,22,25,0.5,0.5,False,,-7.1,-0.2,-1.194,0.0,3.168,4.6,-0.526,5869.769155553199,18.871576724636604,5863.164103699576,3.768206,0.5917,0.0167,0.4968
g2_child_69,CUAGUACCCACU,GCAA,UCAAU,AUGGAGAGAGAGAGAG,CUAGUACCCACUGCAAUCAAUAUGGAGAGAGAGAGAG,CUAGUACCCACUGCAAUCAAU,..........((.((.......)).))..........,-1.0,ViennaRNA; duplex=ViennaRNA cofold,12,16,21,24,0.5,0.6667,False,,-2.3,0.0,-1.194,0.0,2.4,1.0,-0.094,2911.9470587355345,207.4456600483495,2839.3410777186123,3.45337,0.1917,0.0,0.4856
seed_0055,UCCUGCCUCUUU,GCGA,AUUGU,AUGGAGAGAGAGAGAG,UCCUGCCUCUUUGCGAAUUGUAUGGAGAGAGAGAGAG,UCCUGCCUCUUUGCGAAUUGU,..((..((((((.((.......)).))))))..))..,-8.4,ViennaRNA; duplex=ViennaRNA cofold,12,16,21,24,0.5,0.4167,False,,-7.2,0.0,-1.194,0.0,0.0,8.4,0.006,2475.7804886476647,0.033683146482932746,2475.7686995463955,3.393885,0.6,0.0,0.4834
g3_child_37,GAUCCCAAGUUU,GAGA,UAGGGA,AUGGAGAGAGAGAGAG,GAUCCCAAGUUUGAGAUAGGGAAUGGAGAGAGAGAGAG,GAUCCCAAGUUUGAGAUAGGGA,..((((............))))................,-4.1,ViennaRNA; duplex=ViennaRNA cofold,12,16,22,25,1.0,0.75,False,,-2.9,-1.4,-1.194,0.0,0.0,4.1,0.006,2475.7792913766034,66.94481942812742,2452.3486045767586,3.389759,0.2417,0.1167,0.4833
seed_0058,CCCGUUUUUUAU,GCGA,AAAACU,AUGGAGAGAGAGAGAG,CCCGUUUUUUAUGCGAAAAACUAUGGAGAGAGAGAGAG,CCCGUUUUUUAUGCGAAAAACU,((.(((((((....)))))))...))............,-3.9,ViennaRNA; duplex=ViennaRNA cofold,12,16,22,25,0.5,0.6667,False,,-5.7,0.0,-1.194,0.0,3.168,3.9,0.174,1885.0346009115021,30.70599005376803,1874.2875043926833,3.273068,0.475,0.0,0.4791
seed_0014,AUCUCAGUAACA,GCGA,GGACGA,AUGGAGAGAGAGAGAG,AUCUCAGUAACAGCGAGGACGAAUGGAGAGAGAGAGAG,AUCUCAGUAACAGCGAGGACGA,.((((..(..((.((....))..))...)..))))...,-3.5,ViennaRNA; duplex=ViennaRNA cofold,12,16,22,25,0.5,0.5833,False,,-3.3,-4.5,-1.194,-2.0,2.4,3.5,-0.594,6554.532222199841,13559.852685175418,1808.5837823884458,3.257579,0.275,0.375,0.4786
g4_child_64,CGUGAUCACGGU,UCGA,AGGGA,AUGGAGAGAGAGAGAG,CGUGAUCACGGUUCGAAGGGAAUGGAGAGAGAGAGAG,CGUGAUCACGGUUCGAAGGGA,(.(..((.(.((((.....)))).).))..).)....,-5.4,ViennaRNA; duplex=ViennaRNA cofold,12,16,21,24,0.5,0.4167,False,,-4.2,-4.8,-1.194,0.0,0.288,5.4,0.294,1551.50454354312,353.22497070895497,1427.8758037949858,3.154994,0.35,0.4,0.4749
g1_child_41,CGUGCAUUGACA,GCGA,AUUGC,AUGGAGAGAGAGAGAG,CGUGCAUUGACAGCGAAUUGCAUGGAGAGAGAGAGAG,CGUGCAUUGACAGCGAAUUGC,((((((.(........).)))))).............,-6.5,ViennaRNA; duplex=ViennaRNA cofold,12,16,21,24,1.0,0.5,False,,-4.8,0.0,-1.194,0.0,0.0053,6.5,0.5113,1090.4365173984288,0.1531590453645684,1090.3829117325513,3.037977,0.4,0.0,0.4707
g10_child_26,AAUGAUCAGGGU,UCCGA,UAGAGGA,AUGGAGAGAGAGAGAG,AAUGAUCAGGGUUCCGAUAGAGGAAUGGAGAGAGAGAGAG,AAUGAUCAGGGUUCCGAUAGAGGA,.....((...(((((......)))))...)).........,-5.9,ViennaRNA; duplex=ViennaRNA cofold,12,17,24,27,0.4,0.4167,False,,-6.6,-4.1,-1.194,0.0,2.4,5.9,0.506,1099.9004956677356,381.8368663565316,966.2575924429495,2.985542,0.55,0.3417,0.4688
g1_child_74,CGGACGGUCCUU,CCGA,ACCAAA,AUGGAGAGAGAGAGAG,CGGACGGUCCUUCCGAACCAAAAUGGAGAGAGAGAGAG,CGGACGGUCCUUCCGAACCAAA,.((.(((.....)))..))...................,-4.1,ViennaRNA; duplex=ViennaRNA cofold,12,16,22,25,0.25,1.0,False,,-3.8,-2.3,-1.194,0.0,1.728,4.1,0.834,645.9612070740026,144.22746809757342,595.4815932398519,2.775597,0.3167,0.1917,0.4613
seed_0082,UACUCUGACCUG,GCGA,CACUG,AUGGAGAGAGAGAGAG,UACUCUGACCUGGCGACACUGAUGGAGAGAGAGAGAG,UACUCUGACCUGGCGACACUG,..((((..((.............))..))))......,-5.7,ViennaRNA; duplex=ViennaRNA cofold,12,16,21,24,1.0,0.5833,False,,-4.7,-1.9,-1.194,0.0,1.152,5.7,0.958,528.2279117998561,12.24273012896749,523.9429562547175,2.720112,0.3917,0.1583,0.4593
seed_0041,UGCUUCCUCGCG,GCGA,CGUACCC,AUGGAGAGAGAGAGAG,UGCUUCCUCGCGGCGACGUACCCAUGGAGAGAGAGAGAG,UGCUUCCUCGCGGCGACGUACCC,....(((((....(..(((....)))..)...))).)).,-5.2,ViennaRNA; duplex=ViennaRNA cofold,12,16,23,26,0.75,0.6667,False,,-5.0,-0.9,-1.194,-1.1,3.168,5.2,1.074,437.5969212734214,4.222641102690041,436.1189968874799,2.6406,0.4167,0.075,0.4565
g3_child_19,CGUGAUCACGGU,GCGA,UCAGGGA,AUGGAGAGAGAGAGAG,CGUGAUCACGGUGCGAUCAGGGAAUGGAGAGAGAGAGAG,CGUGAUCACGGUGCGAUCAGGGA,(.(((((.......))))).)..................,-6.2,ViennaRNA; duplex=ViennaRNA cofold,12,16,23,26,0.5,0.9167,False,,-5.0,-1.1,-1.194,0.0,1.152,6.2,1.158,381.8373833875973,48.15704045089331,364.9824192297846,2.56346,0.4167,0.0917,0.4537
g2_child_56,CUAGUACCCACU,GCGUA,UCAAU,AUGGAGAGAGAGAGAG,CUAGUACCCACUGCGUAUCAAUAUGGAGAGAGAGAGAG,CUAGUACCCACUGCGUAUCAAU,..........((.((((....)))).))..........,-3.2,ViennaRNA; duplex=ViennaRNA cofold,12,17,22,25,0.2,0.5,False,,-3.9,0.0,-1.194,0.0,3.168,3.2,1.274,316.32296062506026,133.4201264491294,269.625916367865,2.432369,0.325,0.0,0.4491
seed_0029,UUCGCGUUUGGU,GCGA,GCCAAGA,AUGGAGAGAGAGAGAG,UUCGCGUUUGGUGCGAGCCAAGAAUGGAGAGAGAGAGAG,UUCGCGUUUGGUGCGAGCCAAGA,(((...((((((....))))))....)))..........,-6.4,ViennaRNA; duplex=ViennaRNA cofold,12,16,23,26,1.0,0.5833,False,,-4.5,-0.3,-1.194,0.0,0.672,6.4,1.378,267.20209785032336,15.465274076021577,261.7892519237158,2.419608,0.375,0.025,0.4486
g2_child_57,AUCAAGACUGGU,GCGG,UCAAAAA,AUGGAGAGAGAGAGAG,AUCAAGACUGGUGCGGUCAAAAAAUGGAGAGAGAGAGAG,AUCAAGACUGGUGCGGUCAAAAA,.....(((((...))))).....................,-4.2,ViennaRNA; duplex=ViennaRNA cofold,12,16,23,26,0.25,1.0,False,,-2.6,0.0,-1.194,-0.1,1.152,4.2,1.458,234.67288821019366,0.11143414407806738,234.63388625976634,2.372238,0.2167,0.0,0.4469
seed_0039,CCGGACUGCUCU,GCGA,CUGUUGU,AUGGAGAGAGAGAGAG,CCGGACUGCUCUGCGACUGUUGUAUGGAGAGAGAGAGAG,CCGGACUGCUCUGCGACUGUUGU,.....((.((((.((((....)).)).))))))......,-7.4,ViennaRNA; duplex=ViennaRNA cofold,12,16,23,26,0.25,0.25,False,,-5.0,-2.0,-1.194,0.0,0.288,7.4,1.494,221.35680433909053,2.715819174355464,220.4062676280661,2.34519,0.4167,0.1667,0.4459
g1_child_69,GAUCCCAAGUUU,GAGA,UCAAU,AUGGAGAGAGAGAGAG,GAUCCCAAGUUUGAGAUCAAUAUGGAGAGAGAGAGAG,GAUCCCAAGUUUGAGAUCAAU,((((.((....)).))))...................,-4.3,ViennaRNA; duplex=ViennaRNA cofold,12,16,21,24,0.25,1.0,False,,-1.6,0.0,-1.194,0.0,0.0053,4.3,1.5113,215.22032369708296,0.9802539437040683,214.87723481678654,2.334207,0.1333,0.0,0.4455
g2_child_43,CUAGUACCCACU,GCUA,UCAAAAA,AUGGAGAGAGAGAGAG,CUAGUACCCACUGCUAUCAAAAAAUGGAGAGAGAGAGAG,CUAGUACCCACUGCUAUCAAAAA,.(((((.....))))).......................,-1.7,ViennaRNA; duplex=ViennaRNA cofold,12,16,23,26,0.0,1.0,False,,-0.7,0.0,-1.194,0.0,1.728,1.7,1.534,207.44561992060412,18.072164465351012,201.12036235773127,2.30561,0.0583,0.0,0.4445
g2_child_29,CUAGUACCCACU,GCGA,AGGUA,AUGGAGAGAGAGAGAG,CUAGUACCCACUGCGAAGGUAAUGGAGAGAGAGAGAG,CUAGUACCCACUGCGAAGGUA,.......(((.(((....))).)))............,-5.3,ViennaRNA; duplex=ViennaRNA cofold,12,16,21,24,0.5,0.5,False,,-5.0,-3.0,-1.194,0.0,2.4,5.3,1.506,217.088236623772,193.15077674591845,149.48546476270053,2.177495,0.4167,0.25,0.4399
seed_0064,GUCCGCAGCUCA,GCGA,UUUUAC,AUGGAGAGAGAGAGAG,GUCCGCAGCUCAGCGAUUUUACAUGGAGAGAGAGAGAG,GUCCGCAGCUCAGCGAUUUUAC,...(((......))).......................,-3.4,ViennaRNA; duplex=ViennaRNA cofold,12,16,22,25,0.25,1.0,False,,-2.0,0.0,-1.194,0.0,1.525,3.4,1.731,150.6867790351639,10.75228440117007,146.9234794947544,2.170037,0.1667,0.0,0.4397
seed_0092,CGUCCCCCCGUU,GCGA,GGGU,AUGGAGAGAGAGAGAG,CGUCCCCCCGUUGCGAGGGUAUGGAGAGAGAGAGAG,CGUCCCCCCGUUGCGAGGGU,..(((.(((.......)))...)))...........,-6.6,ViennaRNA; duplex=ViennaRNA cofold,12,16,20,23,1.0,0.5833,False,,-3.6,-2.1,-1.194,0.0,0.0053,6.6,1.8113,132.27215385271597,7.331412110044943,129.70615961420023,2.116296,0.3,0.175,0.4378
seed_0061,CUUCAAGGCCCU,GCGA,UGGCAAC,AUGGAGAGAGAGAGAG,CUUCAAGGCCCUGCGAUGGCAACAUGGAGAGAGAGAGAG,CUUCAAGGCCCUGCGAUGGCAAC,(((((..(((.......)))....)))))..........,-6.5,ViennaRNA; duplex=ViennaRNA cofold,12,16,23,26,1.0,0.5833,False,,-4.2,-2.9,-1.194,0.0,0.672,6.5,1.778,139.62185074201588,50.395449503423606,121.98344341581762,2.089847,0.35,0.2417,0.4368
seed_0096,CAACCUCCCUCU,GCGA,GCUGU,AUGGAGAGAGAGAGAG,CAACCUCCCUCUGCGAGCUGUAUGGAGAGAGAGAGAG,CAACCUCCCUCUGCGAGCUGU,....(((.((((.((.......)).)))).)))....,-8.9,ViennaRNA; duplex=ViennaRNA cofold,12,16,21,24,0.5,0.5,False,,-5.8,-1.9,-1.194,0.0,0.0,8.9,1.906,113.43575362214001,0.20072488431998714,113.36549991262801,2.058295,0.4833,0.1583,0.4357
seed_0067,CUGUCUUUGACU,GCGA,CCUGCG,AUGGAGAGAGAGAGAG,CUGUCUUUGACUGCGACCUGCGAUGGAGAGAGAGAGAG,CUGUCUUUGACUGCGACCUGCG,((.(((((..(((((.....)).)))..))))).))..,-8.2,ViennaRNA; duplex=ViennaRNA cofold,12,16,22,25,0.25,0.3333,False,,-5.2,0.0,-1.194,-0.4,0.672,8.2,2.078,85.81004220800759,0.008526028653084067,85.80705809797901,1.938555,0.4333,0.0,0.4314
seed_0015,GUCUUGAUGUUG,GCGA,CGGUCGA,AUGGAGAGAGAGAGAG,GUCUUGAUGUUGGCGACGGUCGAAUGGAGAGAGAGAGAG,GUCUUGAUGUUGGCGACGGUCGA,.((((.((.(((((....))))))).)))).........,-8.5,ViennaRNA; duplex=ViennaRNA cofold,12,16,23,26,0.5,0.25,False,,-8.6,-1.9,-1.194,-2.3,6.048,8.5,2.454,46.61920145956749,10.14216961038026,43.0694420959344,1.644138,0.7167,0.1583,0.4209
seed_0066,GCCUCUACCACC,GCGA,CUGUU,AUGGAGAGAGAGAGAG,GCCUCUACCACCGCGACUGUUAUGGAGAGAGAGAGAG,GCCUCUACCACCGCGACUGUU,..((((.(((..((....))..)))))))........,-8.0,ViennaRNA; duplex=ViennaRNA cofold,12,16,21,24,0.5,0.25,False,,-4.8,0.0,-1.194,0.0,0.672,8.0,2.678,32.41217342130057,0.03961722641334447,32.398307392055905,1.523724,0.4,0.0,0.4166
g4_child_70,GAUCCCAAGUUU,GCGA,UUGGGA,AUGGAGAGAGAGAGAG,GAUCCCAAGUUUGCGAUUGGGAAUGGAGAGAGAGAGAG,GAUCCCAAGUUUGCGAUUGGGA,..((((((........))))))................,-8.0,ViennaRNA; duplex=ViennaRNA cofold,12,16,22,25,1.0,0.75,False,,-4.1,0.0,-1.194,0.0,0.0,8.0,2.706,30.9724967762117,0.003364680966462582,30.971319137873436,1.504761,0.3417,0.0,0.4159
seed_0038,AUCUAUCGUGCG,GCGA,ACACG,AUGGAGAGAGAGAGAG,AUCUAUCGUGCGGCGAACACGAUGGAGAGAGAGAGAG,AUCUAUCGUGCGGCGAACACG,.(((((((((.......)))))))))...........,-11.1,ViennaRNA; duplex=ViennaRNA cofold,12,16,21,24,1.0,0.3333,False,,-8.8,-0.2,-1.194,0.0,1.728,11.1,2.834,25.163582778062736,0.0002264641401390258,25.163503515613687,1.417696,0.7333,0.0167,0.4128
g4_child_58,GAUCCCAAGUUU,GCGAC,UAGGGA,AUGGAGAGAGAGAGAG,GAUCCCAAGUUUGCGACUAGGGAAUGGAGAGAGAGAGAG,GAUCCCAAGUUUGCGACUAGGGA,..((((.((((...)))).))))................,-7.8,ViennaRNA; duplex=ViennaRNA cofold,12,17,23,26,0.4,0.75,False,,-3.7,0.0,-1.194,0.0,0.0,7.8,2.906,22.388876864903065,0.0046546510460005385,22.387247737036965,1.368979,0.3083,0.0,0.411
seed_0046,GGAUCUUUGUUA,GCGA,GGUACCC,AUGGAGAGAGAGAGAG,GGAUCUUUGUUAGCGAGGUACCCAUGGAGAGAGAGAGAG,GGAUCUUUGUUAGCGAGGUACCC,...(((((.((..((.((...)).))..)).)))))...,-7.3,ViennaRNA; duplex=ViennaRNA cofold,12,16,23,26,0.5,0.4167,False,,-4.0,-3.8,-1.194,0.0,1.152,7.3,3.258,12.646561064195351,3.590144099352003,11.39001062942215,1.093072,0.3333,0.3167,0.4012
seed_0078,CUUUUUAUCUCU,GCGA,UAUU,AUGGAGAGAGAGAGAG,CUUUUUAUCUCUGCGAUAUUAUGGAGAGAGAGAGAG,CUUUUUAUCUCUGCGAUAUU,((((((.(((((.(........).))))).)))))),-10.4,ViennaRNA; duplex=ViennaRNA cofold,12,16,20,23,0.75,0.5,False,,-6.3,0.0,-1.194,0.0,1.152,10.4,4.058,3.453021553293375,0.0008134238693259961,3.452736854939111,0.648627,0.525,0.0,0.3853
seed_0089,CUUGACUUGACA,GCGA,UACGGCC,AUGGAGAGAGAGAGAG,CUUGACUUGACAGCGAUACGGCCAUGGAGAGAGAGAGAG,CUUGACUUGACAGCGAUACGGCC,(((..(((..((((......))..))..))).)))....,-7.1,ViennaRNA; duplex=ViennaRNA cofold,12,16,23,26,0.5,0.4167,False,,-5.0,-0.3,-1.194,0.0,3.168,7.1,4.074,3.36452513806733,0.28008989343638796,3.266493675364594,0.630071,0.4167,0.025,0.3846
g1_child_56,CGGACGGUCCUU,GCGG,ACCAAA,AUGGAGAGAGAGAGAG,CGGACGGUCCUUGCGGACCAAAAUGGAGAGAGAGAGAG,CGGACGGUCCUUGCGGACCAAA,.....(((((....)))))...................,-8.5,ViennaRNA; duplex=ViennaRNA cofold,12,16,22,25,0.5,1.0,False,,-4.9,-3.2,-1.194,0.0,1.728,8.5,4.134,3.0523946394759447,1.0735017137214564,2.6766690396734347,0.565455,0.4083,0.2667,0.3823
seed_0003,CUCCCCGUCUCU,GCGA,ACUCG,AUGGAGAGAGAGAGAG,CUCCCCGUCUCUGCGAACUCGAUGGAGAGAGAGAGAG,CUCCCCGUCUCUGCGAACUCG,(((.(..((((((((....)).))))))..).)))..,-10.8,ViennaRNA; duplex=ViennaRNA cofold,12,16,21,24,0.25,0.3333,False,,-6.9,0.0,-1.194,0.0,1.728,10.8,4.434,1.875968826675227,0.0001428433545726346,1.8759188315011266,0.458777,0.575,0.0,0.3785
seed_0059,CCCUCAGUGCCG,GCGA,CGCCC,AUGGAGAGAGAGAGAG,CCCUCAGUGCCGGCGACGCCCAUGGAGAGAGAGAGAG,CCCUCAGUGCCGGCGACGCCC,..(((.(((..(((...)))))).)))..........,-6.8,ViennaRNA; duplex=ViennaRNA cofold,12,16,21,24,0.5,0.3333,False,,-2.9,0.0,-1.194,0.0,1.728,6.8,4.434,1.8759668308223585,0.09412987021510938,1.8430213762470702,0.45378,0.2417,0.0,0.3783
seed_0062,UUCUUUCCUGCU,GCGA,AGCCUUA,AUGGAGAGAGAGAGAG,UUCUUUCCUGCUGCGAAGCCUUAAUGGAGAGAGAGAGAG,UUCUUUCCUGCUGCGAAGCCUUA,((((((((.(((....)))......))))))))......,-9.3,ViennaRNA; duplex=ViennaRNA cofold,12,16,23,26,1.0,0.4167,False,,-3.9,0.0,-1.194,0.0,0.288,9.3,4.494,1.701932423220247,0.003037711988484239,1.7008692240242775,0.431504,0.325,0.0,0.3775
seed_0034,CUCACUGACCCA,GCGA,AUGCC,AUGGAGAGAGAGAGAG,CUCACUGACCCAGCGAAUGCCAUGGAGAGAGAGAGAG,CUCACUGACCCAGCGAAUGCC,(((.((..((((((....))..))).)..)).)))..,-7.1,ViennaRNA; duplex=ViennaRNA cofold,12,16,21,24,0.5,0.4167,False,,-2.9,0.0,-1.194,0.0,1.525,7.1,4.531,1.6027587556154244,0.057851231061027734,1.5825108247440647,0.412042,0.2417,0.0,0.3768
seed_0035,CCCUCUCUUCCA,GCGA,GAGAACU,AUGGAGAGAGAGAGAG,CCCUCUCUUCCAGCGAGAGAACUAUGGAGAGAGAGAGAG,CCCUCUCUUCCAGCGAGAGAACU,..((((((((((............)))).))))))....,-12.0,ViennaRNA; duplex=ViennaRNA cofold,12,16,23,26,1.0,0.4167,False,,-0.3,0.0,-1.194,-5.9,0.672,12.0,5.278,0.4769185673436656,6.064146377288072e-05,0.4768973428313451,0.16935,0.025,0.0,0.3681
seed_0043,UCGACUUGGACU,GCGA,GCCGAAU,AUGGAGAGAGAGAGAG,UCGACUUGGACUGCGAGCCGAAUAUGGAGAGAGAGAGAG,UCGACUUGGACUGCGAGCCGAAU,(((.((((.....)))).)))..................,-5.9,ViennaRNA; duplex=ViennaRNA cofold,12,16,23,26,0.25,0.9167,False,,-3.5,0.0,-1.194,0.0,4.032,5.9,5.238,0.5089008076106606,0.10158959273445925,0.4733444501535998,0.168304,0.2917,0.0,0.3681
seed_0074,AUUUCUUCAUUG,GCGA,GAGC,AUGGAGAGAGAGAGAG,AUUUCUUCAUUGGCGAGAGCAUGGAGAGAGAGAGAG,AUUUCUUCAUUGGCGAGAGC,.(((((((((..((....))))))))))).......,-9.5,ViennaRNA; duplex=ViennaRNA cofold,12,16,20,23,0.5,0.0833,False,,-4.2,-2.8,-1.194,0.0,1.152,9.5,5.258,0.49265052031228884,0.20644794319064158,0.4203937401955643,0.152409,0.35,0.2333,0.3675
seed_0097,CGCUUUCAGUCC,GCGA,UGCC,AUGGAGAGAGAGAGAG,CGCUUUCAGUCCGCGAUGCCAUGGAGAGAGAGAGAG,CGCUUUCAGUCCGCGAUGCC,..(((((..((((.(....).))))..)))))....,-10.0,ViennaRNA; duplex=ViennaRNA cofold,12,16,20,23,0.5,0.4167,False,,-4.1,0.0,-1.194,0.0,1.152,10.0,5.858,0.1860838891069499,0.021291535380485758,0.17863185172377988,0.071378,0.3417,0.0,0.3646
seed_0095,CAAUCUCUCCGC,GCGA,ACCAUA,AUGGAGAGAGAGAGAG,CAAUCUCUCCGCGCGAACCAUAAUGGAGAGAGAGAGAG,CAAUCUCUCCGCGCGAACCAUA,(..((((((((............))))))))..)....,-9.9,ViennaRNA; duplex=ViennaRNA cofold,12,16,22,25,1.0,0.3333,False,,-5.0,0.0,-1.194,0.0,2.4,9.9,6.106,0.1244340527708452,0.0002823849345024817,0.12433521804376933,0.050896,0.4167,0.0,0.3639
seed_0018,UACCCCCCAUUG,GCGA,CAGGCG,AUGGAGAGAGAGAGAG,UACCCCCCAUUGGCGACAGGCGAUGGAGAGAGAGAGAG,UACCCCCCAUUGGCGACAGGCG,......((((((.(....).))))))............,-9.7,ViennaRNA; duplex=ViennaRNA cofold,12,16,22,25,0.75,0.5,False,,-3.0,-1.1,-1.194,0.0,0.672,9.7,6.178,0.11071318128953898,0.0023279477719566504,0.10989839956935415,0.045283,0.25,0.0917,0.3637
seed_0019,UUCACUCACUAU,GCGA,CCCGGGC,AUGGAGAGAGAGAGAG,UUCACUCACUAUGCGACCCGGGCAUGGAGAGAGAGAGAG,UUCACUCACUAUGCGACCCGGGC,(((.(((.((((((.......)))))).))).)))....,-12.1,ViennaRNA; duplex=ViennaRNA cofold,12,16,23,26,0.5,0.25,False,,-5.7,-2.5,-1.194,0.0,1.152,12.1,6.358,0.08267037862766649,0.0029534990192966763,0.08163665397091266,0.034081,0.475,0.2083,0.3633
seed_0049,CAUUGGCUCUCG,GCGA,CUCACUU,AUGGAGAGAGAGAGAG,CAUUGGCUCUCGGCGACUCACUUAUGGAGAGAGAGAGAG,CAUUGGCUCUCGGCGACUCACUU,......(((((..(..(((.(....)))).).)))))..,-8.5,ViennaRNA; duplex=ViennaRNA cofold,12,16,23,26,0.75,0.5,False,,-4.1,-0.9,-1.194,0.0,3.168,8.5,6.374,0.08055168416511799,0.0758177179845511,0.0540154828705251,0.022847,0.3417,0.075,0.3629
seed_0053,UUAUGUCUGCCU,GCGA,ACCCGC,AUGGAGAGAGAGAGAG,UUAUGUCUGCCUGCGAACCCGCAUGGAGAGAGAGAGAG,UUAUGUCUGCCUGCGAACCCGC,...(.(((.((((((....)))).))))).).......,-9.5,ViennaRNA; duplex=ViennaRNA cofold,12,16,22,25,0.25,0.1667,False,,-4.7,0.0,-1.194,0.0,3.168,9.5,6.774,0.04209089417336884,0.0021958534825140875,0.04132234545448891,0.017585,0.3917,0.0,0.3627
seed_0070,AACCCCCUCUCA,GCGA,CAGA,AUGGAGAGAGAGAGAG,AACCCCCUCUCAGCGACAGAAUGGAGAGAGAGAGAG,AACCCCCUCUCAGCGACAGA,......(((((..(........)..)))))......,-6.8,ViennaRNA; duplex=ViennaRNA cofold,12,16,20,23,0.75,0.5833,False,,-4.8,-0.2,-1.194,0.0,6.048,6.8,6.854,0.03696667879517428,0.02346874327788325,0.028752618647915146,0.012311,0.4,0.0167,0.3625
seed_0060,CUACCUCUGCGU,GCGA,CAGCG,AUGGAGAGAGAGAGAG,CUACCUCUGCGUGCGACAGCGAUGGAGAGAGAGAGAG,CUACCUCUGCGUGCGACAGCG,((..((((.(((((....)).))).))))..))....,-11.5,ViennaRNA; duplex=ViennaRNA cofold,12,16,21,24,0.5,0.25,False,,-4.7,0.0,-1.194,0.0,2.4,11.5,8.006,0.005701340602133548,0.0001364985705061262,0.005653566102456404,0.002448,0.3917,0.0,0.3622
seed_0036,GCCGAGUCCUUA,GCGA,GCGGGAC,AUGGAGAGAGAGAGAG,GCCGAGUCCUUAGCGAGCGGGACAUGGAGAGAGAGAGAG,GCCGAGUCCUUAGCGAGCGGGAC,.(((.(((((........))))).)))............,-10.0,ViennaRNA; duplex=ViennaRNA cofold,12,16,23,26,1.0,0.5,False,,-1.9,-1.1,-1.194,0.0,0.672,10.0,7.578,0.011418143538455817,0.017047501848581,0.005451517891452467,0.002361,0.1583,0.0917,0.3622
seed_0079,CGCUAGCUCUCU,GCGA,CAAU,AUGGAGAGAGAGAGAG,CGCUAGCUCUCUGCGACAAUAUGGAGAGAGAGAGAG,CGCUAGCUCUCUGCGACAAU,..((..((((((.(........).))))))..))..,-12.1,ViennaRNA; duplex=ViennaRNA cofold,12,16,20,23,0.75,0.5,False,,-3.3,0.0,-1.194,0.0,1.152,12.1,8.758,0.0016827893082302634,5.573450433255297e-05,0.00166328223171387,0.000722,0.275,0.0,0.3621
seed_0001,CUUUCUAUCUCC,GCGA,GCAC,AUGGAGAGAGAGAGAG,CUUUCUAUCUCCGCGAGCACAUGGAGAGAGAGAGAG,CUUUCUAUCUCCGCGAGCAC,((((((.((((((.(....).)))))).))))))..,-14.3,ViennaRNA; duplex=ViennaRNA cofold,12,16,20,23,0.5,0.3333,False,,-5.0,-2.2,-1.194,0.0,1.152,14.3,9.258,0.0007476034840075967,3.23101843052892e-05,0.0007362949195007455,0.00032,0.4167,0.1833,0.3621
seed_0048,CUUCCUUUGACA,GCGA,CACUCGC,AUGGAGAGAGAGAGAG,CUUCCUUUGACAGCGACACUCGCAUGGAGAGAGAGAGAG,CUUCCUUUGACAGCGACACUCGC,(((.((((..((((((...)))).))...)))).)))..,-8.6,ViennaRNA; duplex=ViennaRNA cofold,12,16,23,26,0.0,0.3333,False,,-2.3,0.0,-1.194,0.0,4.032,8.6,9.138,0.0009083160811610054,0.0009142310943401595,0.0005883351981419496,0.000255,0.1917,0.0,0.3621
seed_0099,UUCUCUCCUGGU,GCGA,GAUAC,AUGGAGAGAGAGAGAG,UUCUCUCCUGGUGCGAGAUACAUGGAGAGAGAGAGAG,UUCUCUCCUGGUGCGAGAUAC,((((((((..(((.....)))..))))))))......,-13.7,ViennaRNA; duplex=ViennaRNA cofold,12,16,21,24,0.75,0.1667,False,,-2.9,0.0,-1.194,0.0,0.672,13.7,10.278,0.00014284343746640002,1.2917588054942795e-06,0.000142391321884477,6.2e-05,0.2417,0.0,0.3621
seed_0044,UCGUCUCUCUUA,GCGA,GACAUG,AUGGAGAGAGAGAGAG,UCGUCUCUCUUAGCGAGACAUGAUGGAGAGAGAGAGAG,UCGUCUCUCUUAGCGAGACAUG,((.((((((((..((........))..)))))))))).,-11.4,ViennaRNA; duplex=ViennaRNA cofold,12,16,22,25,0.5,0.5,False,,-0.0,0.0,-1.194,0.0,0.288,11.4,10.494,0.00010061012471544476,2.476088942911341e-05,9.194381341525507e-05,4e-05,0.0,0.0,0.3621
seed_0057,UAGCGUCUCCAU,GCGA,UAUCGC,AUGGAGAGAGAGAGAG,UAGCGUCUCCAUGCGAUAUCGCAUGGAGAGAGAGAGAG,UAGCGUCUCCAUGCGAUAUCGC,.....((((((((((....)))))))))).........,-17.5,ViennaRNA; duplex=ViennaRNA cofold,12,16,22,25,0.25,0.1667,False,,-7.5,0.0,-1.194,0.0,3.168,17.5,11.974,9.112981181172824e-06,3.75749600585323e-08,9.099829945152337e-06,4e-06,0.625,0.0,0.3621
seed_0004,CGCUCUCUCACU,GCGA,CGCGC,AUGGAGAGAGAGAGAG,CGCUCUCUCACUGCGACGCGCAUGGAGAGAGAGAGAG,CGCUCUCUCACUGCGACGCGC,..(((((((..((((...))))..)))))))......,-15.9,ViennaRNA; duplex=ViennaRNA cofold,12,16,21,24,0.25,0.1667,False,,-2.6,0.0,-1.194,0.0,1.525,15.9,13.631,6.193626536171176e-07,2.4721127915286836e-06,-2.4587682341792155e-07,-0.0,0.2167,0.0,0.3621
seed_0006,UAAUCUCCCUCA,GCGA,GGCUG,AUGGAGAGAGAGAGAG,UAAUCUCCCUCAGCGAGGCUGAUGGAGAGAGAGAGAG,UAAUCUCCCUCAGCGAGGCUG,...(((((.(((((...))))).))))).........,-13.9,ViennaRNA; duplex=ViennaRNA cofold,12,16,21,24,0.5,0.25,False,,-1.9,-3.4,-1.194,0.0,1.728,13.9,12.534,3.6729868271171303e-06,0.00023242110820858046,-7.767440104588602e-05,-3.4e-05,0.1583,0.2833,0.3621
seed_0033,CUGUGUAGCCUC,GCGA,ACCAUGG,AUGGAGAGAGAGAGAG,CUGUGUAGCCUCGCGAACCAUGGAUGGAGAGAGAGAGAG,CUGUGUAGCCUCGCGAACCAUGG,.........(((.(...(((....)))...).)))....,-5.0,ViennaRNA; duplex=ViennaRNA cofold,12,16,23,26,0.75,0.6667,False,,-3.0,-0.9,-1.194,0.0,4.992,5.0,5.798,0.20511233025475317,3.4530198834349957,-1.0034446289474954,-0.301777,0.25,0.075,0.3513
seed_0088,CUCGCAUUAUAU,GCGA,CCCA,AUGGAGAGAGAGAGAG,CUCGCAUUAUAUGCGACCCAAUGGAGAGAGAGAGAG,CUCGCAUUAUAUGCGACCCA,.((((((...))))))....................,-5.7,ViennaRNA; duplex=ViennaRNA cofold,12,16,20,23,0.0,1.0,False,,-0.0,0.0,-1.194,0.0,1.152,5.7,5.658,0.25742591358577654,37.14536176379514,-12.74345070374252,-1.138096,0.0,0.0,0.3214
seed_0080,GUUGCAUUCUCU,GCGA,UGUUG,AUGGAGAGAGAGAGAG,GUUGCAUUCUCUGCGAUGUUGAUGGAGAGAGAGAGAG,GUUGCAUUCUCUGCGAUGUUG,....(.((((((.(.((....)).))))))).)....,-7.3,ViennaRNA; duplex=ViennaRNA cofold,12,16,21,24,0.5,0.3333,False,,-2.7,0.0,-1.194,0.0,1.728,7.3,5.134,0.60245344392018,52.73795202083634,-17.855829763372537,-1.275446,0.225,0.0,0.3165
g1_child_35,AAGGGUCUUUAU,GCCA,AUGGA,AUGGAGAGAGAGAGAG,AAGGGUCUUUAUGCCAAUGGAAUGGAGAGAGAGAGAG,AAGGGUCUUUAUGCCAAUGGA,.....(((((((.((...)).))))))).........,-5.4,ViennaRNA; duplex=ViennaRNA cofold,12,16,21,24,0.5,0.25,False,,-4.7,-2.4,-1.194,0.0,4.032,5.4,3.538,8.028821947746037,149.9548831781308,-44.45538716459974,-1.657585,0.3917,0.2,0.3028
seed_0021,AUCUGGUGCUCG,GCGA,GGAAG,AUGGAGAGAGAGAGAG,AUCUGGUGCUCGGCGAGGAAGAUGGAGAGAGAGAGAG,AUCUGGUGCUCGGCGAGGAAG,.(((....(((.((......).).)))....)))...,-5.1,ViennaRNA; duplex=ViennaRNA cofold,12,16,21,24,0.5,0.5833,False,,-3.1,-3.6,-1.194,0.0,1.728,5.1,2.534,40.94374678217944,953.5384212857442,-292.794700667831,-2.468044,0.2583,0.3,0.2738
seed_0045,CUCGCCCCCUUC,GCGA,CCCAUCU,AUGGAGAGAGAGAGAG,CUCGCCCCCUUCGCGACCCAUCUAUGGAGAGAGAGAGAG,CUCGCCCCCUUCGCGACCCAUCU,(((.(.(.(((((.((....))..))))).).).)))..,-5.3,ViennaRNA; duplex=ViennaRNA cofold,12,16,23,26,0.25,0.3333,False,,-1.3,0.0,-1.194,0.0,0.288,5.3,3.094,16.50235053405639,927.103952845254,-307.9840329617825,-2.489936,0.1083,0.0,0.2731
g1_child_66,GUAGUGGUAUUU,UCGA,AUCU,AUGGAGAGAGAGAGAG,GUAGUGGUAUUUUCGAAUCUAUGGAGAGAGAGAGAG,GUAGUGGUAUUUUCGAAUCU,..........((((...(((......)))..)))).,-3.3,ViennaRNA; duplex=ViennaRNA cofold,12,16,20,23,0.5,0.5,False,,-3.5,-2.8,-1.194,0.0,3.168,3.3,1.774,140.53109359188613,4831.200390642595,-1550.389043133022,-3.190721,0.2917,0.2333,0.248
g2_child_37,CGUGAUCACGGU,ACGA,AAAU,AUGGAGAGAGAGAGAG,CGUGAUCACGGUACGAAAAUAUGGAGAGAGAGAGAG,CGUGAUCACGGUACGAAAAU,(.(..((.(.(((......))).).))..).)....,-1.4,ViennaRNA; duplex=ViennaRNA cofold,12,16,20,23,0.75,0.5,False,,-3.8,-2.0,-1.194,0.0,4.032,1.4,0.438,1228.2136663220167,28790.128864764934,-8848.331436345708,-3.94691,0.3167,0.1667,0.221
g2_child_63,CUAGUACCCACU,GAGA,GUAA,AUGGAGAGAGAGAGAG,CUAGUACCCACUGAGAGUAAAUGGAGAGAGAGAGAG,CUAGUACCCACUGAGAGUAA,(((.(((.(.....).)))..)))............,-0.6,ViennaRNA; duplex=ViennaRNA cofold,12,16,20,23,0.75,0.5833,False,,-1.5,-2.6,-1.194,0.0,1.525,0.6,-0.569,6293.95982232007,68702.37365914232,-17751.870958379743,-4.249269,0.125,0.2167,0.2101
g1_child_22,CAUCAUACAUUU,GAGA,AAUU,AUGGAGAGAGAGAGAG,CAUCAUACAUUUGAGAAAUUAUGGAGAGAGAGAGAG,CAUCAUACAUUUGAGAAAUU,..(((......)))......................,-0.6,ViennaRNA; duplex=ViennaRNA cofold,12,16,20,23,0.5,1.0,False,,-1.4,-2.1,-1.194,0.0,1.152,0.6,-0.842,9801.931221364006,124019.15309362377,-33604.772361404306,-4.526414,0.1167,0.175,0.2002
g1_child_31,GUAGUGGUAUUU,GAGA,AUCU,AUGGAGAGAGAGAGAG,GUAGUGGUAUUUGAGAAUCUAUGGAGAGAGAGAGAG,GUAGUGGUAUUUGAGAAUCU,....................................,0.0,ViennaRNA; duplex=ViennaRNA cofold,12,16,20,23,1.0,1.0,False,,-4.0,-2.8,-1.194,0.0,3.168,0.0,-2.026,66941.65426905527,1022399.5247041184,-290898.1793773861,-5.463742,0.3333,0.2333,0.1667
g7_child_47,CAUGAUCAGGGU,GCUGA,UAGGGA,AUGGAGAGAGAGAGAG,CAUGAUCAGGGUGCUGAUAGGGAAUGGAGAGAGAGAGAG,CAUGAUCAGGGUGCUGAUAGGGA,....(((((....))))).....................,-4.9,ViennaRNA; duplex=ViennaRNA cofold,12,17,23,26,0.2,1.0,False,,-4.5,-4.2,-1.194,0.0,0.0,4.9,-0.794,9067.45080835598,1331956.548907597,-457117.34130930295,-5.660029,0.375,0.35,0.1597
g3_child_40,CGUGAUCACGGU,CGCGA,UAGGGA,AUGGAGAGAGAGAGAG,CGUGAUCACGGUCGCGAUAGGGAAUGGAGAGAGAGAGAG,CGUGAUCACGGUCGCGAUAGGGA,((((((....)))))).......................,-5.8,ViennaRNA; duplex=ViennaRNA cofold,12,17,23,26,0.2,1.0,False,,-4.7,-5.0,-1.194,0.0,0.0,5.8,-0.094,2911.9430172081475,1842608.0238545232,-642000.8653318749,-5.807536,0.3917,0.4167,0.1544
seed_0076,GGCUGACCGAAG,GCGA,GGUGG,AUGGAGAGAGAGAGAG,GGCUGACCGAAGGCGAGGUGGAUGGAGAGAGAGAGAG,GGCUGACCGAAGGCGAGGUGG,...(.(((........))).)................,-3.5,ViennaRNA; duplex=ViennaRNA cofold,12,16,21,24,1.0,0.8333,False,,-3.9,-6.4,-1.194,0.0,1.525,3.5,-0.069,2796.1832052026793,18971890.435773376,-6637365.4693154795,-6.821996,0.325,0.5333,0.1182
g1_child_38,CAAUCAAUUUUA,GCGA,GGAAAG,AUGGAGAGAGAGAGAG,CAAUCAAUUUUAGCGAGGAAAGAUGGAGAGAGAGAGAG,CAAUCAAUUUUAGCGAGGAAAG,...((..((((..((........))..))))..))...,-0.8,ViennaRNA; duplex=ViennaRNA cofold,12,16,22,25,0.5,0.5,False,,-5.2,-6.4,-1.194,0.0,2.4,0.8,-3.194,445456.79090911604,23656612.83208075,-7834357.700319147,-6.894003,0.4333,0.5333,0.1156
seed_0050,CGCAGUCCAAAU,GCGA,GAGG,AUGGAGAGAGAGAGAG,CGCAGUCCAAAUGCGAGAGGAUGGAGAGAGAGAGAG,CGCAGUCCAAAUGCGAGAGG,((((.......)))).....................,-4.2,ViennaRNA; duplex=ViennaRNA cofold,12,16,20,23,0.25,1.0,False,,-3.5,-5.2,-1.194,0.0,0.288,4.2,-0.206,3492.305558672262,50227433.7625923,-17576109.51134863,-7.244923,0.2917,0.4333,0.103
g3_child_52,CGUGAUCACGGU,GGGA,GAAAAG,AUGGAGAGAGAGAGAG,CGUGAUCACGGUGGGAGAAAAGAUGGAGAGAGAGAGAG,CGUGAUCACGGUGGGAGAAAAG,(((....)))............................,-0.6,ViennaRNA; duplex=ViennaRNA cofold,12,16,22,25,1.0,1.0,False,,-6.6,-7.3,-1.194,0.0,1.152,0.6,-6.042,45273023.29990492,2419941902.518335,-801706642.5815122,-8.904015,0.55,0.6083,0.0437
g10_child_60,CAUGAUCAGGGU,UGGGA,GGA,AUGGAGAGAGAGAGAG,CAUGAUCAGGGUUGGGAGGAAUGGAGAGAGAGAGAG,CAUGAUCAGGGUUGGGAGGA,(((..((........))...))).............,-1.0,ViennaRNA; duplex=ViennaRNA cofold,12,17,20,23,0.6,0.75,False,,-10.7,-10.2,-1.194,0.0,1.728,1.0,-9.166,7200704440.995962,33098507350.628696,-4383773131.724081,-9.641848,0.8917,0.85,0.0173
g10_child_50,CAUGAUCAGGGU,UGGA,GGA,AUGGAGAGAGAGAGAG,CAUGAUCAGGGUUGGAGGAAUGGAGAGAGAGAGAG,CAUGAUCAGGGUUGGAGGA,(((..((.......))...))).............,-0.5,ViennaRNA; duplex=ViennaRNA cofold,12,16,19,22,0.5,0.75,False,,-8.0,-9.3,-1.194,0.0,2.4,0.5,-6.294,68144002.81821671,17295054530.902897,-5985125082.997797,-9.777073,0.6667,0.775,0.0125
g1_child_64,CGUGAUCACGGU,GCGG,AGGGA,AUGGAGAGAGAGAGAG,CGUGAUCACGGUGCGGAGGGAAUGGAGAGAGAGAGAG,CGUGAUCACGGUGCGGAGGGA,(.(..((.(.((.(.....).)).).))..).)....,-0.9,ViennaRNA; duplex=ViennaRNA cofold,12,16,21,24,0.75,0.5,False,,-9.0,-10.0,-1.194,0.0,0.288,0.9,-9.006,5554180888.060381,39953629317.20181,-8429589372.960253,-9.925806,0.75,0.8333,0.0072
g11_child_27,AAUGAUCAGGGU,UGGA,GGA,AUGGAGAGAGAGAGAG,AAUGAUCAGGGUUGGAGGAAUGGAGAGAGAGAGAG,AAUGAUCAGGGUUGGAGGA,...................................,0.0,ViennaRNA; duplex=ViennaRNA cofold,12,16,19,22,1.0,1.0,False,,-8.3,-9.3,-1.194,0.0,2.4,0.0,-7.094,249575102.9524382,38929637799.23615,-13375798126.780214,-10.12632,0.6917,0.775,0.0
