id,wtLeakage,binding,access,rbs,spacer,fitness
0,724803.8602353946,893446038873131.2,0.2,AGUGGAGGAA,UAAAAUA,1.0
1,286498.74610933976,893446038873131.2,0.1818,AGUGGAGGAAU,AAAUUA,1.0
2,441623.9474607201,241847544307580.0,0.2222,GUGGAGGAA,UAAAUAAA,1.0
3,445456.8512267224,207406847858202.84,0.1818,AGUGGAGGAAU,UAAAAUA,1.0
4,5080201.344037243,205622229469100.66,0.2222,GUGGAGGAA,UAAAUAU,1.0
5,7709.275626601835,205622229469100.66,0.2222,GUGGAGGAA,UAAUAAA,1.0
6,378733.7644620993,205622229469100.66,0.2222,GUGGAGGAA,UAAAUAU,1.0
7,103409.49240348506,127470073544819.64,0.1818,AGUGGAGGAAU,AUAAAAUA,1.0
8,1169183.4549184197,66607289859371.34,0.1,AGUGGAGGAU,UAAAAUA,1.0
9,1387099.5883430028,66607289859371.34,0.2,AGUGGAGGAU,AAAAUA,1.0
10,1375164.3824496847,66607289859371.34,0.1,AGUGGAGGAU,UAAAAUA,1.0
11,396338.2268773301,66607289859371.34,0.3,AGUGGAGGAU,UAAAACA,1.0
12,1179330.9292419297,66607289859371.34,0.2,AGUGGAGGAU,AAAAUA,1.0
13,1179330.9292419297,66034171876243.99,0.1818,UAGUGGAGGAU,AAAAAA,1.0
14,84424.96061601248,56630467259821.16,0.0909,UAGUGGAGGAU,UAAAUA,1.0
15,99298.53038927799,56630467259821.16,0.1,AGUGGAGGAU,UAAAUA,1.0
16,84424.96061601248,56630467259821.16,0.1,AGUGGAGGAU,UAAAUA,1.0
17,84424.96061601248,56630467259821.16,0.1,AGUGGAGGAU,UAAAUA,1.0
18,84424.96061601248,56630467259821.16,0.0909,UAGUGGAGGAU,UAAAUA,1.0
19,1002683.9662435699,56630467259821.16,0.3636,UAGUGGAGGAU,UUAAAAUA,1.0
20,84424.96061601248,56630467259821.16,0.0909,UAGUGGAGGAU,UAAAUA,1.0
21,1002683.9662435699,56630467259821.16,0.3636,UAGUGGAGGAU,UUAAAAUA,1.0
22,1179331.841749119,56630467259821.16,0.3636,AGUGGAGGAUU,UAAAAUA,1.0
23,1002683.9662435699,56143194181333.305,0.0909,UAGUGGAGGAU,UAAAAA,1.0
24,1002683.9662435699,56143194181333.305,0.0909,UAGUGGAGGAU,UAAAAA,1.0
25,1002683.9662435699,56143194181333.305,0.0909,UAGUGGAGGAU,UAAAAA,1.0
26,84424.96061601248,56143194181333.305,0.1818,UAGUGGAGGAU,AAAAA,1.0
27,1002683.9662435699,56143194181333.305,0.0909,UAGUGGAGGAU,UAAAAA,1.0
28,1179331.841749119,56143194181333.305,0.1,AGUGGAGGAU,UAAAAA,1.0
29,131479.57731881738,48147993221388.24,0.1818,UAGUGGAGGAU,AAAA,1.0
30,84424.96061601248,48147993221388.24,0.3,AGUGGAGGAU,UUAAAUA,1.0
31,131479.57731881738,47733707025013.625,0.0909,UAGUGGAGGAU,UAAAA,1.0
32,852495.5407553645,47733707025013.625,0.0909,UAGUGGAGGAU,UAAAAA,1.0
33,131479.57731881738,47733707025013.625,0.0909,UAGUGGAGGAU,UAAAA,1.0
34,852495.5407553645,47733707025013.625,0.0909,UAGUGGAGGAU,UAAAAA,1.0
35,131479.57731881738,47733707025013.625,0.0909,UAGUGGAGGAU,UAAAA,1.0
36,71779.24937129662,47733707025013.625,0.4167,UAGUGGAGGAUU,UAAAAA,1.0
37,71779.24937129662,47733707025013.625,0.1818,UAGUGGAGGAU,AAAAA,1.0
38,131479.57731881738,47733707025013.625,0.0909,UAGUGGAGGAU,UAAAA,1.0
39,396338.2268773301,41741044187773.06,0.1,AGUGGAGGAU,UAAAUUA,1.0
40,1169183.4549184197,41741044187773.06,0.3636,UAGUGGAGGAU,UUAAAAUUA,1.0
41,71779.30491048371,40936110139096.0,0.3,AGUGGAGGAU,AAAUA,1.0
42,61027.740958054295,40936110139096.0,0.3,AGUGGAGGAU,UAAUA,1.0
43,454215.5974433114,40936110139096.0,0.3,AGUGGAGGAU,AAUA,1.0
44,724803.8602353946,40936110139096.0,0.3636,UAGUGGAGGAU,UUAAUA,1.0
45,61027.740958054295,40936110139096.0,0.3636,UAGUGGAGGAU,UUAAAA,1.0
46,61027.740958054295,40936110139096.0,0.3,AGUGGAGGAU,UAAUA,1.0
47,724803.8602353946,40936110139096.0,0.2,AGUGGAGGAU,AAAAUA,1.0
48,127281.21084891152,40936078464809.36,0.2222,GUGGAGGAA,AAUAAAA,1.0
49,724803.8602353946,40583878109696.18,0.0909,UAGUGGAGGAU,UAAAAA,1.0
50,111785.81074847364,40583878109696.18,0.0909,UAGUGGAGGAU,UAAAA,1.0
51,378733.7644620993,40583846707948.83,0.2222,GUGGAGGAA,AAUAAA,1.0
52,378733.7644620993,40583846707948.83,0.2222,GUGGAGGAA,AAUAAA,1.0
53,378733.7644620993,40583846707948.83,0.2222,GUGGAGGAA,AAUAAA,1.0
54,378733.7644620993,40583846707948.83,0.2222,GUGGAGGAA,AAUAAA,1.0
55,441623.9474607201,37623647148579.375,0.2222,GUGGAGGAA,UAAUUAAA,1.0
56,1002683.9662435699,35488830745961.54,0.0909,UAGUGGAGGAU,UAAUAA,1.0
57,71430.76470308173,35488830745961.54,0.2,AGUGGAGGAU,AAUUA,1.0
58,1002683.9662435699,35488830745961.54,0.0909,UAGUGGAGGAU,UAAUAA,1.0
59,63007.491281348695,34804410484394.258,0.2222,GUGGAGGAA,UAAUAACA,1.0
60,39827.84069230751,34804410484394.258,0.2222,GUGGAGGAA,UAAUUAACA,1.0
61,39827.84069230751,34804410484394.258,0.2222,GUGGAGGAA,UAAUUAACA,1.0
62,51886.67030817316,34505001663951.85,0.1818,UAGUGGAGGAU,AAAAA,1.0
63,80805.93027017097,29591237378729.695,0.1818,UAGUGGAGGAU,AAAA,1.0
64,1099.8998573822432,29336590338951.664,0.2222,GUGGAGGAA,UAAUAAA,1.0
65,519426.65672168887,29336635737336.945,0.3636,UAGUGGAGGAU,UAACAAA,1.0
66,37506.991435215175,25158891813370.715,0.3,UAGUGGAGGA,UAAAUA,1.0
67,445456.8512267224,24942425868762.7,0.3636,UAGUGGAGGAU,UAACAA,1.0
68,445456.8512267224,24942425868762.7,0.1667,AUAGUGGAGGAU,UAAAAA,1.0
69,232765.70967251356,21206381390704.516,0.2222,GUGGGGGAA,AAUAAA,1.0
70,375474.9750459721,18186458882301.86,0.3,AGUGGAGGAU,AAAACA,1.0
71,322004.5958718382,18186458882301.86,0.3636,UAGUGGAGGAU,UAAACA,1.0
72,322004.5958718382,18186458882301.86,0.3,AGUGGAGGAU,UAAACA,1.0
73,171566.30492615118,15462386571811.19,0.1,AGUGGAGGAU,UAAAUU,1.0
74,386180.5753427531,15462374607800.375,0.2222,GUGGAGGAU,UAAUAACA,1.0
75,25950.264004034172,15329317775714.44,0.1818,UAGUGGAGGAU,AAAA,1.0
76,22939.465769261984,13757404602695.23,0.2222,GUGGAGGAA,AAUUAA,1.0
77,6024.160636442407,13404819581877.656,0.2222,GUGGAGGAA,UAAUAU,1.0
78,5180094.250863408,13146331292488.854,0.2222,GUGGAGGAU,UAAUAACA,1.0
79,519426.65672168887,13146331292488.854,0.3,AGUGGAGGAU,UAAAAUA,1.0
80,44114.77388927138,13146331292488.854,0.3636,AAGUGGAGGAU,UAAAUA,1.0
81,44114.77388927138,13146331292488.854,0.2222,GUGGAGGAU,UAAAUA,1.0
82,44114.77388927138,13146331292488.854,0.3636,AAGUGGAGGAU,UAAAUA,1.0
83,232765.58303806538,13146339398278.854,0.3636,UAGUGGAGGAU,GAAAAA,1.0
84,519426.65672168887,13146331292488.854,0.3636,AAGUGGAGGAU,UAAAAUA,1.0
85,143055.28624035523,13146319054344.86,0.0909,UAGUGGAGGAU,GAAAAA,1.0
86,523934.8189265649,13033214561695.879,0.3,AGUGGAGGAU,UAAAAA,1.0
87,19503.44568575229,13033204477255.164,0.1111,GUGGAGGAA,UAUAAC,1.0
88,28790.123295677764,13033204477255.164,0.1111,GUGGAGGAA,UAUAAG,1.0
89,7027877.155550006,13033214561695.879,0.2222,GUGGAGGAU,UAAAAA,1.0
90,201791.8473087575,13033204477255.164,0.1111,GUGGAGGAA,UAUAAA,1.0
91,3993.682477107846,12082563668075.955,0.3,GGUGGAGGAA,UAAUAACA,1.0
92,39827.84069230751,11696732441132.953,0.2222,GUGGAGGAA,UAAAUAACA,1.0
93,361911.0290847546,11177198252892.238,0.2222,GUGGAGGAU,UAAAAC,1.0
94,921549.6247378939,11177198252892.238,0.2222,GUGGAGGAU,UAAAA,1.0
95,500662.87719844695,11177198252892.238,0.2222,GUGGAGGAU,UAAAAC,1.0
96,26980.80590969126,11177198252892.238,0.2222,GUGGAGGAU,UAAAAC,1.0
97,1274859.4254483813,11177198252892.238,0.2222,GUGGAGGAU,UAAAA,1.0
98,68702.38694875216,11177198252892.238,0.3,AGUGGAGGAU,UAAAA,1.0
99,16663.03136976609,11177206901248.275,0.3636,UAGUGGAGGAU,UAAAUG,1.0
100,197900.6476469614,11177206901248.275,0.3636,UAGUGGAGGAU,UUAAUA,1.0
101,10240.919376322661,11177184199327.965,0.0909,UAGUGGAGGAU,UAAAUA,1.0
102,19503.46077654146,11081016222069.105,0.1111,GUGGAGGAA,UAUAAC,1.0
103,7027882.593369257,11081024796004.348,0.2222,GUGGAGGAU,UAAAAA,1.0
104,19503.46077654146,11081033369946.182,0.1818,UAGUGGAGGAU,AAUAAA,1.0
105,53569.867197199324,11081007648140.541,0.2222,GUGGAGGAA,UUAAUAAA,1.0
106,121627.60377153514,11081010863362.99,0.0909,UAGUGGAGGAU,UAAAAA,1.0
107,1099.8998573822432,9944728646864.053,0.2222,GUGGAGGAA,UAAUUAA,1.0
108,8194882.904382828,9689865225184.367,0.2222,GUGGAGGAU,UAAAAAAC,1.0
109,7709.269661555176,9689857727657.914,0.1111,GUGGAGGAA,UAUAAAC,1.0
110,361911.30911337765,9503013274573.102,0.2222,GUGGAGGAU,UAAAAC,1.0
111,15948.752394585008,9503001326032.436,0.1111,GUGGAGGAU,UAAAA,1.0
112,921550.3377868246,9503013274573.102,0.2222,GUGGAGGAU,UAAAA,1.0
113,7709.275626601812,8238455159443.048,0.1111,GUGGAGGAA,UAUAAAC,1.0
114,7027877.155550006,8238461533946.909,0.2222,GUGGAGGAU,UAAAAAC,1.0
115,143055.23954345338,8238451175380.622,0.1111,GUGGAGGAU,UAAAAAC,1.0
116,176078.98850421055,8238461533946.909,0.3,AGUGGAGGAU,AAAUUA,1.0
117,176078.98850421055,8238461533946.909,0.3,AGUGGAGGAU,UAAAUUA,1.0
118,10664.900540925546,8238461533946.909,0.3,AGUGGAGGAU,UAAUUA,1.0
119,5036489.090403723,8010070787904.714,0.2,GUGGAGGACA,AAUAAA,1.0
120,74751.02803689806,8010070787904.714,0.2222,GUGGAGGAA,AUAAA,1.0
121,300.31696306370844,8010070787904.714,0.1111,GUGGAGGAA,UAUUAAA,1.0
122,7027882.593369257,7004457427325.205,0.2222,GUGGAGGAU,UAAAAAC,1.0
123,3744502.191926871,7004457427325.205,0.2222,GUGGAGGAU,UAAAUAU,1.0
124,566374.4608525966,6869385505012.762,0.2222,GUGGAGGAU,AAAA,1.0
125,255.33371332850416,6810275042192.745,0.2222,GUGGAGGAA,UAAUAAA,1.0
126,7709.275626601835,6313532489418.126,0.2222,GUGGAGGAA,AAUUAAA,1.0
127,34752.88041492794,5955282058523.461,0.3636,UAGUGGAGGAU,UAAAUCA,1.0
128,4738.035550948688,5840447778051.795,0.2727,UAGUGGAGGAG,UAAAUA,1.0
129,4738.035550948688,5840447778051.795,0.2727,UAGUGGAGGAG,UAAAUA,1.0
130,1049291.144832883,5790194034682.491,0.2222,GUGGAGGAU,UAAUAAC,1.0
131,14098.344178920432,5790194034682.491,0.2222,GUGGAGGAU,AAUAAC,1.0
132,261612.35222013478,5790194034682.491,0.2,AGUGGGGGAA,UAUAAC,1.0
133,54034.80608220547,5790189554523.898,0.2222,GUGGAGGAA,AAUAAA,1.0
134,4282092.744065228,5063269610544.478,0.3,GUGGAGGAUA,AAAAAC,1.0
135,4282092.744065228,5063269610544.478,0.125,GUGGAGGA,UAAAAAAC,1.0
136,74751.02803689793,4965631950736.436,0.4167,AGUGGAGGGAAU,UAAAAUA,1.0
137,2654568.3123791823,4965629549389.685,0.2222,GUGGAGGAU,UUAAAAC,1.0
138,55097.30212986215,4922909310903.846,0.3636,UAGUGGAGGAU,UAUAAA,1.0
139,51634.668230281655,4922901692711.49,0.2,AGUGGAGGAA,UAUAAC,1.0
140,534236.6295292632,4922901692711.49,0.2,AGUGGAGGAA,UAUAAA,1.0
141,3095373.3755230648,4922905501806.186,0.2222,GUGGAGGAU,UAUAAAAC,1.0
142,39827.84069230751,4418086087746.758,0.2222,GUGGAGGAA,UUAAUAACA,1.0
143,3672294.299393518,4304863994811.584,0.3,GUGGAGGAUA,AAAAC,1.0
144,168257.87014003663,4304860663926.057,0.2,AGUGGAGGAA,UAUAA,1.0
145,3424.954526359559,4304859414844.665,0.1111,GUGGAGGAA,UAUGAAC,1.0
146,190033.02607283028,4221849023054.7725,0.2222,GUGGAGGAU,UUAAAA,1.0
147,1414373.2810429202,4185524428810.019,0.2222,GUGGAGGAU,UAUAAU,1.0
148,10191.189382115206,4185524428810.019,0.2222,GUGGAGGAU,UAUAAC,1.0
149,136701.02550769752,4185524428810.019,0.2222,GUGGAGGAU,UAUAAC,1.0
150,10191.189382115206,4185524428810.019,0.2222,GUGGAGGAU,UAUAAC,1.0
151,893.6129491677918,4185519874604.5728,0.2,AGUGGAGGAA,UAUAAC,1.0
152,232765.68715971767,3660056729989.6025,0.2222,GUGGAGGAU,UUAAAAAC,1.0
153,103409.49240348506,3660058499969.6724,0.3636,UAGUGGAGGAU,AAAUAU,1.0
154,336972.1491704144,3660052836036.445,0.2,AGUGGAGGAA,UAUAAAA,1.0
155,3272.825664835868,3660052836036.445,0.2222,GUGGAGGAA,AUUAAA,1.0
156,161568.74062077558,3589475176196.94,0.2222,GUGGAGGAU,UAAAC,1.0
157,63554.352657952666,3589478647892.3555,0.0909,UAGUGGAGGAU,UCAAAA,1.0
158,168257.92506372408,3589477389402.3843,0.2,AGUGGAGGAU,AUAAAAUA,1.0
159,136701.02550769752,3558589776448.4883,0.2222,GUGGAGGAU,UAUAAC,1.0
160,63554.352657952666,3558593218271.9316,0.0909,UAGUGGAGGAU,UAAAAA,1.0
161,58411.748668760425,3193681550993.5454,0.3,GUGGAGGAUA,AAUUAA,1.0
162,54034.81444408793,3111831499427.776,0.2222,GUGGAGGAU,UAUAAAC,1.0
163,161568.8656345726,3051822959239.6772,0.2222,GUGGAGGAU,UAAAC,1.0
164,116225.1604252662,3051822959239.6772,0.2222,GUGGAGGAU,AAAAC,1.0
165,1202520.324042244,3051822959239.6772,0.2222,GUGGAGGAU,UAUUAAAAC,1.0
166,1202520.324042244,3051822959239.6772,0.1111,GUGGAGGAU,UAAUUAACA,1.0
167,5351.214355141319,3051818236549.736,0.0909,UAGUGGGGGAU,UAAAUA,1.0
168,1631469.3720123828,3025563752132.557,0.2222,GUGGAGGAU,UAAAU,1.0
169,63554.38953932967,3025559070078.686,0.0909,UAGUGGGGGAU,UAAAAA,1.0
170,103409.49240348506,3025561411104.716,0.3,GUGGAGGGAA,AAUAAA,1.0
171,445456.8512267216,2804878104703.4585,0.2222,GUGGAGGAA,UAAAUCU,1.0
172,54034.85625352027,2645723496909.8633,0.2222,GUGGAGGAU,UAUAAAC,1.0
173,232765.61962134345,2594705388330.7256,0.3636,UAGUGGAGGAU,UUAACAUC,1.0
174,8706.970364685,2594704572722.124,0.2,AGUGGAGGAU,UAAAUA,1.0
175,3868.198706801014,2572379418874.387,0.1818,UAGUGGAGGAU,AAAAA,1.0
176,6554.530954308289,2308594735114.308,0.1111,GUGGAGGAC,AAUUAA,1.0
177,71430.6748901588,2206052732364.2983,0.2222,GUGGAGGAU,AAAAC,1.0
178,2590.8590063729544,2206052092264.73,0.1111,GUGGAGGAA,UAUAACA,1.0
179,71430.6748901588,2206052732364.2983,0.3,GUGGAGGAUA,AAAC,1.0
180,10874.604703164552,2206052092264.73,0.3333,UAGUGGAGGGAU,UAAUAACA,1.0
181,127281.21084891119,2027544616470.8665,0.1111,GUGGAGGAA,UAUAAAG,1.0
182,3272.825664835868,1962800150540.763,0.2222,GUGGAGGAA,AAUUAA,1.0
183,1918893.533782964,1912497524878.0742,0.2222,GUGGAGGAU,UAUAA,1.0
184,14626.731443240918,1875616933945.5674,0.3333,UAGUGGAGGGAU,UAACAUA,1.0
185,319233.9288032127,1875616933945.5674,0.3333,UAGUGGAGGGAU,UAACAUA,1.0
186,19503.44568575229,1859478313134.3623,0.1111,GUGGAGGAA,UAUAAC,1.0
187,397.00059947046213,1859478313134.3623,0.1111,GUGGAGGAA,UAUAAC,1.0
188,1375164.3824496823,1859479751905.5225,0.1,GUGGAGGAUC,UAAAAC,1.0
189,4107.555436132598,1859478313134.3623,0.1111,GUGGAGGAA,UAUAAA,1.0
190,74107.83780178064,1859479751905.5225,0.2222,GUGGAGGAU,UAAUAAA,1.0
191,32923.4530987717,1859479751905.5225,0.3,AGUGGAGGAU,UACAAA,1.0
192,1956625.0802313157,1668801957009.1,0.2222,GUGGAGGAU,UAUAAACA,1.0
193,24005.743967565082,1668800665774.7507,0.2222,GUGGAGGAA,AAUAAG,1.0
194,1056.1740510797488,1594676252314.5405,0.3333,UAGUGGAGGGAU,UAAAUA,1.0
195,20410.034780030714,1594676715019.6526,0.2222,GUGGAGGAU,UUAAAC,1.0
196,3849.4128384417786,1594676252314.5405,0.2222,GUGGAGGAU,AAAAC,1.0
197,1934.616466839212,1594676252314.5405,0.3333,UAGUGGAGGGAU,UAAAA,1.0
198,2021.258998099352,1594677486195.132,0.1667,GUAGUGGAGGAU,UAAAUA,1.0
199,921548.9116895134,1594676252314.5405,0.2222,GUGGAGGAU,AAAA,1.0
200,1461.095925770787,1594675018434.9033,0.0909,UAGUGGAGGAU,UAAAUA,1.0
201,54034.847891631325,1580954966860.6929,0.2222,GUGGAGGGA,AAUAAA,1.0
202,12543.787747759101,1580954966860.6929,0.3333,UAGUGGAGGGAU,UAAAAA,1.0
203,166810.16096971498,1418838987983.1985,0.3,AGUGGAGGAU,AAACAUA,1.0
204,29547.390010211482,1418839416821.5823,0.3,AGUGGAGGAU,AAAACUA,1.0
205,45941.197891058066,1382477211676.3762,0.3,AGUGGAGGAU,GAAAUA,1.0
206,1375164.3824496823,1382476141985.5984,0.2222,GUGGAGGAU,UAUUAAC,1.0
207,111785.84318381311,1355816873657.3171,0.2222,GUGGAGGAU,AAAC,1.0
208,120581.0321796817,1355817529321.7024,0.3636,UAGUGGAGGAU,UAACAUC,1.0
209,2021.2582161253308,1355817004790.165,0.0909,UAGUGGAGGAU,UAAAUA,1.0
210,2021.258998099352,1355817529321.7024,0.1,AGUGGAGGAU,UAAAUA,1.0
211,120581.12547924343,1206316387944.2703,0.3,GUGGAGGGAA,UAAUAACA,1.0
212,1718.503211242419,1152735389274.2356,0.3,AGUGGAGGAU,UAACUA,1.0
213,18159.509879090467,1152733382436.7488,0.1111,GUGGAGGAA,UAUAACA,1.0
214,120581.0321796817,1152734497346.033,0.2,GUGGAGGAUA,UAAUAACA,1.0
215,2365.8083885258316,1142815690632.94,0.2727,AUGUGGAGGAA,UAUAAC,1.0
216,243585.31769990642,1142815870246.8801,0.2222,GUGGAGGAU,UAUAAAG,1.0
217,45941.16234408825,1142815870246.8801,0.2222,GUGGAGGAU,UAAAAU,1.0
218,273772.8972689379,999341844617.7573,0.1111,GUGGAGGAA,UAUAA,1.0
219,5572.759095277848,999341844617.7573,0.1111,GUGGAGGAA,UAUAA,1.0
220,17694.09415453352,999342617858.4103,0.3636,UAGUGGAGGAU,UAAAUAU,1.0
221,15043.771062087753,980070542410.2242,0.2,GUGGAGGAGU,AAAUU,1.0
222,39059.831071012646,980070542410.2242,0.4167,UAUGUGGAGGAU,UUAAAAUA,1.0
223,39059.831071012646,980070542410.2242,0.3,UGUGGAGGAU,UUAAAAUA,1.0
224,523934.8189265639,971638342599.7386,0.2222,GUGGAGGAU,UAUAU,1.0
225,39059.831071012646,971638342599.7386,0.2222,GUGGAGGAU,UAUAU,1.0
226,2365.8091035819157,971638483563.1459,0.125,GUGGAGGA,UAAUAAA,1.0
227,15439.465185436711,872003699200.0983,0.3,AGUGGAGGAU,UACAAAUA,1.0
228,39059.83107101257,849654023509.0677,0.2222,GUGGAGGAA,UAUAC,1.0
229,32923.45787524244,833270065987.6752,0.125,GUGGAGGA,UAAUAACA,1.0
230,8664.687773750806,826100129432.0071,0.1111,GUGGAGGAA,UAUGAC,1.0
231,32923.47857329028,826100768626.9,0.2222,GUGGAGGAU,UAUAAAAC,1.0
232,2275.44493549306,826101088224.5334,0.0909,UAGUGGAGGAU,UAAAA,1.0
233,20234.40899462987,741388827315.2053,0.2,GUGGAGGAAA,UAAUAACA,1.0
234,124019.15309362348,708457984765.9667,0.3636,GUGGAGGGAGU,AAAUU,1.0
235,17694.09415453352,708457984765.9667,0.3,AGUGGAGGAU,UAAAUC,1.0
236,124019.15309362348,702362105287.6573,0.3,GUGGAGGGAG,UAAUAU,1.0
237,16663.031369766042,702362105287.6573,0.3,GUGGAGGGAG,UAAAAU,1.0
238,441623.9474607193,702362105287.6573,0.2,GUGGAGGAUA,UAAAAC,1.0
239,1051.0447523565126,702362105287.6573,0.1111,GUGGAGGAG,UAAAAC,1.0
240,103409.49240348487,651131574836.6566,0.2222,GUGGAGGAA,UAACUAU,1.0
241,2782.6030311532486,630339348751.6864,0.1111,GUGGAGGAA,UAUUAC,1.0
242,523934.8189265639,614185017251.3635,0.2222,GUGGAGGAU,UAAUAU,1.0
243,4738.036238333698,602340698344.9812,0.0833,UAGUGGAGGGAU,UUAACAUC,1.0
244,4738.036238333698,602340698344.9812,0.0833,UAGUGGAGGGAU,UUAACAUC,1.0
245,136700.91973537445,597158273396.3401,0.2222,GUGGAGGAU,UAUAAC,1.0
246,1454.0001280100655,597158273396.3401,0.2222,GUGGAGGAU,UAUAAC,1.0
247,26980.78503331146,512118573209.76135,0.5,GUGGAGGAAG,UAAU,1.0
248,397.00059947046213,512118573209.76135,0.5,GUGGAGGAAG,UAAU,1.0
249,12435.849548811788,512118721804.11,0.3333,UAGUGGAGGGAU,UAACAUA,1.0
250,161568.74062077558,512118969461.45654,0.2222,GUGGAGGAU,UAAAC,1.0
251,1718.503211242419,512118969461.45654,0.2222,GUGGAGGAU,UAAAC,1.0
252,53569.88274082535,507712623261.1202,0.2,GUGGAGGAUA,UAAAAC,1.0
253,9067.449054372039,507712868787.70374,0.0909,UAGUGGAGGAU,UAAAAA,1.0
254,121627.6390625315,507711984892.5575,0.3636,UUGUGGAGGAU,UAAAAA,1.0
255,20410.02175142349,507711984892.5575,0.3636,UUGUGGAGGAU,UAAAAA,1.0
256,10664.901985019067,435410637026.3723,0.3333,UAGUGGAGGGAU,UUAACAUC,1.0
257,30522.00525038868,431663715990.6765,0.3,GUGGAGGAAU,UAUAAC,1.0
258,30522.00525038868,431663715990.6765,0.2222,GUGGAGGAA,UUAUAAC,1.0
259,51634.70006728372,431664316146.67633,0.2,UGUGGAGGAA,UAUAAC,1.0
260,25950.24392503547,377471086290.93536,0.3,GUGGAGGGAG,UAAUU,1.0
261,14167.135823872968,377471086290.93536,0.3,GUGGAGGGAG,UAAUA,1.0
262,25950.24392503547,377471086290.93536,0.3636,GUGGAGGGAGU,AAUU,1.0
263,7709.275626601812,377471378359.1522,0.25,GUGGAGGA,UAUAAAC,1.0
264,213930.88613708311,370192508972.7115,0.2222,GUGGAGGAU,AAUU,1.0
265,103409.49240348487,370192222536.51605,0.3,GUGGAGGGAG,UAAAAUU,1.0
266,5682.328459777893,367006644276.84106,0.1111,GUGGAGGAG,UAAUAU,1.0
267,763.4693111241835,367006644276.84106,0.1111,GUGGAGGAG,UAAAAU,1.0
268,124019.09311878157,367007034737.5107,0.2222,GUGGAGGAU,AUAAU,1.0
269,24005.743967565053,367006644276.84106,0.2,GUGGAGGAGU,UAAAA,1.0
270,87163.7207347681,340237581540.9317,0.2222,GUGGAGGAU,UAAUUAAA,1.0
271,143055.19803510874,320931298043.5036,0.2,GUGGAGGGAG,UAUAU,1.0
272,89648.94616011737,320931298043.5036,0.3636,GUGGAGGGAGU,AAAUAU,1.0
273,143055.19803510874,320931298043.5036,0.2,GUGGAGGGAG,UAUAA,1.0
274,2911.946960161629,314742704326.455,0.2,GUGGAGGAAG,UAUAAG,1.0
275,29547.385723533975,312034521719.2888,0.1818,GUGGAGGGAGU,UAAAAU,1.0
276,29547.385723533975,312034521719.2888,0.2,GUGGGGGAGU,UAAAAU,1.0
277,2782.6051841920685,312034521719.2888,0.3333,UAGUGGAGGGAU,UAUAAC,1.0
278,29547.385723533975,312034521719.2888,0.2,GUGGAGGGAG,UUAAAAU,1.0
279,149.9550572195285,312034521719.2888,0.3333,UAGUGGAGGGAU,UAUAAC,1.0
280,4831.200390642584,312034521719.2888,0.1111,GUGGAGGAG,UAUAAU,1.0
281,166810.05811765147,312034521719.2888,0.2222,GUGGAGGAU,UACAAA,1.0
282,230762.9372864543,312034702796.7811,0.2222,GUGGAGGAU,AUAAAAC,1.0
283,45941.16234408825,300762347348.3705,0.2222,GUGGAGGAA,AAAUG,1.0
284,243.9921394646874,272860278386.7232,0.3,AGUGGAGGAA,AUAAC,1.0
285,74750.97019834213,267598526511.60117,0.1818,GUGGAGGGAGU,UAAUU,1.0
286,9067.454316324884,267598681802.33588,0.3333,UAGUGGAGGGAU,UUAACAUC,1.0
287,6024.160636442398,267598526511.60117,0.2,GUGGAGGGAU,UAAUU,1.0
288,707.4083165480114,267598526511.60117,0.0833,UAGUGGAGGGAU,UAUAACA,1.0
289,3272.828197184397,267598526511.60117,0.2,GUGGAGGGAU,UAAAAC,1.0
290,78.356354742606,267598474748.04263,0.3,GGUGGAGGAA,UUAUAACA,1.0
291,74750.97019834213,265295992838.0951,0.1818,GUGGAGGGAGU,UAAAU,1.0
292,5831.794431568189,265295992838.0951,0.2,GUGGAGGAGU,UAAAAU,1.0
293,39059.83107101257,265295992838.0951,0.2727,AGUGGAGGGAU,UAAAU,1.0
294,9067.449054372039,265295992838.0951,0.1818,GUGGAGGGAGU,UAAAU,1.0
295,39059.83107101257,265295992838.0951,0.2727,AGUGGAGGGAU,UAAAAU,1.0
296,386180.9488517662,265296249429.05527,0.1111,GUGGAGGAU,UCAUAAU,1.0
297,119.48149267990793,265296044156.26746,0.1111,GUGGAGGAC,UAAUAAA,1.0
298,4738.0337179224825,265296300747.27728,0.0909,UAGUGGAGGAU,UAAAAA,1.0
299,10240.91640485783,238091764183.37436,0.2,AGUGGAGGAA,UAUUAU,1.0
300,166810.05811765147,231989591459.9495,0.2222,GUGGAGGAA,UUAUAA,1.0
301,2969.205093584939,227516433675.10226,0.2,AGUGGAGGAU,ACAAUA,1.0
302,852495.540755363,227516257634.4205,0.2222,GUGGAGGAU,AACA,1.0
303,5524.805989564694,227516147609.06308,0.3333,UAGUGGAGGGAU,UAACAUC,1.0
304,2365.808302719116,225558565538.65747,0.2222,GUGGAGGAU,UAUAAC,1.0
305,534236.6295292632,225558609170.12442,0.3333,AGUGGAGGA,UAUAAA,1.0
306,34.5857242325129,225558641893.73016,0.2,GUGGAGGAUA,UAAUAAA,1.0
307,124019.15309362348,197241010057.7202,0.2222,GUGGAGGAU,UACAAAC,1.0
308,168257.87014003663,197241067288.4111,0.2,GUGGAGGAUG,AAAAC,1.0
309,4028.3506602372427,197240933750.15887,0.0,GUGGAGGAA,UAUAAAC,1.0
310,149.95497019880443,193437153662.96927,0.2,GUGGAGGAAC,UAUAACA,1.0
311,28234.934728711087,191772847863.93307,0.2727,AGUGGAGGGAU,UAACAU,1.0
312,3424.9566464059826,191772847863.93307,0.2727,AGUGGAGGGAU,UAACAU,1.0
313,32923.45309877166,167696988472.08325,0.2,GUGGAGGAAG,UAUAU,1.0
314,222426.55088424537,164463273444.49182,0.2222,GUGGAGGAU,UUUAAU,1.0
315,22063.27368205301,163048182254.9802,0.2222,GUGGAGGAU,UACAU,1.0
316,15439.465185436668,163048134945.5621,0.3,GUGGAGGGAG,UAAGAAU,1.0
317,105442.77014487362,163048008787.1815,0.2727,AGUGGAGGGAU,CAAU,1.0
318,1293.6735440240916,163048008787.1815,0.2,GUGGAGGGAU,UAACAU,1.0
319,39059.83107101257,142578480274.5424,0.2222,GUGGAGGAA,UAUAC,1.0
320,20234.408994629845,139828889513.54074,0.2727,AGUGGAGGGAU,UAACAUC,1.0
321,306.2221017852339,139828781321.0351,0.2,GUGGAGGGAU,AAUU,1.0
322,306.2221017852339,139828781321.0351,0.2,GUGGAGGGAU,AAUA,1.0
323,328335.97573062725,139828997706.1306,0.2222,GUGGAGGAU,UAACA,1.0
324,2104.9420289771415,139829078850.62744,0.0833,UAGUGGAGGGAG,UUAACAUC,1.0
325,1099.9000063154906,139828930085.75214,0.0833,UAGUGGAGGGAU,UUAACAUC,1.0
326,328335.97573062725,139828997706.1306,0.2222,GUGGAGGAU,AAACA,1.0
327,5572.754783359386,138625848421.46143,0.2222,GUGGAGGAU,UAUAU,1.0
328,4354.647157996849,134270207263.45398,0.3636,UAGUGGAGGAU,UACAA,1.0
329,10191.181496689516,121222162449.7366,0.2222,GUGGAGGAA,AUAAC,1.0
330,1824.8400169638503,118884549482.73053,0.3333,UAGUGGAGGGAU,UAAAUC,1.0
331,221.35701843261762,117861763498.46234,0.2,GUGGAGGGAU,AAUU,1.0
332,411.8793373564056,117861398717.0568,0.2,GUGGAGGGAU,AAU,1.0
333,260.35419438355024,117861398717.0568,0.2,GUGGAGGGAU,AAA,1.0
334,4738.0337179224825,117861535509.95177,0.3,UGUGGAGGAU,AAAAAA,1.0
335,64804.07085759023,103064890163.81102,0.1111,GUGGAGGAU,UGAAAAAC,1.0
336,28234.934728711087,101077309224.30045,0.3333,UAGUGGAGGGAU,UUAACUC,1.0
337,1508.493834953658,101077289672.17067,0.1,GGUGGAGGAC,UAAUAACA,1.0
338,150.68677903516405,101077485193.64105,0.3636,UAGUGGAGGAU,UAAUA,1.0
339,935.1512512646567,100207765867.8163,0.2,GUGGAGGGAU,UAACAU,1.0
340,488.6467900108815,100207765867.8163,0.2,GUGGAGGGAU,UAACAU,1.0
341,144.2274227617275,100207642295.34048,0.3,AGUGGAGGAA,GUAUAAC,1.0
342,149.95505721952827,100207673794.19235,0.1111,GUGGAGGAG,UAUAAC,1.0
343,124019.05713389031,100207596258.5747,0.3636,GUGGAGGGAGU,AAUAU,1.0
344,124019.05713389031,100207596258.5747,0.3,GUGGAGGGAG,UAAUAU,1.0
345,89648.94616011737,89932015642.39153,0.2222,GUGGAGGAU,UAUAUU,1.0
346,44114.739755495735,87627170904.36359,0.2222,GUGGAGGAU,AAUCA,1.0
347,74750.97019834213,87627170904.36359,0.7778,GUGGAGGAU,UAAUUU,1.0
348,66.6197025816484,85937369060.0957,0.2727,AGUGGAGGAAG,UAAU,1.0
349,7085.461820930798,85937435554.12679,0.2222,GUGGAGGAU,UAAAA,1.0
350,33209.22513603678,85197860777.89673,0.2727,AGUGGAGGGAU,UAACAC,1.0
351,197900.61654333677,85197913309.35579,0.3636,GUGGAGGGAGU,UUAUAU,1.0
352,1521.5865164492243,85197860777.89673,0.2727,AGUGGAGGGAU,UAACAC,1.0
353,10191.181496689516,85197926699.73305,0.2,GUGGAGGGAG,UAUAAC,1.0
354,3424.9566464059826,85197992621.62067,0.3333,GUGGAGGAU,UAAAU,1.0
355,2104.9414182154587,74501949005.00316,0.3636,UAGUGGAGGAU,UAUAC,1.0
356,1521.5859277858574,73065204394.61865,0.1,AGUGGAGGAC,UAAAAUA,1.0
357,8664.687773750806,73065176127.53761,0.3,GUGGAGGGAG,UAAA,1.0
358,144.22735650167058,73065119593.40858,0.5,GUGGAGGAAG,AAAU,1.0
359,9801.917948952301,72436435645.04907,0.2,GUGGAGGAAA,UAUAAC,1.0
360,12045.098486066501,72436477680.80861,0.1111,GUGGAGGAC,UAAAAC,1.0
361,4738.03261810709,62121054215.83111,0.5,GUGGGGGAAG,UAAU,1.0
362,92.16076096714438,62121072240.63666,0.3333,UAGUGGAGGGAU,UAAUC,1.0
363,12435.849548811788,62121120306.810135,0.3333,CAGUGGAGGGAU,UAACAUA,1.0
364,360.1705800315129,62121114298.536385,0.3333,UAGUGGAGGGAU,AAAUC,1.0
365,267.2024596587228,61586537748.08297,0.2,GUGGAGGAAG,AAU,1.0
366,6024.160636442398,61586537748.08297,0.2222,GUGGAGGAU,GUAUAAC,1.0
367,25950.243925035433,53854698590.678925,0.3,GUGGAGGGAG,UAAUU,1.0
368,168257.82131899628,53854698590.678925,0.3,GUGGAGGGAA,UAUAU,1.0
369,168257.82131899628,53854698590.678925,0.3,GUGGAGGGAA,UAUAA,1.0
370,707.4083165480114,52816205768.808044,0.2222,GUGGAGGAU,UAUCAUC,1.0
371,20410.009907242245,52361711734.05298,0.2727,AGUGGAGGGAU,AAAU,1.0
372,143055.19803510874,45788032387.53729,0.2,GUGGAGGGAG,UAUAU,1.0
373,143055.19803510874,45788032387.53729,0.2,GUGGAGGGAG,UAUAA,1.0
374,132.27206430041076,44905034526.61839,0.3,GGUGGAGGGA,UAAUAACA,1.0
375,10191.181496689516,44518708127.29452,0.125,GUGGAGGA,UAUAAC,1.0
376,12435.855562709265,38178918894.68969,0.2,GUGGAGGGAG,UACAUC,1.0
377,62.029062177804114,38178918894.68969,0.3,GUGGAGGAAU,UAUCAUC,1.0
378,978.6187305121713,38178929972.53757,0.3333,UAGUGGAGGGAU,UAUCAUC,1.0
379,511.3602018032257,38178948435.62439,0.2222,GUGGAGGAU,UAUAACC,1.0
380,19598.64138253898,38178918894.68969,0.2,AGUGGAGGUU,UAAAUA,1.0
381,19598.64138253898,38178918894.68969,0.1818,UAGUGGAGGUU,UAAAUA,1.0
382,45545.882297360324,33969105719.765533,0.3333,UAGUGGAGGGAU,UAACACA,1.0
383,184.57162740649932,33969118861.559135,0.2222,GUGGAGGAA,UAAUACA,1.0
384,6859.210976963879,32460286163.314457,0.2222,GUGGAGGAU,UAUAACC,1.0
385,361910.7490563484,32460266070.413868,0.2222,GUGGAGGAU,UUUAAC,1.0
386,17352.88638279278,32180968233.4962,0.125,GUGGAGGA,UAUAU,1.0
387,3147.8194815499046,32180965120.994923,0.2222,GUGGAGGAU,UUAUAAC,1.0
388,28234.9390980653,31169829220.917324,0.2222,GUGGAGGAU,UAUUAAA,1.0
389,2590.8590063729544,29833691910.677845,0.2222,GUGGAGGAU,UAUAACG,1.0
390,33209.19944042201,28140844510.120773,0.1111,GUGGGGGAG,UAUAA,1.0
391,24005.743967565053,28140844510.120773,0.2222,GUGGAGGAU,UAUCU,1.0
392,166810.05811765147,28140844510.120773,0.2,GUGGGGGAAG,UAUAU,1.0
393,41.143520276958924,27598197985.492317,0.1,AGUGGAGGAU,UAAAUA,1.0
394,150.6868664805658,27598176631.405888,0.3333,UUGUGGAGGGAU,UAAAUA,1.0
395,81.2929999475363,27360709961.280563,0.1111,UGGAGGGAU,AAU,1.0
396,54034.77211207069,27360692760.38592,0.1818,GUGGAGGGAGU,UAUAU,1.0
397,53569.86719719925,27360709961.280563,0.2,GUGGAGGGAG,UAU,1.0
398,56546.51845834694,27360688790.95033,0.1,UAGUGGAGGU,UAAAAA,1.0
399,14753.667070105595,23925728610.025936,0.2,GUGGAGGGAU,UAUAC,1.0
400,39059.83107101257,23925728610.025936,0.2,GUGGAGGGAU,UAUAC,1.0
401,32923.45309877166,23925728610.025936,0.2,GUGGAGGAAG,UAUAU,1.0
402,23799.211162969947,23925751750.69087,0.2222,GUGGAGGAU,UUAUAAAC,1.0
403,2454.4742396528427,23464363156.875988,0.3,AGUGGAGGAU,AUAUA,1.0
404,143055.30872405402,23464345001.341373,0.1,UAGUGGAGGU,UAAAA,1.0
405,27.557286515821882,23262411611.17381,0.2,GUGGAGGGAU,AACAU,1.0
406,10874.599444277661,20342001404.320415,0.2,GUGGAGGAUA,CAAAC,1.0
407,103409.41239046225,20342011241.58244,0.3,GGUGGAGGAU,UAUAC,1.0
408,215.2205110396343,20341985664.71099,0.1111,UGGAGGGAU,UAU,1.0
409,118.70853790380578,19949717445.83723,0.2727,AGUGGAGGGAU,UAUCAUC,1.0
410,7709.274433592122,19949736017.38678,0.2727,AGUGGAGGGAU,AACA,1.0
411,4831.200390642584,19949736017.38678,0.2,GUGGAGGGAU,AAUU,1.0
412,288.3778336135621,19949736017.38678,0.1,AGUGGAGGGU,UAAAUA,1.0
413,1242.2436213893252,19949705145.210052,0.2727,AGUGGAGGGAU,UAACUC,1.0
414,76220.8708587015,19949720581.292427,0.1111,AGUGGAGGU,UAAUUAACA,1.0
415,2796.1805007719377,19949705145.210052,0.25,UAGUGGGAGGAU,UAAAUA,1.0
416,39.3799080150062,19778079844.401096,0.2,GUGGAGGAAG,UAU,1.0
417,74751.02803689806,19778079844.401165,0.125,UGGAGGAA,AAUAAA,1.0
418,1151.0265784692267,19778079844.401096,0.0909,UAGUGGAGGGU,UAAAAA,1.0
419,484.4421910152908,17749977570.098103,0.2,GUGGAGGGAU,UAU,1.0
420,32923.45309877166,16961536801.853657,0.2,GUGGAGGGAG,AAAC,1.0
421,369.6434509140885,16961536801.853657,0.3333,UAGUGGAGGGAU,AAAACC,1.0
422,670.1703292561467,16815605400.778816,0.2222,GUGGAGGAU,AAU,1.0
423,31734.131721904752,16815582631.425322,0.2,GUGGAGUGAG,UAUAAC,1.0
424,54034.80608220547,16815579378.663061,0.2222,CUGGAGGAA,AAUAAA,1.0
425,3122238.4681803924,16815605400.778875,0.1111,GUGGAGGUA,AAUAAA,1.0
426,193.15096355892948,14420951517.156237,0.2222,GUGGAGGAU,UAUCAUC,1.0
427,193.15096355892948,14420951517.156237,0.2222,GUGGAGGAU,UAUCAUC,1.0
428,2086.828984668232,14420929200.762506,0.2727,AGUGGAGGGAU,UACAUC,1.0
429,6683.412833456462,14420929200.762506,0.3,GUGGAGGGAA,AAUC,1.0
430,893.6125386297409,14420929200.762506,0.2727,AGUGGAGGGAU,UAAUC,1.0
431,15439.465185436668,14420940358.955044,0.1111,GUGGAGGGU,UAAAAC,1.0
432,66508.55145187268,14420951517.156237,0.2222,GUGGAGGUU,UAAAA,1.0
433,498.254584969343,13254046474.959427,0.2,GUGGAGGGAU,UAAA,1.0
434,14167.135823872968,12260881460.01591,0.3636,GUGGAGGGAGU,UAAU,1.0
435,2086.828984668232,12260870075.798634,0.2,GUGGAGGGAU,UACAUC,1.0
436,1002683.1904175482,12260879562.645636,0.1111,AGUGGAGGU,AAAUA,1.0
437,3702.383084939716,12155391047.430952,0.3,GUGGAGGGAG,AAC,1.0
438,32923.45309877166,12155391047.430952,0.2,GUGGAGGGAU,AAU,1.0
439,415.4542450443463,12155381642.205656,0.25,UAGUAGGAGGAU,UAAAAA,1.0
440,423.6231656344284,10908914586.639435,0.2,GUGGAGGGAG,UACAUA,1.0
441,415.4540843155985,10629350910.891378,0.1111,GUGGAGGAG,UAUAU,1.0
442,182.98343563049792,10424371294.182953,0.2727,AGUGGAGGGAU,UACAUC,1.0
443,102519.7916477596,10424374570.9363,0.1818,AGUGGAAGGAU,UAAAAUA,1.0
444,1918893.2321945447,10424380998.417019,0.125,GUGGAGGU,AAAAC,1.0
445,6024.16063644239,10334694728.12861,0.2,GUGGAGGAUG,UAUAAC,1.0
446,41.14355211175365,10334686731.665815,0.1,GUGGAGGACU,UAAAAA,1.0
447,649.1128675096614,9961346655.302713,0.1111,GUGGAGGAC,UAAAC,1.0
448,105442.77014487362,9961340874.613361,0.2727,AGUGGAGGGAU,CAAA,1.0
449,1551.50670064997,9037224235.017569,0.2727,AGUGGAGGGAU,UACAUAC,1.0
450,469.22052115744293,9037224235.017569,0.2,GUGGAGGGAG,UCAUC,1.0
451,5572.759095277841,8862958707.121372,0.2222,GUGGAGGAU,UAAACC,1.0
452,13.212943369650015,8862961278.763294,0.6,AGUGGAGGAU,AAAUA,1.0
453,415.4540039512488,8862950134.987068,0.1111,GUGGAGGAC,UAUCAUC,1.0
454,4549.675200726116,8862944991.710453,0.25,UAGUGGAAGGAU,UAAAUA,1.0
455,1169183.4549184197,8862958707.121372,0.25,GUGGAGAA,UAAUAACA,1.0
456,52.737992826821426,8786684372.655975,0.2727,GUGGAGGGAGU,UAAAAU,1.0
457,18159.516904548567,8786692871.027021,0.1818,UAGUGGAGGUU,UAUAAC,1.0
458,54034.80608220547,8786684372.65599,0.25,UAGUGGAAGGAU,UAAAAA,1.0
459,445456.8512267216,7535407995.029723,0.2727,UAGUGGAGAAU,UAAAUA,1.0
460,445456.8512267216,7535407995.029723,0.2727,UAGUGGAGAAU,UAAAA,1.0
461,5869.769865198805,7470575859.874103,0.25,GUGGAGAA,UAAUAAA,1.0
462,261612.35222013478,7470570079.521246,0.2222,AGUGGGGAA,UAUAAC,1.0
463,168257.82131899628,7235838252.728076,0.3,GUGGAGGGAG,UUUAU,1.0
464,39059.83107101257,6532692650.744865,0.2222,GUGGAGGAU,UAUAC,1.0
465,168257.82131899628,6532682541.416019,0.2,GUGGGGGAUG,UAUAU,1.0
466,12435.836318247577,6406706330.012947,0.2,GUGGAGGGAG,UACAUC,1.0
467,569.7879256789032,6406706330.012947,0.2,GUGGAGGGAG,UACAUC,1.0
468,215.22028206542714,6406706330.012947,0.2,GUGGAGGGAG,UACAUC,1.0
469,10191.181496689516,6406712278.639465,0.2222,GUGGAGGAU,UACAAC,1.0
470,551.885119177206,6406706330.012947,0.3,UAUGGAGGAU,UAAAUA,1.0
471,27112.477385139104,6406706330.012947,0.3636,UAAUGGAGGAU,UAAAUA,1.0
472,27112.477385139104,6406706330.012947,0.3,UAUGGAGGAU,UAAAUA,1.0
473,2454.472340505109,6351580252.700721,0.2,GUGGAGGGAU,AAU,1.0
474,1551.5033430675596,6351580252.700721,0.2,GUGGAGGGAU,AAA,1.0
475,19503.44568575229,6351585167.2353325,0.0,UGGAGGAA,UAUAAC,1.0
476,795.0781929460616,6351580252.700732,0.3,UAUGGAGGAU,UAAAAA,1.0
477,2475.77785465209,6351580252.700732,0.3,UAUGGAGGAU,UAAAAA,1.0
478,4990.562007186327,6351590081.7737255,0.2222,GUGGAGAAA,UAAUAAA,1.0
479,378733.4714171128,6351580252.700732,0.2727,UAGUGGAGAAU,UAAAAA,1.0
480,6967406.255299328,6351580252.700732,0.125,UGGAGGAU,UAAUAAA,1.0
481,3147.817350379555,6152009847.151847,0.1111,GUGGAGGAA,UACAA,1.0
482,20410.029647548112,5888304083.506265,0.2222,GUGGAGGAU,UUAU,1.0
483,189110.3703574452,5700275008.491779,0.1111,GUGGAGGUA,AAUUAA,1.0
484,8989.421838185826,5554175516.131425,0.2,GUGGAGGGAU,UAAC,1.0
485,69.7163908209725,5447077257.744563,0.2,GUGGAGGAAG,UAUU,1.0
486,5524.800111695224,5447068828.403374,0.2727,AGUGGAGGGAU,UACAUC,1.0
487,5524.800111695224,5447068828.403374,0.2727,AGUGGAGGGAU,UACAUU,1.0
488,7642.9404959092935,5447077257.744563,0.2727,AGUGGGGGGAU,UACAUC,1.0
489,361911.0290847546,5447073043.072338,0.125,UGGAGGAU,UAAAAC,1.0
490,36.11561870138024,5400208244.7808485,0.1111,UGGAGGGAU,AAU,1.0
491,14098.344178920415,5400204066.373497,0.1111,CUGGAGGAA,UAUAAC,1.0
492,763.4701972258125,5400204066.373497,0.3636,UAAUGGAGGAU,AAAAA,1.0
493,245.18294468054128,5205126980.569945,0.3636,GUGGAGGGAGU,UAAU,1.0
494,40.94373886212823,5205126980.569945,0.3333,UAGUGGAGGGAU,UACAAC,1.0
495,22063.2808840718,5006318308.536392,0.2222,GUGGAGGAU,AACU,1.0
496,87920.22444201495,4722242846.954407,0.2,GUGGAAGGAG,UAUAU,1.0
497,19.409663859812284,4631186310.638663,0.2727,AGUGGAGGGAU,AAUC,1.0
498,3868.2016998193803,4631179143.887087,0.1818,AGUGGGAGGAU,AAAUA,1.0
499,261612.35222013478,4631179143.887087,0.2222,CUGGAGGAU,UAAAAC,1.0
500,307701.9156135024,4631179143.887087,0.2222,CUGGAGGAU,UAAAAC,1.0
501,30.705980401778334,4591329028.607371,0.2,GUGGAGGGAU,AAU,1.0
502,1454.0001280100635,4120521988.6348095,0.2,GUGGAGGGAG,UAUUAA,1.0
503,2021.2589980993462,4120521988.6348095,0.2,GUGGAGGGAG,UAUUAU,1.0
504,23799.206559312825,4014918179.4063196,0.1111,GUGGAGGGU,UAAAAAAC,1.0
505,16.502352130142338,3903612724.2833295,0.2,GUGGAGGGAU,AAA,1.0
506,1454.0001280100655,3903611591.6264563,0.1111,CUGGAGGAA,UAUAAC,1.0
507,273772.93963527505,3413538023.615012,0.25,GUGAGGAA,UAUAAAC,1.0
508,5975201.333122908,3413538023.615012,0.2222,UGGAGGAUA,AAAAC,1.0
509,1151.0265784692251,3347713966.8943415,0.2,GUGGAGGGAU,UAUCAUC,1.0
510,33209.22513603684,3347711376.602996,0.1818,AGUAGGAGGAU,AAAAUA,1.0
511,262889.19113783416,3347715504.8807764,0.2,AGUUGAGGAU,UAAAUA,1.0
512,68144031.81774025,3318911353.3520875,0.5,UAGUGAGGAU,UAAAAA,1.0
513,3424.9523400630687,3076824963.6549873,0.1111,UGGAGGGAU,UAUAC,1.0
514,914060752.8911387,3347716557.1876903,0.1,UAGUGAGGAU,AAAAUA,1.0
515,39059.83107101257,2902243175.519037,0.3,GUGGGGGGAG,UAUAU,1.0
516,273773.0455511472,2902237561.5007114,0.25,GUGAGGAA,UAUAAAC,1.0
517,8935569.200319992,2846275234.1743827,0.5,UAGUGAGGAU,UAAAA,1.0
518,66.6195994877914,2821781373.7280755,0.3,AGUGGAGGGA,UAUAAC,1.0
519,984.9917686871436,2821781373.7280803,0.2222,GUGGAAGAA,UAAUAAA,1.0
520,51634.70818260109,2821783557.0811377,0.1,GUGGGAGGAU,UAUAAC,1.0
521,724803.7463195106,2821783113.587412,0.1,GUGGGAGGAU,UAAAU,1.0
522,28790.123295677724,2467524697.951848,0.3,GUGGAGAGAG,UAAUAU,1.0
523,4354.646473586195,2224127581.072936,0.2222,GUGGAGGAU,AACU,1.0
524,3492.296776630686,2224126209.7169633,0.2,GUGGAGGGAU,AAG,1.0
525,2454.472340505109,2153104412.0018945,0.2222,GUGGAGGGA,UUC,1.0
526,20410.02885793547,2097924670.3354924,0.1,GUGGGAGGAU,UAUAAAC,1.0
527,1002683.1904175482,2097923047.0677395,0.1111,CUGGAGGAA,UAUAA,1.0
528,27.55729717704372,2057470691.3784976,0.1111,GUGGAGGAU,UAUCAUC,1.0
529,2086.828984668232,2057468303.4291925,0.2,GUGGAGGGAU,UACAUC,1.0
530,9067.449054372039,2039764954.638108,0.3333,GGGGAGGAA,AAUAAA,1.0
531,3122236.0523505546,1783684078.4459321,0.2222,GUAGAGGAA,UAAAUAU,1.0
532,11.698922843054609,1749288032.8173423,0.2,GUGGAGGGAU,AACA,1.0
533,87163.76288658705,1749288371.195106,0.1111,GUGGGGGAU,UACAUC,1.0
534,190033.11797158894,1749287525.2508225,0.2222,AUGGAGGAU,UAAAC,1.0
535,953.5384212857429,1556402265.663751,0.2,GUGGAGGGAG,UAUAUC,1.0
536,1551.5033430675596,1516512454.7549849,0.2,GUGGAGGGAU,UACAUCA,1.0
537,26.10667547739786,1487269476.0343516,0.2727,AGUGGAGGGAU,UACAUC,1.0
538,411.8793373564056,1487270339.1152265,0.2,GUGGAGGGAG,AUAU,1.0
539,58.76379432464251,1487271202.1966023,0.2222,GUGGAGGAU,UUACAUC,1.0
540,22939.44801986631,1474473220.6779182,0.1,GUGGAAGGAU,UAUAAC,1.0
541,71430.72325094948,1474472365.0233676,0.4,AGUUGAGGAA,UAUAAC,1.0
542,1631469.3720123828,1474472079.8052928,0.2222,AUGGAGGAU,UAAAU,1.0
543,1293.6735440240916,1323276415.1345162,0.2222,UGGAGGGAA,AUAUC,1.0
544,33209.23155994359,1323275647.221289,0.2,GUGGAGGGAG,CUAUAA,1.0
545,39059.806892997054,1289361503.0682335,0.2222,CUGGAGGAU,UAUAAAC,1.0
546,2167227.0281193196,1264498931.0938375,0.4444,AGUGAGGAU,UAAAUA,1.0
547,1179330.9292419278,1253618149.3854282,0.2222,CUGGAGGAU,UAAAU,1.0
548,12435.836318247577,1214227434.3748043,0.2222,GUGGAGGAA,GAUAA,1.0
549,730.7430572627397,1162180249.0528913,0.2222,GUGGAGGAU,UACU,1.0
550,616238.9532995953,1125068293.3261006,0.125,GUGGAGGU,AACA,1.0
551,34.98080739987184,1065844019.7008039,0.2,GUGGAGGGAU,AAC,1.0
552,20410.02569948542,1065844019.7008058,0.3636,UAGUAGAGGAU,UAAAAA,1.0
553,60731.407334911426,1065844019.7008058,0.2222,AGUGGAGAA,UAUAAC,1.0
554,136.04338628857715,988100230.4475595,0.2,GUGGAGGGAU,AAG,1.0
555,1508.4959869737452,956548949.3886548,0.2727,AGUGGAGGGAU,AUACAUC,1.0
556,649.1132441978858,914060399.2641356,0.2,GUGGAGGGAU,UUCAUC,1.0
557,9801.92742924452,873458484.113699,0.2222,GUGGAGGAA,UCUAA,1.0
558,7642.9404959092935,777147481.1447563,0.2,GUGGGGGGAU,UACAUC,1.0
559,89649.01552598059,777147481.1447563,0.3,GUGGAGGGAA,UAUC,1.0
560,2911.947382621243,770460083.1097119,0.2,GUGGAGGGAG,UCAUAU,1.0
561,724804.307136338,770460446.3845513,0.1111,GUGGAGGUA,UAAAUAU,1.0
562,4028.3422445222955,691454212.7387468,0.3,GUGGAGGGAA,AUAUC,1.0
563,4028.3422445222955,691454212.7387468,0.3,GUGGAGGGAA,UUAUC,1.0
564,935.1506724065088,673733206.4638526,0.0,UUGGAGGAA,UAUAAAC,1.0
565,149.95482516437625,655056049.7760627,0.2222,GUGGAGGAU,GAUAAC,1.0
566,87920.22444201495,655056049.776065,0.1,UAGUGGGGAU,UAAAAA,1.0
567,2146.3306346899103,607276508.9569111,0.2727,AGUGGAGGGAU,UUC,1.0
568,133.42013290124,572817492.4363045,0.2,GUGGAGGGAU,AUAC,1.0
569,25.286376075597406,561771717.9782875,0.5,ACUGGAGGAU,UAAAUA,1.0
570,519427.0586280129,561772152.6490984,0.3,AGUGGAAGAU,AAAUA,1.0
571,2156704.4148397273,561771717.9782875,0.375,GUGAGGAU,UAAAAC,1.0
572,143055.30872405425,556937559.7687247,0.2222,GUAGAGGAA,AAUAAA,1.0
573,30273971.52579017,556937990.6991062,0.375,GUGAGGAU,UAAAAA,1.0
574,37.14534559686864,499827840.1323876,0.2222,GUGGAGGAU,UAUCUC,1.0
575,484.4414413419662,477625583.00248456,0.2,GUGGAGGGAU,UACAUC,1.0
576,12790.428591142316,477625952.5652319,0.0909,UAGUGGAGUAU,UAAAUA,1.0
577,52.73798262532225,438978410.1160157,0.2222,GUGGAGGAU,UAUCUUC,1.0
578,2969.202796164565,424960836.4379595,0.2222,GUGGAGGAU,ACA,1.0
579,92006.96935879388,414069302.9423359,0.0833,UAGUGGAGGUAU,AAAA,1.0
580,2.769219472902867,406084510.7868709,0.2,GUGGAGGGAU,CAUC,1.0
581,22939.45467588807,406084510.7868709,0.1111,UUGGAGGAU,UAAAAC,1.0
582,43900.53093077898,406084707.16674876,0.4444,UGGAGGAAG,UAAU,1.0
583,89649.04153819315,406084510.7868709,0.2,GUGGAGGGAU,CAUC,1.0
584,143055.1755514271,406084643.34327817,0.1,GUGGAGGUAU,UAAAAC,1.0
585,140.53112077585817,402590266.88415,0.2222,GUGGAAGAA,UAAUAAA,1.0
586,3702.3841592089107,388046899.9192245,0.2,GUGGAGGGAU,UUAC,1.0
587,286.97732954678304,373225484.89860666,0.5,GUGGAGGGAG,AGAC,1.0
588,360.17068453721856,361307376.140986,0.1111,GUGGAGGAG,UACAUC,1.0
589,42.84690298313298,352047351.1154917,0.1111,GUGGAGGGU,UAUAAAC,1.0
590,160.01083363341706,345259006.3711335,0.3,GUGGAGGGAA,UAUC,1.0
591,20234.40508053875,345258672.44127154,0.1,GUGGAGGGUU,UACAUC,1.0
592,1126947.8470873295,345258739.22721773,0.2222,GUGAAGGAU,UAAAAC,1.0
593,10191.189382115192,342288248.27835304,0.125,GUGGAGAU,UAUAAC,1.0
594,58411.703472710484,342288248.27835304,0.3333,GGGAGGAAU,UAUAAC,1.0
595,66508.55145187268,342288248.27835304,0.2222,UGGAGGGAG,UAAUAU,1.0
596,74751.02803689793,342287983.43305993,0.1,UAGUGGAGAU,UAAAAA,1.0
597,788.2363857659009,317321381.6954875,0.2,GUGGAGGGAU,UCU,1.0
598,13.641580102646108,317321381.6954875,0.2,GUGGAGGGAU,UCU,1.0
599,2086.828984668232,317321381.6954875,0.2,GUGGAGGGAU,UCU,1.0
600,14753.680768884768,299315907.6024848,0.125,GGGAGGAU,UAUAAAC,1.0
601,25.163563307758146,293543787.8499,0.3,GUGGAGGACU,UAUAAAC,1.0
602,92.61047826089757,293543844.63225305,0.2727,UAUUGGAGGAU,UAAAUA,1.0
603,5351.21021464293,293543674.2852276,0.0,UAGGGGAGGAU,UAAAUA,1.0
604,64804.00817996554,293544071.76177365,0.2,GUGGAGGGAU,CAUC,1.0
605,22939.44801986631,291018122.4932225,0.0,GGGGAGGAU,UAUAAC,1.0
606,145868.0950313081,291018301.9297305,0.125,GUGGAGAU,UAUAAU,1.0
607,232765.58303806518,291018301.9297305,0.125,GUGGAGAU,UAUAU,1.0
608,7709.276670485453,280505242.03632736,0.2,GUGGAGGGAU,UCUC,1.0
609,4697.267440060559,249575016.0535669,0.2727,AGUGGAGAGAU,UAAAAUA,1.0
610,360.1702316793773,229380291.38829052,0.2,GUGGAGGGAU,UUC,1.0
611,621.2873971587336,212192071.911451,0.3333,UAGUGGAGAGAU,UAAAA,1.0
612,2086.8281773268404,212192318.18689048,0.2727,UGUGGAGGGAU,UACAUC,1.0
613,1789.650678357561,210366604.92304254,0.3333,GAGGAGGAA,AAUAAA,1.0
614,116225.07049612938,210366604.92304254,0.0,GGGAGGAU,UAUAAC,1.0
615,814630.0263667438,210366523.53751993,0.375,GUGAGGAU,UAUAAC,1.0
616,4854545.2177707385,210366523.53751993,0.375,GUGAGGAU,UAUAAC,1.0
617,2969.202796164565,195022544.22725406,0.2222,GUGGAGGAU,UAUC,1.0
618,160.0108800615433,180408916.0663027,0.2,GUGGAGGGAU,CAUC,1.0
619,3.2570883652952047,180408863.71956247,0.1,GUGGAGGGAA,UAUC,1.0
620,58.76382842599925,180409073.10661384,0.2222,GUGGAGGAU,UACUCAUC,1.0
621,168257.9612726833,180408846.27065244,0.2222,GUGAAGGAU,UUAAAC,1.0
622,319233.9288032127,180409003.31090283,0.3333,UACUGGAGGGAU,UAACAUA,1.0
623,893.6123657716713,178856513.08677086,0.1818,AGUUGGAGGAA,UAUAAC,1.0
624,60731.36034402737,178856686.0745493,0.2222,AGUGGAGAA,UAUAAC,1.0
625,375474.97504597146,178856686.0745493,0.125,GUGGGGAU,UAUAAAAC,1.0
626,253.13652535087382,153386306.1677717,0.1429,ACAUGUGGAGGACC,GAACAA,1.0
627,363677.2238878281,153386187.4852244,0.2222,GUGGAAGAU,UAAAUA,1.0
628,6554.535011562111,152066386.26531777,0.2727,UAUUGGAGGAU,UAAAAA,1.0
629,44.83855853573339,140974612.41605985,0.2,GUGGAGGGAU,AGU,1.0
630,927.1039528452525,140974612.41605985,0.2,GUGGAGGGAU,CAC,1.0
631,75.36359213095287,136473079.72926337,0.2,GUGGAGGGAG,UACUAU,1.0
632,16582.120354859937,129289109.19685291,0.125,GUGGGGAU,UAUAAC,1.0
633,11.598271178977376,119858494.51418628,0.0,GUGGAGGGAU,UCU,1.0
634,108216.29973217602,116031335.23049675,0.1111,GUGGAGGUA,UAAAUA,1.0
635,498.25477773152295,113057444.58707221,0.2,GUGGAGGGAU,UAUCC,1.0
636,498.25477773152295,113057444.58707221,0.2,GUGGAGGGAU,UAUCC,1.0
637,145868.00509173583,109923273.42190172,0.2727,AAUGGAGGGAU,CAAU,1.0
638,528.2284610124483,101905637.04893832,0.2222,GUGGAGGAU,UACU,1.0
639,0.11890692293825325,98651476.04260463,0.2,GUGGAGGGAU,AACUC,1.0
640,92.16078770815528,98651476.04260463,0.2,GUGGAGGGAU,AACUC,1.0
641,1824.840546452391,98651476.04260463,0.2222,GUGGAGGAU,UAUCUC,1.0
642,297.7329460999711,94269423.6842385,0.1818,GUGGAGGGGAG,UACAUC,1.0
643,31888.978743480526,94269569.56620952,0.125,GUGGGGAU,AAAAC,1.0
644,28234.934728711087,93458333.91141261,0.2727,AAUGGAGGGAU,UAACAU,1.0
645,360.17011846500594,90082214.7662932,0.2,GUGGAGGGAU,UAUG,1.0
646,17694.080463740487,86641451.30156907,0.2,GUGGAGGGAU,UCUA,1.0
647,18758.52746416076,81725336.2304527,0.1111,GUGGAGGUA,UAAAAAC,1.0
648,45941.17123082806,80149150.369984,0.3,GUGGAGGGAC,UAUAA,1.0
649,24477.780303243126,73663875.25661306,0.2,GUGGAGGGAU,UCUC,1.0
650,1242.244582575208,68144031.81774025,0.5,ACUGGAGGAU,UAAAUA,1.0
651,20234.408994629845,68144031.81774025,0.2,AUGGAGGGAU,UAACAUC,1.0
652,339.1824783791968,65434956.81550442,0.2,GUGGAGGGAG,UACAC,1.0
653,5.299617969972946,65117260.77444887,0.1111,UGGAGGGAU,UAUCUC,1.0
654,155.57493337245464,62630010.11677782,0.2,GUGGAGGGAU,UAC,1.0
655,795.0780391482165,62629949.54187537,0.2222,GUGGAGGGA,UCUC,1.0
656,795.0780391482165,62629949.54187537,0.2,GUGGAGGGAU,CUC,1.0
657,469.2202318447389,60630033.57351565,0.2,GUGGAGGGAU,UCAUC,1.0
658,155.5749785134772,57937043.988355346,0.3,GUGGAGGGAA,AACC,1.0
659,5325.226236107771,57438511.891413994,0.0,GGGGAGGAU,UAUAAC,1.0
660,869258.3129085479,57438511.891413994,0.2222,GUAGAGGAU,UAUAAU,1.0
661,3.830901181441554,53248901.579629585,0.2,GUGGAGGGAU,UUC,1.0
662,5.841538868970739,50227417.97431537,0.2,GUGGAGGAAG,UACU,1.0
663,103409.5084060968,50227433.7625923,0.375,GUGAGGAU,UAUAAAC,1.0
664,897.9738855464236,49258867.284672335,0.1,UAGUGGAGAU,UAAAUA,1.0
665,99298.45355710939,49258886.34169047,0.2222,GUGGAUGAU,AAAAC,1.0
666,3272.828197184402,48835041.53955482,0.1111,UUGGAGGAU,UAUAAC,1.0
667,4738.030968384497,42704005.78257519,0.3,GCGGAGGGAG,UAUAA,1.0
668,675.9868127001228,41880607.30466542,0.1429,ACAUGUGGAGGACC,GAAAA,1.0
669,2631728.115448846,42704073.415897086,0.1,GUUGAGGAAG,UAUAU,1.0
670,1002683.966243568,41520248.41239903,0.2222,GUAGAGGAU,UAAAU,1.0
671,160.01083363341706,40020339.11566586,0.2,GUGGAGGGAU,UAUC,1.0
672,160.01083363341706,40020339.11566586,0.2,GUGGAGGGAU,UAUC,1.0
673,423.6232322143918,40020339.11566586,0.2,GUGGAGGGAU,UAUC,1.0
674,2104.942843326324,38491754.84049027,0.2,GUGGAGGGAG,UACUAUC,1.0
675,586.0344869061581,37262597.201674215,0.2,GUGGAGGGAU,UAUCUC,1.0
676,795.0783082944629,37262617.02362432,0.25,GUGGAGGA,UACU,1.0
677,795.0783082944629,37262617.02362432,0.2222,GUGGAGGAU,ACU,1.0
678,104.25688455549525,36307589.53614406,0.2,GUGGAGGGAU,CAUCA,1.0
679,103409.41239046225,36307617.62913792,0.3,GUGGAAGGAU,UAUAC,1.0
680,2011.4446221464507,35607494.46314386,0.125,GUGGAGAU,UUAAAC,1.0
681,11986.6039043098,35607489.297278345,0.3333,GUGGAGAAU,AACA,1.0
682,103409.59241985019,30869236.123860586,0.2,CUGGAGGGAG,UAUAU,1.0
683,353.2247110667533,30273948.101325832,0.1111,GUGGGGGAG,AAAC,1.0
684,3424.9566464059776,30273994.950272627,0.1429,ACAUGUGGAGGACC,GAAACAUA,1.0
685,4527.579748585078,30273948.101325832,0.0,GAGGAGGAU,UAAAAC,1.0
686,13.148781200894414,30013457.93405196,0.0,GAGGAGGAU,UAUAAC,1.0
687,9488.938890392983,30013521.797097985,0.1,AGUGGAGGUA,UAUAAC,1.0
688,46844.4753827335,30013457.93405196,0.0,GAGGAGGAU,UAUAAU,1.0
689,2.0017701729768964,28929264.4359391,0.2,GUGGAGGGAU,UAUC,1.0
690,92.16073422614136,25517869.747844305,0.1111,GUGGAAGAA,UAUAAC,1.0
691,8067.620176036342,25517889.49229349,0.1111,GUGGAGGUA,UAUAAC,1.0
692,11986.6039043098,25517869.747844305,0.1111,GUAGAGGAA,UAUAAC,1.0
693,759.7618239777788,24596071.197462093,0.2222,GUGGAGGAU,UACUC,1.0
694,2.6924510894051408,23656587.663688786,0.0,GUGGAGGGAU,CAC,1.0
695,601.4488668240334,22314289.656899538,0.1429,ACAUGUGGAGGACC,GUAAAA,1.0
696,1508.4941267528102,21883989.493796926,0.1429,ACAUGUGGAGGACC,GAAAAA,1.0
697,1508.4941267528102,21883989.493796926,0.1429,ACAUGUGGAGGACC,GAACAA,1.0
698,115.66618280622397,18606076.203253873,0.3,GUGGAGGGAA,UAUC,1.0
699,1293.6735440240916,18606065.40592399,0.1429,ACAUGUGGAGGACC,GAAAA,1.0
700,4107.556032048769,16554456.445530519,0.2,UUGGAGGGAU,UCUC,1.0
701,0.05308384961371049,15819117.539182132,0.5455,UCGUGGAGGAU,UAAAUA,1.0
702,5524.808661325611,15819154.259332443,0.1,GUGGAGGUAU,UACAUC,1.0
703,28234.912881950037,15819129.779222783,0.1,GUGGAAGGAU,AACA,1.0
704,75.36344634972029,15190226.428109482,0.2,GUGGAGGGAU,UACAC,1.0
705,0.39509102071228136,15116493.258467857,0.1111,UGGAGGGAU,AUU,1.0
706,1956625.3640946876,15683029.542111391,0.1,AGUGAGGGAU,CAAU,1.0
707,2086.8281773268404,14074827.350332612,0.1429,ACAUGUGGAGGACC,GUAAACA,1.0
708,1508.4941267528102,13714123.09964781,0.1429,ACAUGUGGAGGACC,GAAACA,1.0
709,13.759979035549705,13449660.031091211,0.1429,ACAUGUGGAGGACC,GUUAAA,1.0
710,51634.668230281655,13449660.031091211,0.2,GUGUAGGAAG,UAAU,1.0
711,795.0780391482165,12852235.664141055,0.3636,GUGGAGGGAAA,UAUCUC,1.0
712,2237531.3768282444,13449649.62442615,0.2222,GUGGAUGAU,AACA,1.0
713,7709.274433592122,11435083.822209723,0.0,GGGAGGGAGU,UAAUU,1.0
714,20234.39333827,11435083.822209723,0.1,GUGGAAGGAU,UACAUC,1.0
715,132.2721282663367,11336691.406140644,0.0909,GUGGAGGGGAU,AAU,1.0
716,0.45181365224903475,9722278.784118313,0.3077,ACUGUGGAGGACC,GAAAAA,1.0
717,1319.1125539190382,9722267.124080824,0.2,GUGGAGGGAU,UUCUC,1.0
718,58411.703472710484,9722263.738911271,0.5,GUGGAAGAAG,UAAU,1.0
719,131479.57731881697,9722263.738911271,0.4444,GUGAGGAAG,UAAU,1.0
720,409411.42999478587,9722263.738911271,0.2222,GUGAAGGAU,AAAA,1.0
721,1454.0015343007683,9290425.644834165,0.1111,GUGGGGGAU,UACUC,1.0
722,1121.5263434856163,8650237.935271608,0.1429,ACAUGUGGAGGACC,GAAACAA,1.0
723,8.081110455303818,7898858.038867485,0.2222,GUGGAGGAU,UACUG,1.0
724,8.623015501380593,6967399.516517823,0.2,GCGGAGGGAU,AAA,1.0
725,133.42025549140374,6252953.742675907,0.25,GUGGAGGA,UACU,1.0
726,108.39704928901637,5975196.478649739,0.3,GUGGAGGAAU,UACUC,1.0
727,2086.828984668232,5975205.956434346,0.1,AGGGAGGGAU,UAACAUC,1.0
728,1051.0447523565126,5923783.528249679,0.0,GAGGAGGAU,UAUAAC,1.0
729,2021.2589980993462,5923792.695307063,0.3,AUGGAGGGAG,AAC,1.0
730,4549.678721036838,5709801.482808156,0.2222,GUGGAGGAU,UCACU,1.0
731,337.53530735482184,5316337.289884927,0.2727,GUGGAGGGAUU,CAUC,1.0
732,2911.9458336029425,5080203.309439506,0.1429,UCAUGUGGAGGACC,GAAAA,1.0
733,19.035344083026043,4669123.60802082,0.1111,GUGGAGGAG,UACU,1.0
734,60.43924160208331,4319262.937999019,0.3,AUGGAGGGAA,UAUC,1.0
735,55097.30212986206,4319262.937999019,0.3636,GUGAAGGGAGU,AAAUU,1.0
736,36.11559075694542,4282091.501590074,0.0,GGGAGGGAU,AAU,1.0
737,1461.0959257707827,4127408.3312825407,0.2,GUGGAGGGAU,UCUUC,1.0
738,0.3359117575316723,3842993.288746777,0.3077,ACUGUGGAGGACC,GAAACAA,1.0
739,0.33591175753167174,3672296.0752916057,0.2,GUGGAGGGAU,AUC,1.0
740,488.64624650643555,3375143.6438726853,0.2857,UGGAGGC,CCCC,1.0
741,36.42905258942418,3267371.148353759,0.2222,GUGGAGGAU,GCU,1.0
742,2969.202796164565,3183629.137770846,0.1818,GUGGGAGGGAG,AAUAU,1.0
743,11.92894816215495,2983551.425251361,0.2,GUGGAGGGAU,UCUG,1.0
744,1.875966467940245,2777962.5679996093,0.1111,GUGGAGGAU,UGG,1.0
745,48.156984558689395,2631729.547221674,0.1429,ACAUGUGGAGGACC,AAAAA,1.0
746,1188.994991513536,2631728.529072027,0.1429,ACAUGUGGGGGACC,GAAAAAU,1.0
747,26980.788947631438,2631728.9108780976,0.4444,GUCGAGGAU,UAUAAC,1.0
748,1789.6506783575583,2549037.3236249057,0.3,GUGGAGGGAG,UCUAU,1.0
749,6498.136952219145,2256951.1625760635,0.1429,ACAUGUGGGGGACC,GAAAAA,1.0
750,306.2219240808636,2074327.08469624,0.25,GUGGAGGA,UACUC,1.0
751,1.447009269897205,1763621.5593805064,0.2,GUGGAGGGAU,ACA,1.0
752,11.698928500579035,1763622.113749944,0.2857,UGGAGGC,CCCC,1.0
753,6498.139466185071,1707304.679277815,0.4,UUCCGGAGGA,UUCU,1.0
754,19.409633823396128,1663547.9586369742,0.0909,GUGGAGGGGAU,UUC,1.0
755,42.47824260573505,1663547.4357244181,0.0909,GUGGAGGGGAU,UCU,1.0
756,6554.529939995211,1663550.5329781072,0.1818,AGGGGAGGGAU,UAUAC,1.0
757,1282.542216297932,1566611.606445598,0.1429,ACAUGUGGAGGACC,GAUAA,1.0
758,0.21325771655062717,1499457.8200126912,0.1111,GUGGAGGAU,UGGC,1.0
759,1099.898836126223,1414373.2810429202,0.0909,GUGGGAGGGAU,UAUAC,1.0
760,6498.136952219145,1414372.1866725811,0.1429,ACAUGUGGGGGACC,GAAAAU,1.0
761,852495.540755363,1707305.3397911,0.2222,GUAGAGGAU,AACA,1.0
762,26.106670427390867,1375163.3184172013,0.1111,UGGAGAGAU,AAU,1.0
763,144.22735650167022,1331954.4877074931,0.2,GUGGAGGGAU,UCUAC,1.0
764,4028.3438029867,1325486.3768472152,0.3333,GUGGAGGGU,UACUC,1.0
765,4.9665602122371775,1179329.971110138,0.2,GUGGAGGGAU,UCGUC,1.0
766,98.34099928382452,1049290.535916605,0.0909,GUGGAGGGGAU,UCUC,1.0
767,199.52211880228495,958146.7524435255,0.2,GUGGAGGGAU,CUAC,1.0
768,0.14053779260348434,892122.2879498146,0.2,GUGGAGGGAU,UCAUC,1.0
769,34.81094365955625,852495.5077744597,0.2,GUGGAGGGAU,UACUC,1.0
770,34.81094365955625,852495.5077744597,0.2,GUGGAGGGAU,UACUC,1.0
771,14753.66278923971,852495.2933986175,0.4286,ACAUCUGGAGGACC,GAAAA,1.0
772,132.2721282663367,845161.6076192383,0.0,GGGAGGGAU,AAU,1.0
773,11.59827931181063,758494.7920978311,0.2,GUGGAGGGAU,ACAUC,1.0
774,69.11645393741892,724804.8416652796,0.3571,ACAUGUGGAGGACC,GAAAAA,1.0
775,0.043198023227547296,644884.0817954027,0.2143,ACAUGUGGAGGACC,UGA,1.0
776,1.4470074854993957,523935.22432107845,0.3,GUGGAGGGAA,UAUC,1.0
777,51.386312167041005,523934.89493801177,0.1,UUGGAGGGAA,UAUC,1.0
778,182.98335156539673,523935.22432107845,0.1818,AGGGGAGGGAU,UACAUC,1.0
779,31.581496187769645,500663.0708923352,0.2222,GUGGAGGAU,AUCUC,1.0
780,8.383959092839975,454215.2459943092,0.0909,GUGGAGGGGAU,UAC,1.0
781,350.1856835551324,378733.76446209865,0.1538,AUAUGUGGAGGCC,GAAAAA,1.0
782,1934.615718384994,348087.568204974,0.3,UUCCGGAGGA,AUUCU,1.0
783,24477.766098492673,336972.31212799525,0.1538,ACAUGUGGAGACC,GAAACAA,1.0
784,0.016964707544623744,322004.3342634696,0.2,GUGGAGGGAU,UACUC,1.0
785,139.62193176630294,322004.8450228617,0.2222,GUGGAAGAU,UAUCAUC,1.0
786,670.1703292561459,322004.8450228617,0.1111,UGGAGGGAU,UACAUC,1.0
787,5572.759095277841,286498.9677877153,0.125,GUGGAGAU,AACA,1.0
788,2104.9408074539506,279156.1426693423,0.1,GAGGAGGGAU,UAUAC,1.0
789,2104.9408074539506,279156.1426693423,0.1,GAGGAGGGAU,UAUAA,1.0
790,115.66602618717002,261612.14979775983,0.3,GUGGAGGGAU,UUAUCUC,1.0
791,386181.0235536122,375475.12030780566,0.2727,AGUUGAGGGAU,CAAU,1.0
792,2104.9395859314714,237342.57750456026,0.2222,GUGGCGGAU,UAUAC,1.0
793,182.9834223570581,232765.88977495808,0.2,GUGGAGGUGA,UACAUC,1.0
794,0.5794432954070355,222426.89508942203,0.2222,GUGGAGGAU,CCCCC,1.0
795,574.7338460345715,222426.63693548954,0.2857,UGGAGGC,CCCCA,1.0
796,102519.63299858633,243585.31769990642,0.875,GUGAGGAU,UUCU,1.0
797,0.02257236064564166,181887.12395181754,0.3,UUCGGGAGGA,UACAC,1.0
798,0.020701290811812684,176079.19286589953,0.4444,GUGGAGGAU,UAUUCAUC,1.0
799,0.02863787775703506,168258.08169804208,0.3077,ACUGUGGAGGACC,GAAAAA,1.0
800,16.0448734400863,168258.08169804208,0.3077,AAUGUGGAGGACC,GAAAAA,1.0
801,2676.319439182095,168258.01660324287,0.3636,AGUCGAGGGAU,UAAUU,1.0
802,4.776854131589176,166810.05811765147,0.0909,GUGGGAGGGAU,AAC,1.0
803,759.7618239777788,166810.2517215879,0.1429,ACAUGUUGAGGACC,AAAAA,1.0
804,17203.574629287465,168258.00032954707,0.1538,ACAUGUGGGGACC,GAAAAA,1.0
805,1.3626870217995626,154642.9954920909,0.1429,UGGAGGU,CCCC,1.0
806,306.22162790714214,145868.00509173583,0.1111,UGGAGGGAU,UUC,1.0
807,397.00075306001906,136700.97262152575,0.1,UUCCGGAGGA,UACAAC,1.0
808,0.00019889425035692998,131479.70448421675,0.1111,GUGGAGGAU,UGGC,1.0
809,0.24281891529638067,131479.74263386062,0.2222,GUGGAGGGA,UACU,1.0
810,0.24281891529638067,131479.74263386062,0.2,GUGGAGGGAU,ACU,1.0
811,0.889315453282721,127281.18622796703,0.2,GUGGAGGGAU,AUCUC,1.0
812,2104.9408074539506,121627.56848054883,0.2222,GAGGAGGAU,AACA,1.0
813,1121.5272112665136,120581.12547924323,0.1429,ACAUGUGGAGGACC,AUAAA,1.0
814,6498.129410327205,120580.98552992773,0.1111,UUCCGGAGA,GAAAAA,1.0
815,645.9600824974704,116224.98056706217,0.1,UUCCGGAGGA,AUUCUG,1.0
816,324.64289529276385,111785.68100720877,0.1,UUCCGGAGGA,UACAC,1.0
817,8.383975310568188,87920.2924702799,0.3077,ACUGUGGAGGACC,GAAAAA,1.0
818,689.2777955349507,87920.22444201495,0.3333,GUGAGGGAA,UAUC,1.0
819,0.387472087810957,78735.08683242538,0.2222,GUGGAGGAU,UAUCCUC,1.0
820,0.014964229420087268,54034.88970108944,0.3571,ACAUGUGGAGGACC,GAAAAA,1.0
821,337.53525430511473,54034.805951550945,0.1,GUGGAAGGAU,UACUC,1.0
822,3395.4868353743295,55097.30212986206,0.2222,GUGAGGGAU,UCU,1.0
823,3.257084585041154,53569.92937173043,0.1429,AUAUGUGGAGGACC,GAAAAAA,1.0
824,3.257084585041154,53569.92937173043,0.1429,ACAUGUGGAGGACC,GAAUAAA,1.0
825,8989.421838185826,53569.86719719925,0.1429,UGGAGGC,GAUAAAU,1.0
826,0.0059663494866787955,46844.520690123114,0.2143,ACAUGUGGAGGACC,GUAAAA,1.0
827,4.380891623366172,45941.18011756965,0.1429,ACAUGUGGAGGACC,GAAAAA,1.0
828,4.380891623366172,45941.18011756965,0.1429,AUAUGUGGAGGACC,GAAAAA,1.0
829,71.08712666418587,40875.42659630587,0.2857,UGGAGAC,CCCC,1.0
830,0.009196840676282325,39059.84618227987,0.2143,ACAUGUGGAGGACC,GAAAAA,1.0
831,0.12336328951491506,39059.819737565944,0.3846,ACUCUGGAGGACC,GAAAAA,1.0
832,7.524246266073949,39059.84618227987,0.125,GUGGGGAU,UAUCAUC,1.0
833,0.0005618770600932692,38723.78830346059,0.3571,ACAUGUGGAGGACC,AAAAA,1.0
834,15.465263231611612,35899.23686277512,0.2222,GUGGCGGAU,UACU,1.0
835,8.623010497340925,33209.19944042201,0.0,GGGAGGGAU,CAUC,1.0
836,72.9569351355718,33209.20586432384,0.4444,GUGAAGGAU,UAUCAUC,1.0
837,0.4769190978038138,30522.056911284213,0.1111,GUGGAGGAU,CGGC,1.0
838,4.380891623366172,28790.13443385309,0.1429,ACAUGUGGAGGACC,GAAAAU,1.0
839,0.009196840676282325,24477.782670702334,0.2143,ACAUGUGGAGGACC,GAAUAA,1.0
840,69.71635036371191,18159.488802732347,0.1,UUCCGGAGGA,UACU,1.0
841,69.7163638494628,18159.49231545699,0.1818,UUCCUGGAGGA,UACU,1.0
842,2.6924479644825143,17694.10099993397,0.1429,ACAUGUGGAGGACC,GAACUA,1.0
843,5572.762329218876,17352.904844637378,0.1538,ACAUGGGAGGACC,GAAAA,1.0
844,0.010477215852967924,14098.344178920415,0.0,UUCGGGAGGAUU,GGGU,1.0
845,2086.828984668232,14753.689901411297,0.3,GUGAAGGGAG,AAUC,1.0
846,0.0006608655110347432,12543.779983160879,0.2,GUGGAGGGAU,UACUC,1.0
847,0.6304572070366722,10191.181496689487,0.0,UUCGCGGAGGA,UACU,1.0
848,0.3841379614610631,9067.45256234025,0.1429,AUAUGUGGAGGACC,GAAAAA,1.0
849,23799.201955656623,17352.904844637378,0.1111,GUGAGGGAU,UACAUC,1.0
850,1.2606764089894286e-05,8333.743253346805,0.1111,GUGGAGGAU,UGGC,1.0
851,42.478229253305784,8333.73156593718,0.0,GGGAGGGAU,UCU,1.0
852,670.1703292561459,7709.274433592122,0.1429,ACAUGUGGAGAACC,GAAAAA,1.0
853,0.0011852536183944505,6263.393269347351,0.0833,UUCGGGAGGAUU,CUGG,1.0
854,574.733178984832,6024.16063644239,0.25,GUGAGGGA,UAUAC,1.0
855,5.1974189620055995,5572.7599576619305,0.3333,GUGGAGGAU,UACUCC,1.0
856,2.607851423701698,4958.273793095448,0.0,GGGAGGGAU,AACUC,1.0
857,83.6109678657478,4354.647157996837,0.1,UUCCGGAGGA,UACUC,1.0
858,0.0650208318003273,3702.381652581274,0.1111,GCGGAGGAU,UGGC,1.0
859,423.6232322143918,3849.4158169245757,0.25,UGAGAGGC,CCCC,1.0
860,17694.097577233402,9801.92742924452,0.4,UUCCGGAGGA,UACUC,1.0
861,574.733178984832,3607.49620950264,0.2727,CAUUGGAGGAA,UUCCACU,1.0
862,33209.19944042206,14753.667070105615,0.2143,ACAUGUGUAGGACC,GAAAA,1.0
863,1.6691139828044534,3067.1423254272113,0.2727,CAUUGGAGGAA,UUCCACU,1.0
864,498.2542958262112,3047.2989478349336,0.1429,ACAUGUGGAGAACC,GAAACAA,1.0
865,132.27225619828175,2911.947523441129,0.2857,ACAUGGGGAGGACC,GAAAAA,1.0
866,215.22036532874668,2911.9503398402867,0.1429,ACAUGUUGAGGACC,GAAAAA,1.0
867,16.502380859716204,2676.323839638046,0.0909,GUGGAAGGGAU,UCU,1.0
868,69.71636384946288,2365.8096756269347,0.5,UUCGCGAGGA,UACU,1.0
869,96.44449875668776,2365.8087603549648,0.0909,GUGGAAGGGAU,UCUC,1.0
870,100.92770686182199,2365.8105908992593,0.2857,UGGAGGC,CCCAC,1.0
871,69.11648067683844,2275.4462559618955,0.0909,GUGGGAGGGAU,CAC,1.0
872,26.851043415993193,2011.4439412414831,0.2222,GUGGAAGAU,UAUCUC,1.0
873,2886.8913067593553,2969.2004987459736,0.1429,ACAUGUGGGGAACC,GAAAAU,1.0
874,0.32659944398977314,1454.0001280100635,0.375,UGGGGGGC,CCCC,1.0
875,0.43549198936618716,1454.0001280100635,0.1111,AUGGAGGAU,UGGC,1.0
876,156.92514013337748,1508.4936890541,0.1429,AGGAGGC,AAAAA,1.0
877,0.017753289520333,1236.2130689536468,0.0909,UUCGAGGAGGA,UACU,1.0
878,0.029454428127085423,1236.2125906940546,0.2,GAGGAGGGAA,UACU,1.0
879,9.861012855513652,1236.211873305013,0.2857,UGGAGGC,ACCCC,1.0
880,58.76378295752793,1099.9001126963933,0.1538,ACAUGUGGAGACC,GAAAAA,1.0
881,50.39539101326899,935.1500302361713,0.1538,ACAUGUGGAGACC,GAAAA,1.0
882,16.502360110574486,893.6139214955027,0.2,GAGGAGGGAC,UACU,1.0
883,0.8334252306300279,832.0359962957153,0.1111,GUGGAGAAU,UGG,1.0
884,6.060470395787398,675.9874665060987,0.4167,ACUGUGAGGACC,GAAAAA,1.0
885,8.081103030159483,645.9615819332804,0.125,GUGGGGAU,UGGC,1.0
886,0.37026121037939524,549.2044696647807,0.2222,CUGGAGGAU,UGGC,1.0
887,1.230265913880644,434.76556430978934,0.5,UGGGAGGC,CCCC,1.0
888,51.386344472163735,415.4540843155985,0.1429,ACAUGUGGAGUACC,GAAAA,1.0
889,3.830900810921784,369.64380842860254,0.1,UUCCGGGGGA,UACU,1.0
890,115.66611568374633,381.8370140796207,0.2,GUGAAGGGAU,UAC,1.0
891,0.004942673852415365,199.52242756284377,0.2,GUGGAGGGAU,ACC,1.0
892,0.0018309426937879343,194.40906095501802,0.1818,CAUUGGAGGAA,UACCACU,1.0
893,0.3874724625691047,194.40906095501802,0.1818,CAUUGGAGGAA,UACCACU,1.0
894,0.6250332054763348,184.57169881262445,0.2857,ACAUGAGGAGGACC,GAACAA,1.0
895,4.380895860509655,133.4201277395513,0.1,GAGGAGGGAU,AUUCU,1.0
896,3.0279642572710603e-05,127.49375447530655,0.1111,AUGGAGGAU,UGGC,1.0
897,56.64102073323215,75.36346092783084,0.2222,GUGAGGGAU,UACUC,1.0
898,188.20096510811828,113.43574265078175,0.2,GUGAAGGGAU,CAUC,1.0
899,2.20646576597902,34.81093692581845,0.1111,GUGGAGUAU,UGG,1.0
900,0.14635620281325937,18.07218893619515,0.25,CACUUGGAGGAA,UACCACU,1.0
901,234.67293360471115,96.44477486548516,0.2,UUCCUGAGGA,UACUC,1.0
902,0.49265037736675504,12.646553725243784,0.1429,UGGAUGC,CCCC,1.0
903,2.2683907980039345e-06,10.40893359633065,0.1429,UGGAGGC,UGGC,1.0
904,0.912706811819914,7.772433276741957,0.2222,CUGGAGGAU,CGGC,1.0
905,2.001771721846367,7.524252633760662,0.1429,AGGAGGC,CCCC,1.0
906,8.836173227610063e-05,4.966559251518773,0.3333,UUCGGGAGGAUU,CUGG,1.0
907,0.04074678310841838,1.0735021290322984,0.3333,UUGGGAGGC,CCCC,1.0
908,0.00023393458617367282,0.4354916524045636,0.0909,UUCGGGGGAUU,CUGG,1.0
909,0.00014755492366059098,0.06173072057648161,0.1667,GUCGUGGAGGAA,UCCUGCC,1.0
910,0.003572875453107951,0.014494017852284869,0.3077,AAUGGGGGGGAGU,CCGG,1.0
911,0.0016827863786033073,0.013085535368745328,0.2857,AGUAAGGAGGUAUU,GGAACU,1.0
912,0.0003684809612577298,0.0007810859446714348,0.3077,AGUGGGAGGGAGU,CCGG,1.0
913,1.985750042572179e-05,0.00011143939139029625,0.3077,AAUGGGAGGGAGU,CCGG,1.0
914,6.555348462410071e-05,7.132483736247592e-05,0.3077,AAUGGGAGGGAGU,CCGGU,1.0
915,5.040180132867984e-07,3.800247602613987e-05,0.2857,AGUACGGAGGUAUU,GGAACU,1.0
916,2.754576848598717e-06,1.732721112630826e-05,0.1667,GAGAGGAGGCCG,GGAUUA,1.0
917,8.793654093397201e-08,9.054007500428116e-06,0.1667,GAGAGGAGGCCG,GGGA,1.0
918,1e-08,2.1676697928711386e-07,0.1667,GAGAGGAGGCCG,GGAUUA,1.0
919,1e-08,1.1326767355367057e-07,0.1667,GAGAGGAGGCCG,GGAUUA,1.0
920,0.00039064633253625355,3.726954999173086e-05,0.2857,AGUACGGAGGUAUU,GGAGCU,1.0
921,0.0009755407947881977,0.00011143939139029625,0.3077,AAUGGGAGGGAGU,CCGG,1.0
922,0.0016827863786033073,0.0001006099495597484,0.2857,AGUACGGAGGUAUU,GGAACU,1.0
923,0.10109622389267169,0.0024322057947022443,0.2857,AGUACGGAGGUAUU,AGGU,1.0
924,0.5794423987196897,0.012263173949710812,0.3333,UUACGGAGGGAU,CCGU,1.0
925,0.6428544971653838,0.0004999214699731607,0.3333,GUAUGGAGGCUA,CCGC,1.0
926,1.9631709444244863,0.02455964427517362,0.1818,AUGGGAGGCGU,CUU,1.0
927,2.715819174355459,0.0054746800868293415,0.3333,GUAUGGAGGCUA,CCGCC,1.0
928,3.25708584512535,0.07647583722120109,0.2857,AGUACGGAGGUAUU,GAACU,1.0
929,7.331420619065663,0.8893159693634788,0.3077,AGUACGGAGGUAU,GGAACU,1.0
930,7.128169798943648,0.019953446067129087,0.3333,GUAUGGAGGCUA,CCUC,1.0
931,9.55117677471711,0.41885788694667103,0.3333,UUCGGGAUGAUU,CCCC,1.0
932,16.184141218495768,0.2286691864577744,0.3333,GUAUGGAGGCUA,CCGCC,1.0
933,16.502360110574486,0.03555475990382498,0.3077,AAUGGGAGGGAGU,CCUGCC,1.0
934,46.317646480384994,8.081112409290304,0.4167,UUACGGAGGGAC,CCGU,1.0
935,42.84689635257866,0.0002132676761158514,0.3333,GUAUGGAAGCUA,CCGCC,1.0
936,58.76378295752793,5.197420168456002,0.2308,ACAUAUGGAGACC,GAAAAA,1.0
937,112.45960535329266,0.3359118874874916,0.1818,AUGGGAGGCGU,CCUU,1.0
938,199.52204161222022,3.364521233119611,0.5455,CAUUGGAGCAA,UACCACU,1.0
939,1824.8401934600133,434.76556430978934,0.5,UGGGAGGC,CCCC,1.0
940,1774.2517484589266,300.31668421968106,0.2143,ACAUGUCGAGGACC,GAAAAA,1.0
941,5682.330658128009,14.399568379538827,0.5,UGGGAGGC,CCCC,1.0
942,27991.9999454043,4107.5570252425905,0.3846,ACAUUGGGGGACC,GAAAAU,1.0
943,53569.86719719925,4028.3453614517084,0.625,UGGGAGAC,GAAAAA,1.0
944,666155.1750211936,213931.01028382254,0.4,UUCCGGAGGA,UACAC,1.0
945,87163.720734768,113.43569876536006,0.2143,ACAUGUCGGGGACC,GAAAAA,1.0
946,5036489.090403723,1234150.0413164122,0.4,UUCCGGAGGA,UUCU,1.0
947,30.972475806881356,3272.826614466334,0.0909,GAUGGAGGGAC,ACUGUU,0.0
948,0.02088095155800254,0.012833203911947767,0.4286,CUCUCUGGAGGCAC,CGGCCA,0.0
949,2104.9408074539506,0.1463559706651837,0.2727,UCCGGGAGGGC,AGCAGC,0.0
950,6263.395692496843,71779.44375863927,0.4167,CACGGGAGGCAA,GAAGA,0.0
951,46844.49350568408,113057378.97847664,0.0,GCCCGGAGGACA,GCAAC,0.0
952,1592.3141580374513,25121.637667829906,0.4615,CGAGGGAGGCAAA,AAUUG,0.0
953,0.08267036263612468,11.17928119993966,0.1667,GAAAGGAGGAAU,CGGU,0.0
954,449.10681310734554,8333.730356895738,0.0833,CCAGGGAGGAAG,ACCCAUG,0.0
955,0.024559615770667665,0.01995345378661605,0.0769,CUCUUGGAGGGGA,GAUCA,0.0
956,92006.94266241431,328336.3885618612,0.3077,UUUCAGGAGGCAA,GCUU,0.0
957,64803.97057341983,13333912.694162648,0.0909,GAACGGAGGAA,CACU,0.0
958,953.5384212857429,0.28008999096015497,0.1667,ACCAGCGGAGGC,ACGCG,0.0
959,1099.8994744111228,16662249.985852687,0.0909,AGGUGGAGGAA,UGUGCUU,0.0
960,5.564504515486202e-06,1.3343689750587302e-06,0.0833,AAGAUGGAGGCG,GUCUCGA,0.0
961,586.0342601842265,28790.145572032765,0.1,UCAGGGAGGG,GGAA,0.0
962,42.84687977619738,7085.459079744678,0.0,CCGUGGAGGGU,GCCCA,0.0
963,5.430621498591391e-05,0.00023242110820857965,0.0833,GACUGGAGGGUA,CCGGC,0.0
964,6.608237395114942,935.149849343198,0.1667,GGCUGGAGGCAU,UUGGAG,0.0
965,6498.136952219145,113.43569876536006,0.25,AUUCGGAGGCGA,UCAC,0.0
966,628356.0863921897,23925740180.355644,0.25,UGUGGAGGAAGU,UUCA,0.0
967,267.20204616344836,415.45382714973204,0.0,GAUUGGAGGGU,UAUUAC,0.0
968,0.13985538043130008,12543.787747759101,0.1333,CUGCCUGGAGGGAAC,AGACG,0.0
969,55097.280814108395,35607447.97038136,0.3333,CAAACGGAGGGC,GACAAUA,0.0
970,6498.131924290213,994056.4389314579,0.0,GAACGAGGAGGGA,UCAU,0.0
971,445456.5065547939,3509175.9649501084,0.2857,GAUACGGAGGAACA,AUUUUUU,0.0
972,2.0544230886200583,372.0510680116362,0.3077,GCUAUCGGAGGGA,CCUCUUG,0.0
973,75.36340261540553,3.052391687240948,0.2,AGUGGGAGGAGGAAC,UCCA,0.0
974,3147.818872643941,788.2369956637274,0.3,CCACGGAGGC,UCGAAA,0.0
975,19.03533855980564,4215.58934603197,0.3333,GCUUGGAGGACU,CCAUCG,0.0
976,0.8646617405585904,49.96183488385398,0.1667,GGAGGGAGGUCU,GCAGAUA,0.0
977,6.060470395787387,0.02586861212897031,0.0909,AAGGGAGGCAC,UACUUU,0.0
978,6683.412833456462,1521.58792924223,0.3333,GAAAAGGAGGGU,ACAUCG,0.0
979,76220.81188285585,588867.173446381,0.4167,GAUCGGAGGGAA,AAGA,0.0
980,40.94373886212823,113.43561099456728,0.5385,UGCUCUGGAGGGU,GCUCAGC,0.0
981,29.596766220227902,1.0804938058951699,0.3333,CGUGGGAGGGAA,CUCACG,0.0
982,10874.617324503462,27824190.769640286,0.0,CCUGUGGAGGGAA,CAAG,0.0
983,423.6232322143918,8664.707886670289,0.3636,UUCAGGAGGCG,CGUUUG,0.0
984,2104.9408074539506,2.5783957391934536,0.2727,CCGGAGGCCCU,UCCCCU,0.0
985,1508.4923759587336,53.08139114255615,0.3636,UAUUGGAGGCC,UACACG,0.0
986,267.2023045979198,852496.3652783685,0.1818,UUUCGGAGGAG,UUCAA,0.0
987,75.36346092783084,2.595186921332581,0.25,AUAUGGGAGGAA,CCCAG,0.0
988,0.2800899476162538,0.012722801153325634,0.1667,UCUCAGGAGGGA,GGAGACU,0.0
989,23799.215766627898,832.0356744020173,0.3333,CCAUCUGGAGGCAAG,GAUUC,0.0
990,0.012263171577554542,1099.8977723188793,0.1429,CGGGGGAGGGAAAU,CGAUUA,0.0
991,0.10109630211586505,0.011418158999338313,0.2,GCCUAUGGGAGGCUC,UUCGUGC,0.0
992,1.5949755907931393,104.25686438831643,0.1667,GAGAGGAGGAUA,UUCACC,0.0
993,6.387340387022733e-05,71.08705790967421,0.1667,AGGGUGGAGGUC,AUUGCGG,0.0
994,217.08837100136287,127.4938284615093,0.3846,CUUGGAGGCAGCU,CAGUUU,0.0
995,1.3626864946103947,74751.05695619262,0.0,GGCUGGAGGA,GGAC,0.0
996,2454.472340505109,2796.1805007719295,0.2727,UACGGGGAGGG,UUCAG,0.0
997,46.317628561258275,14098.344178920415,0.3636,CACUGGAGGAA,CAGAG,0.0
998,0.08994883076451567,1.0735017137214535,0.25,CAGAGGAGGCAG,GUUUCA,0.0
999,0.16449389684060714,0.00040616038381868444,0.0,GUCAGAGGAGGGCC,UCAC,0.0
1000,0.6640586201361279,6.233266255037478,0.0909,GGCGGAGGGUU,CCGAA,0.0
1001,4.966561172955767,72.9570339238376,0.3077,UCGAGGAGGCAAA,CCAGUGG,0.0
1002,3.194276220995889,8.849813441392234,0.2308,CGUGUUGGAGGCC,AUGG,0.0
1003,8989.425315967283,5682.330658128009,0.2,UGCGGAGGGA,GCGC,0.0
1004,0.08994874376721775,113.43567682265531,0.1667,CGGGGGGAGGGG,GUCGAUG,0.0
1005,0.043197973090896444,0.8893149372022626,0.2857,CCGACGGGAGGGGU,GUCAGG,0.0
1006,0.10579547232947593,16582.10271305687,0.2,GGUGGUGGAGGACGU,GGAC,0.0
1007,1.0735021290322955,0.21187809293668938,0.0,ACCAUGGAGGUG,CAUCGA,0.0
1008,1872.837975239533,7.128161525820645,0.0,CCUUCCGGAGGCG,GCAU,0.0
1009,127.49372981324869,300.31696306370765,0.4545,UAUGGAGGCGU,CUUG,0.0
1010,1789.650332172217,666156.2058965939,0.0833,CGGACGGAGGAU,UUAU,0.0
1011,1.2626249308931192,25.16355357261145,0.1538,CUUACGGAGGAAA,GCGG,0.0
1012,62.02901418286035,2524.4604936631913,0.1667,AUUGGGGAGGUG,GAAAC,0.0
1013,689.2783288635776,232765.61962134307,0.3333,ACUUAUGGAGGAUUU,CGUUUC,0.0
1014,155.5749935604876,0.00494267002802493,0.0909,AUGGGAGUCGU,CCUU,0.0
1015,74751.02803689793,353.2247657282532,0.2727,UCUGGGAGGGC,AGCAGC,0.0
1016,30.97249527840189,150.686771748049,0.0,GAAGGAGGGAC,ACUGUU,0.0
1017,22.38888985744523,1521.586516449222,0.0769,AAUGGGAGGGAGU,UGAAAAA,0.0
1018,221.35667588307308,50227433.7625923,0.0,GUGGAGGA,CGGC,0.0
1019,306.2218648460964,3.3427565006305464,0.1111,UCGGGAGGC,CCCC,0.0
1020,0.07028752069791545,131479.47558658582,0.25,UUCGGGAGGAUU,GGU,0.0
1021,574.7342907348279,1.875970096764523,0.2143,AGUACGGAGGUAUA,UACCACU,0.0
1022,0.2118781749070002,29.405316966562914,0.1818,CAUUGGAGGAA,UACCAGCU,0.0
1023,0.0028468067583142347,11.598256876422335,0.1667,UUCGGGAUGAUU,GGGU,0.0
1024,0.04700121115986544,0.00021326784113169457,0.25,GUUUGGAGGCUA,CCGCC,0.0
1025,0.04491347673323333,566374.9538638253,0.1429,ACAUGUGGAGGACC,CCCC,0.0
1026,0.23813600522542522,16.184122434797445,0.1538,AAUGGGAGGGAGU,CGGCC,0.0
1027,132.27207709359328,3640696.6401467044,0.0714,ACAUGUGGAGGAUC,GAAAAA,0.0
1028,3.8308971057261036,0.0002589772105747985,0.3,UCCGGGAGGC,CCGG,0.0
1029,306.2221017852339,3.342753914175035,0.25,UGGGAGGC,CACC,0.0
1030,0.1244338770585112,27.736725791884798,0.0909,CAUUGGAGGAA,UACCACU,0.0
1031,0.0009186948488520988,0.054805941153239196,0.4286,CUCUCUGGAGGCAC,CGGCAA,0.0
1032,675.986183412469,9.14174402432129,0.2727,UCCGGGAGAGC,AGCAGC,0.0
1033,0.05528157384344245,306.22233872455485,0.0714,ACAUGUGUAGGACC,GGAACU,0.0
1034,4.1483813642645323e-07,2.2708363974555204e-05,0.0833,GAGAGGAGGCCG,GGAGUUA,0.0
1035,7.190033202375274,1.0258185205350492,0.2727,UCCGGGAGGGC,AGCAGC,0.0
1036,20.577244417025764,3147.8188726439366,0.3,UUCCGGAGGA,CUACU,0.0
1037,415.4539235869135,300.31661450871417,0.0,UUCCGGAGGU,UACCACU,0.0
1038,360.1706758284086,110877446.56922194,0.2222,GUGGAGGAU,CAGG,0.0
1039,0.8646609042694,1.9631671469213203,0.1429,ACAUGUGGAGCACC,GAAAAA,0.0
1040,0.028886412346545518,712.0166030188764,0.0,CAUUGGAGGAA,UACCACU,0.0
1041,46844.48444420791,9488.927877305357,0.2,UUCCGGAGCA,UUCU,0.0
1042,30.972514749934692,3849.4217738970947,0.1818,UUCGCGGAGGA,UACU,0.0
1043,245.18266011539703,4738.030785082018,0.0,UUCCGGAGGU,UACU,0.0
1044,102519.63299858633,9274930488.060568,0.2222,GUGGAGGAU,UCU,0.0
1045,1.158575929696772,2167226.1896739574,0.0833,UUCGGGAGGAUU,CAGG,0.0
1046,10874.600496054838,2074324.275931069,0.1,UUCCGGAGGA,UAUUC,0.0
1047,2086.8310030230778,139.62206680688544,0.1818,UUCCGGAUGGA,UUCU,0.0
1048,0.18131475039027353,21.394428483056718,0.0909,UCGGGAGGAUU,CUGG,0.0
1049,0.0001108981012923852,66.1887416408126,0.1429,ACAUGUGGAGGACC,CUGGG,0.0
1050,1774.2496892202462,5036494.9358792575,0.4,UUCCGGAGGA,GAAAAA,0.0
1051,3395.48420811876,375475.2655696951,0.0,UUCGCGUGAGGA,GAAAAA,0.0
1052,3492.3008298778977,39.37992325010321,0.1,UUCCGGAUGA,UACUC,0.0
1053,62.02906217780391,9067.449054372026,0.1818,CAUUGGAGGAA,UUCCAGU,0.0
1054,260.35444619486475,40.943810142643954,0.1,UUCCAGAGGA,UACU,0.0
1055,83.61090317181973,1454.002378075844,0.0,GAGGAAGGGAC,UACU,0.0
1056,32923.465836028474,273773.4268486256,0.3636,CAUUGGCGGAA,GAAAAA,0.0
1057,2886.887956164802,249574919.499301,0.2857,ACAUGUGGAGGAAC,GAAAAA,0.0
1058,0.0009484952647111323,153386306.1677717,0.2727,UUCGCGGAGGA,UCU,0.0
1059,0.0002950317648960869,4.222636201792569,0.3333,UUCGGGAGGAUU,GGGU,0.0
1060,0.25082840066654516,21.394445036993652,0.0833,AUCGGGAGGAUU,CUGG,0.0
1061,2475.7778546520863,245171.39982689553,0.1818,CAUUGGAGGAA,UUCAACU,0.0
1062,1121.5263434856163,8650237.935271608,0.1429,ACAUGUGGAGGACC,GAAAAGA,0.0
1063,196197.82472354785,9638624.084761566,0.0833,UUUGGGAGGAUU,GAAAAA,0.0
1064,4107.5562306875145,13559.844816229697,0.0,UACCGGAGGA,UACUC,0.0
1065,1508.4935431545582,1453.9995654941624,0.3077,ACAUGUGGAGACC,UAU,0.0
1066,3993.6790973012107,322004.22214566276,0.0769,CCAUGUGGAGACC,GAAAAA,0.0
1067,9067.43853047549,566373.6391681666,0.2,UUCCGGAGGA,UCUCU,0.0
1068,0.00039064723932464017,445455.88614599704,0.3636,UUCGCGGAGGA,CUACU,0.0
1069,73.43194451600708,7085.456338559637,0.0,GUGAAGGAU,UGGC,0.0
1070,586.0340901428353,66.61968325153796,0.1818,GAGGCAGGGAC,UACU,0.0
1071,675.986289655799,1264496485.0823417,0.25,UUCGGGAGGAUU,GAAAA,0.0
1072,48.39199046135474,6554.536279454438,0.2,UGCCGGAGGA,GGGU,0.0
1073,0.024348317744172537,74107.85213700941,0.0769,ACUGUGGAGGACC,GAGAAAA,0.0
1074,111785.85399559495,86641417.7821812,0.1,UUCCGGAGGA,UUCAC,0.0
1075,253.13652535087414,795.0775777548644,0.1429,ACAUGUGGAGCACC,GAAAAA,0.0
1076,758494.4986553657,1734237239.2758722,0.4,UUCCGGAGGA,AACAC,0.0
1077,859.4810082324182,295948.7831433371,0.1,UUCCGGAGGA,UACAA,0.0
1078,25.163597380801075,481539.9657449008,0.1429,ACAUGUGGAGGACC,CCCC,0.0
1079,2969.202796164565,424960836.4379595,0.1111,GUGGAGGAU,AGG,0.0
1080,42.47819022315214,9.946588071736235,0.1429,ACAUGUGGACGACC,GAAAAA,0.0
1081,17203.582948826363,4520025.743017616,0.1,UUCCGGAGGA,UUAU,0.0
1082,7.128161525820645,33209.22513603678,0.3333,UUCGGAGGA,GAAAAA,0.0
1083,25.163565741545387,53248953.08129989,0.0,ACAUGUGGAGGACC,CCCC,0.0
1084,230762.62481938693,1325485.8640500365,0.125,UGCGAGGC,CCCC,0.0
1085,1293.6741383557423,32180973680.374226,0.2222,GUGGAGGAU,AAAAAA,0.0
1086,4.222637018608425,783513.8689305694,0.4,UUCCGGAGGA,UGGC,0.0
1087,0.002953500161931242,20234.4168228143,0.0,UUCCGGAGGA,GAAAAA,0.0
1088,2.206464912353182,3147.8213082684774,0.2,GUGGGAGGAU,UGGC,0.0
1089,74107.83780178054,56546.60596410692,0.1,UUCCGGAGGA,ACAC,0.0
1090,16.0448734400863,9722278.784118313,0.1538,AUAGUGGAGGACC,GAAAAA,0.0
1091,0.17065897621943632,11.69892397455927,0.0,ACUGUGGAUGACC,GAAAAA,0.0
1092,8067.630124736625,714263240.2122521,0.2222,GUGGAGGAU,CAGC,0.0
1093,1617432.2847936226,193437359461.96973,0.2143,ACAUGUGGAGGAAC,GAAAAA,0.0
1094,8.081103030159483,307189008.0961948,0.1111,GUGGAGGAU,UGG,0.0
1095,0.8721664054821207,425670.5499696029,0.2,GUGGAGCGAU,GAAAAA,0.0
1096,953.5384212857429,1366925700.9531372,0.1111,GUGGAGGAA,UGGC,0.0
1097,6554.529939995211,16961536801.853657,0.1,GUGGAGGGAU,GAAAAA,0.0
1098,1.746696752833642,449.10672623329947,0.1,GUUGGAGGAU,UGG,0.0
1099,718567.6117574695,25739352.158996407,0.2143,ACAUGUGGGGGACC,AGAAAAA,0.0
1100,337.5352420628758,22063.263012399802,0.4545,UUUCCGGAGGA,UGGC,0.0
1101,3.194276715309922,2475.7791955949383,0.1538,ACAUGUGGAGGCC,CCCC,0.0
1102,4831.204128783408,616239.0501525775,0.2857,ACAUGUGGGGGACC,AAAUA,0.0
1103,168257.91896109126,534236.9395533875,0.2222,GUGAGGGAU,GAAAAU,0.0
1104,25121.598792145705,36307575.48965531,0.1,UUCCGGAGGA,UUG,0.0
1105,498.2542958262112,17100528.61815469,0.0,GUGGAGUGGAU,UAUC,0.0
1106,17203.599587916226,5975202.488950432,0.0769,CAUGUGGGGGACC,GAAAAA,0.0
1107,184.57134178227395,724804.1406437971,0.1429,ACAUGUGGAGGACC,GAAAA,0.0
1108,5682.328459777893,813271177.8062732,0.2222,GUGGAGGAU,UCG,0.0
1109,10.142165686631163,29547.37429239722,0.3333,UGGGGC,CCCC,0.0
1110,6498.136952219145,2256951.1625760635,0.1429,ACAUGUGGGGGACC,GAACAA,0.0
1111,0.5122146044834931,178856755.26970747,0.0769,ACUGUGGAGGACC,AAAAA,0.0
1112,610936.4259905248,299315560.20934016,0.1,UUCCGGAGGA,UUC,0.0
1113,2377.3520586893915,561771609.3106368,0.2222,GUGGAGGAU,UAACUC,0.0
1114,549.2044696647807,813271177.8062732,0.2222,GUGGAGGAU,UGC,0.0
1115,454215.7731679137,188794631.4964599,0.1,UUCCGGAGGA,UUCA,0.0
1116,201791.80827467097,3267367.040149765,0.1429,UGGCGGC,CCCC,0.0
1117,149704.86585902068,1253619119.3723466,0.4286,ACAUGUGGAGGACC,CAAAAA,0.0
1118,788.2371100196223,16961552386.589853,0.25,ACUGUGGAGGAC,GAAAAA,0.0
1119,18.87156851108372,143055.22570733703,0.1429,UGGAGCC,GAAAAA,0.0
1120,0.12336332530953123,39059.77062600189,0.0769,ACUGCGGAGGACC,GAAAAA,0.0
1121,78225.69734475008,13714123.09964781,0.4286,ACAUGUGGAGGACC,AUAAAA,0.0
1122,207.44566004834923,261612.35222013478,0.1,GUGGAGGCAU,UACU,0.0
1123,324.64289529276436,534237.2495776917,0.0,GUGGAGCGGAU,UAC,0.0
1124,1090.4348299500912,22901174.874459933,0.0,GUGGGGGAU,UAC,0.0
1125,20811.323502113595,345258806.01317745,0.3,GUGGAGGGAA,CAUC,0.0
1126,20.577260338666548,500662.1024236427,0.2,GUGGAGGGAU,UCGC,0.0
1127,22.38890284999495,1631471.581124238,0.0909,GUGGAGGAGAU,GAAAAA,0.0
1128,832.0356744020173,6092695.141774802,0.1429,ACAGGUGGAGGACC,GUAAAA,0.0
1129,197900.61654333677,124410728076.06999,0.2222,GUGGAGGAU,UAAACAUA,0.0
1130,19503.449458448493,10424384653.26077,0.1538,ACAUGUGGAGGAC,GAAAA,0.0
1131,3993.6829599375924,173236551.42759293,0.1,GUGGAGGGAU,GAUAA,0.0
1132,166810.1871869175,2256953.2581551117,0.1429,ACACGUGGAGGACC,UACAUC,0.0
1133,10573.141660301124,87920.2924702799,0.2857,ACAUGUGGAGGACC,GCAAA,0.0
1134,25121.601221874207,146573207.79644018,0.4286,ACAUGUGGAGGACC,UAAAA,0.0
1135,314.27637404199265,473516618.295478,0.0,GUGGAGGGAG,UAC,0.0
1136,124019.17108608174,4256441179.131446,0.2222,GUGGAGGAU,UCUC,0.0
1137,81.99859859547135,9067.44730038842,0.0,GUGGCGGGAU,CAUC,0.0
1138,58411.703472710484,6122140370.440926,0.2222,GUGGAGGAU,UAUUC,0.0
1139,2086.828984668232,906195076.9391136,0.2,GUGGAGGGAU,CAU,0.0
1140,29.59678339559743,222055745.69519052,0.0,GUGGAGGGAU,AACUC,0.0
1141,66.94479352886859,13449634.014443636,0.4,GUGGAGGGGU,AACUC,0.0
1142,18.189841015630943,94269359.86094728,0.0,GUGGAGGGAU,GUAAA,0.0
1143,74751.0424965439,3375144.949630962,0.2,GUGGACGGAU,UCUC,0.0
1144,375474.9024150754,3347715909.614168,0.1111,GUGGAGGGU,GAAAAA,0.0
1145,1508.4926677576036,689.2781955313815,0.1429,ACAUGUAGAGGACC,GAAACA,0.0
1146,3424.957971435655,5975208.268091407,0.2143,ACAUGUGGAGGACC,GACAAA,0.0
1147,60.43924160208331,293543901.4146164,0.0,GUGGAGGGAG,UAUC,0.0
1148,26.85100705804552,131479.57731881697,0.0,GUGGUGGGAU,UUC,0.0
1149,14.49334799293406,254482380.3520064,0.1818,GUGGAGGGAGU,CAC,0.0
1150,12045.100816039263,37850440220.209274,0.2222,GUGGAGGAU,AAC,0.0
1151,92.61035286067111,1264497463.4863737,0.1,GUGGAGGGGU,AAC,0.0
1152,832.0351915617038,8266005.613171676,0.1,GUGGAGGGUU,AACUC,0.0
1153,32923.45309877166,11268772696.994473,0.0909,GUGGAGGGAAU,UAUAC,0.0
1154,3183626.6744400207,2153106077.9662237,0.3333,GUGGGGGAU,UCUC,0.0
1155,3492.2994787949715,15439.465185436668,0.1,GUGGAGUGAU,AACUC,0.0
1156,7642.9404959092935,4256433974.7820225,0.1,GUGGAGGGAU,UUU,0.0
1157,3.6076653847045486,25121.613370520226,0.0,GUGGCGGGAU,AACUC,0.0
1158,411.8793373564056,140974612.41605985,0.1,GUGGAGGGAU,CAC,0.0
1159,28234.945652097944,1516514214.857367,0.3,GUGGAGGGAU,UAUAC,0.0
1160,5572.755861338681,222055487.97202268,0.0909,GUGGAGGGAAU,UCUC,0.0
1161,11.59827931181063,2256952.0357337636,0.1,GUGGAGGGAU,GCAUC,0.0
1162,1319.1112780911387,516314744.5458339,0.1,GUGGAGGGAU,UGC,0.0
1163,88.64055215710556,60731.407334911426,0.1,GUGGAGGGAU,UCUGC,0.0
1164,0.6250324800479643,199.52235037265925,0.0,GUGGCAGGGAU,UAC,0.0
1165,105442.90272269676,10174190.890837993,0.1,GUGGAUGGAU,UAUCUC,0.0
1166,549.2044696647807,238489301.37526557,0.1,GUGGAGGGAU,CAAC,0.0
1167,1934.615858720137,25121.62005227805,0.1111,GUUGAGGAU,UACU,0.0
1168,64803.97057341983,33098507350.628696,0.1,GUGGAGGGAA,UAAC,0.0
1169,2.607850919245747,78225.60655414953,0.2,GCGGAGGGAU,AACUC,0.0
1170,31.58152062394918,378733.6765485791,0.3,GUGGAGCGAU,AACUC,0.0
1171,19.035353288396962,1451575.3358482353,0.1429,ACAUGUGGAGGACC,UAC,0.0
1172,1121.5269943212263,1454.000971784323,0.1,GUGCAGGGAU,UAUG,0.0
1173,51.386344472163735,32726181.65322183,0.2,GUGGAGGGAU,UCG,0.0
1174,1.701935056961354,80149168.97459815,0.1,GUGGAGGGAA,UAUC,0.0
1175,15043.776882144815,777147781.8035913,0.2222,GUGGAGGAU,CAUC,0.0
1176,2086.828984668232,906195076.9391136,0.1,GUGGAGGGAU,CAA,0.0
1177,2086.8310030230778,1451575.616637222,0.1,AUGGAGGGAA,UACAUC,0.0
1178,2146.3312574609286,14753.694182285053,0.2,GUGUAGGGAA,UAUC,0.0
1179,221.3568043390901,4215.598316020601,0.2,GUGCAGGGAU,AUAUC,0.0
1180,0.6250327218573284,80149277.5015999,0.2,GUGGGGGGAU,UACAUC,0.0
1181,5.299610793967539,9488.924206278973,0.1111,GUGGUGGAU,UAUCUC,0.0
1182,197900.6859283516,19470924.14399741,0.1,GUGGACGGAU,UUC,0.0
1183,120581.17212905116,168258.01660324287,0.0,GUCGAGGGAU,UACAUC,0.0
1184,6554.53754734702,131479.72991731143,0.1818,GUGAGAGGGAU,UCUC,0.0
1185,122.62405943643128,329923165.0867524,0.1,GUGGAGGGAU,AGAC,0.0
1186,30.706004902988806,25739354.648473177,0.1,GUGGAGGGAU,GCAUC,0.0
1187,1293.6747326876625,119858642.3193893,0.1818,AGUGGAGGGAU,CUC,0.0
1188,2969.203944874532,10424386669.726843,0.2222,GUGGAGGAU,CAUC,0.0
1189,184.57131277358798,261176028.14189997,0.1818,GUGGAGGGAGU,UAUAC,0.0
1190,33862.22897682125,66508.61256179694,0.0,GCUGGAGGGAU,CAUC,0.0
1191,1.4068928211558132,41880574.89957475,0.1,GUGGAGGGAG,UACAUC,0.0
1192,20410.009907242245,23925728610.025936,0.1,GUGGAGGGAA,UAUAC,0.0
1193,1521.5860381602215,12830810754.946468,0.0,GUGGAGGAU,UUC,0.0
1194,188.2007466776124,165810818.66039693,0.0,AGUGGAGGGAU,UUC,0.0
1195,141824.28912488534,342287983.43305993,0.1,GUGGAAGGAA,AAU,0.0
1196,788.2371481382563,54034.77472515723,0.2727,GAUGGGGGGAU,UACAUC,0.0
1197,441624.28916720516,477625952.5652319,0.0,AGUGGAGGCAU,UACAUC,0.0
1198,1090.4361746352743,27360722531.171898,0.2222,GUGGAGGAU,AAU,0.0
1199,46844.4753827335,19949736017.38678,0.3333,GUGGGGGAA,AAUC,0.0
1200,1631469.3720123828,572817935.6537822,0.3,GUGGAGUGAU,UAUAC,0.0
1201,1090.4348299500912,2153104412.0018945,0.0,GUGGAGGGA,UUC,0.0
1202,10573.141660301124,11435092.670104695,0.0,AGUGGACGGGAU,UACAUC,0.0
1203,74750.97019834213,3214625776.9750104,0.2,GUGGAGGGAG,UAUAG,0.0
1204,0.1801417747285267,1631470.0031868927,0.1111,CUGGAGGAU,UAUCAUC,0.0
1205,136.04346523623698,23656638.000499364,0.2,GUGGAGGGCU,AAA,0.0
1206,378733.4714171128,100207673794.19235,0.2222,GUGGAGGAU,UAUAU,0.0
1207,193.15096355892913,102519.79164775943,0.1,GUGAAGGGAG,AAU,0.0
1208,1644.8356922613432,988100839.6922805,0.3333,GUGGAGGAU,AACU,0.0
1209,2911.946396882229,30274012.518646397,0.2,GUGGAGGUGA,UUC,0.0
1210,13.759976906194247,23925728610.025936,0.3,GUGGAGGGAU,UAUAC,0.0
1211,141824.28912488534,73065176127.53761,0.1,GUGGAGGGAG,AAUU,0.0
1212,369.643736925673,32460286163.314457,0.2222,GUGGAGGAU,UAUCAUC,0.0
1213,1508.49471035129,406084864.2707193,0.2,GUGGAGGGCU,UACAUC,0.0
1214,103409.41239046225,4014915072.8661804,0.2222,GUGGGGGAU,UAUAC,0.0
1215,221.35667588307308,6351580252.700721,0.1,GUGGAGGGAU,AAA,0.0
1216,42223.733841907975,1375163.3184172013,0.4444,GUGAGGGAG,AAC,0.0
1217,33209.23155994359,3903615367.150663,0.5,GUGGAGGGAG,CUAUAU,0.0
1218,14753.681339667519,5975202.488950432,0.4,GUGGACGGAG,AAAC,0.0
1219,279155.9266724715,13780385736.380709,0.2,GUGGAGGGAA,AGUC,0.0
1220,18.87157946248837,3640698.0486407634,0.0,UAGAGGGAU,AAU,0.0
1221,20234.414865767903,1179332.1839394956,0.25,GUGAGGAU,UACAUC,0.0
1222,62.02901418286052,51884272.30013683,0.2222,GUGGAGGAU,UCUCAUC,0.0
1223,33209.23155994359,172395563.3241548,0.1,GGUGGAGGAC,UAUAC,0.0
1224,1.8851211772146843,561771609.3106368,0.0,GUGGAGGAU,UAACUC,0.0
1225,12435.839926581875,19597716.65189519,0.1,GUGGAGGGAA,CUAUAC,0.0
1226,2086.827773656262,3744502.9162537106,0.2,GUGGUGGGAG,UAUAU,0.0
1227,12435.845940474697,83471.36445268821,0.0909,GUGGAGGGAUC,UACAUC,0.0
1228,273772.8972689379,113057510.19570586,0.0909,GGUGGAAGGAU,UAUAC,0.0
1229,3849.4116284337924,12155387226.557285,0.1,GUGGAGGGAA,UAUGAC,0.0
1230,2104.9420289771415,481539.77944925864,0.2,GUGCAGGGAU,UAUAC,0.0
1231,1592.3135420113524,118884606974.54016,0.2222,GUGGAGGAU,UAUAAUC,0.0
1232,1.4850667639702673,105952484.75071874,0.0,UGGAGGGAU,AGU,0.0
1233,20811.335579182058,38178918894.68969,0.1111,GUGGAGGAA,AAUC,0.0
1234,63554.328070379794,477626599.3007283,0.2222,GCGGAGGAU,AACA,0.0
1235,3288.79767788895,777147000.090863,0.1,GUGGAGGGAU,UAGAC,0.0
1236,2454.4742396528427,9580878585.45054,0.0,GGUGGAGGAU,UAAC,0.0
1237,58.76373748909185,35899.20648167211,0.0909,GUGGAUGGGAG,UAUAC,0.0
1238,89648.87679430784,1487270339.1152265,0.3,GUGGAGGGAA,AAUC,0.0
1239,196197.86267554868,132975445.9060963,0.0909,GUGGACGGGAU,UAUAC,0.0
1240,14167.135823872968,53854698590.678925,0.1,GUGGAGGGAG,AAAAC,0.0
1241,232765.43951910734,1516514801.5586176,0.3,GUGGAGGGAG,UAUAU,0.0
1242,0.47691865959756197,14539101.932737071,0.3,GUGGAGCGAU,UAUCAUC,0.0
1243,1387099.8566599647,5554180888.060381,0.1,GUGGACGGAG,UAUAA,0.0
1244,38723.7283784754,1487269763.7279222,0.1,GUGGAGGGAG,CUACAUC,0.0
1245,166810.1609697147,2419944330.82602,0.0833,AGUGGAGCGGAU,UAACAUC,0.0
1246,53569.87496901169,103064745623.53041,0.2727,AGUGGAGGGAU,UGAACAC,0.0
1247,1293.67454500387,3347716557.1876903,0.3,GUGGGGGAAG,AACA,0.0
1248,1508.4935431545582,34025823.27547451,0.0909,AGUGGAGGGAU,UAACACG,0.0
1249,103409.41239046225,1075094599.477044,0.1111,GUGGAGGUU,AACA,0.0
1250,7709.281889905755,13449643.900763782,0.1,GUGGAGGGAC,UAUAC,0.0
1251,10664.898890533143,777147481.1447563,0.375,GUGGAGGU,UAUCAUC,0.0
1252,14753.678485754052,272860364156.48383,0.1,GUGGAGGGAG,UAUAU,0.0
1253,197900.61654333677,28140840087.284084,0.2,GUGGAGGGCG,UAUAU,0.0
1254,105442.77014487362,377471086290.93536,0.1,GUGGAGGGAG,AAUAU,0.0
1255,39827.87150909523,65008591231.94674,0.1,GUGGAGGGAG,AACAUC,0.0
1256,20234.39333827,10424374570.9363,0.0909,GUGGAGGGAUG,UACAUC,0.0
1257,58.76380569175913,9913449.689157318,0.1,GUGGGGGAAG,AUAU,0.0
1258,53569.92937173043,16815585884.18818,0.0909,AGUGGAGGGAU,UAACACA,0.0
1259,3424.9592964658486,27991.989116006993,0.0909,GUCGAGGGAGU,UAUAU,0.0
1260,14098.346906067747,431664467490.4943,0.2222,GUGGAGGAU,UAUAAC,0.0
1261,1918892.0490404319,96123181.06720664,0.5556,GUGAGGGAG,UAUAU,0.0
1262,116225.07049612938,1065844019.7008058,0.3,GUGAGAGGAU,UAUAAC,0.0
1263,39059.83107101257,89931946057.55719,0.0909,AGUGGAGGGAU,UAAACAUC,0.0
1264,18159.51690454854,4591327807.422253,0.1,GUGGAGGGAC,UAACAU,0.0
1265,63554.37955062118,191772966107.60034,0.4545,GUGGAGGGAGU,UACAU,0.0
1266,348087.4335386915,178856686.0745493,0.2222,GUGGAGUAU,UAUAAC,0.0
1267,54034.78517750459,35301066.05920955,0.0833,UAGUGGACGGAU,UAUAU,0.0
1268,15.465280059147547,21883989.493796926,0.0,GCUGGAGGAAG,UAAU,0.0
1269,935.1503920222231,9274916135.12414,0.2222,GUGGAGGAU,AACA,0.0
1270,454215.597443311,61586490095.542595,0.0,GUGGAGGCAG,UAAUAU,0.0
1271,63554.34036416498,8786691171.352137,0.3,GUGGAGGGAU,UAUAU,0.0
1272,141824.28912488534,512118573209.76135,0.5,GUGGAGGGAG,UUAU,0.0
1273,279156.196668586,477626414.5190687,0.2,GUGGACGGAU,AAUU,0.0
1274,197900.6476469611,702362105287.6573,0.0,GUGGAGGGAGU,GAAAU,0.0
1275,80805.90682384055,377471086290.93536,0.1,GUGGAGGAAG,UAA,0.0
1276,4738.034806281707,117861653778.93628,0.2222,GUGGAGGAU,UAUAU,0.0
1277,31734.101029079877,1556403469.929852,0.3,GAUGGAGGAU,UAUAAC,0.0
1278,137368.04627921738,38178924802.8749,0.5,GUGGAGGAAG,UUAAU,0.0
1279,66.61965103469991,118884331014.1083,0.0909,GUGGAGGGAGU,AAU,0.0
1280,145868.00509173583,32180983796.007126,0.0909,CGUGGAGGGAU,CAAU,0.0
1281,3492.302180961347,164463120740.49155,0.2222,GUGGAGGAU,AAA,0.0
1282,271417.23663406,85937369060.0957,0.3,GUGGAGGGUU,UAACAUC,0.0
1283,1293.6755459844212,18445970.757096685,0.0,GUGGAGGCAU,UAACAU,0.0
1284,5121.823278575911,85197926699.73305,0.1818,AGUGGAGGGAU,GAAU,0.0
1285,3395.4868353743295,100207518723.01706,0.2222,GUGGAGGAU,AAU,0.0
1286,28234.934728711087,8510605672.09786,0.2,GUGGAGGGAG,UAUAG,0.0
1287,1293.6735440240916,770459375.1900077,0.0909,GUGGAGGGGAG,UAUAU,0.0
1288,12435.848346032659,191772884959.97794,0.2,GUGGAGGAAU,UAUAU,0.0
1289,41880574.89957475,22901192.594241716,0.25,GUGAGGAU,AACA,0.0
1290,96.44464800458825,22314263.75840544,0.2727,GAUGGAGGGAG,UAUAU,0.0
1291,89648.94616011737,512118573209.76135,0.5,GUGGAGGGAG,CAAU,0.0
1292,43900.53093077898,129289109.19685291,0.4444,GUGGCGGAU,UAUAAC,0.0
1293,37324.85715622403,443972065366.00073,0.1,GUGGAGGAAG,UAAA,0.0
1294,322004.64258763986,6869384508415.772,0.1667,UAGUGGAGGGAA,UAACAUC,0.0
1295,445456.8512267216,21695690.16578132,0.0909,GUGCAGGGAGU,UAAAU,0.0
1296,7709.27918699124,602340982350.8948,0.1,GUGGAGGAAG,CAAU,0.0
1297,9067.45464519704,167697091871.01196,0.5,GUGGAGGGAG,UAUAU,0.0
1298,6498.136952219154,512118573209.76135,0.5,GUGGAGGAAG,UUAU,0.0
1299,12543.78380479847,44905076872.41487,0.1,GUGGAGGGAG,UUAUCAUC,0.0
1300,13.75997903554974,113057510.19570586,0.0,GUGGAGGCAAG,UAAU,0.0
1301,314.27637404199265,3503323818.0277247,0.0909,GGUGGAGGGAG,UAAUAU,0.0
1302,20410.019777392772,52816198617.16793,0.2,GGUGGAGGAU,UAAAAU,0.0
1303,63554.35019919483,18029960759140.46,0.1111,GUGGAGGAA,UAAUAAC,0.0
1304,6683.414772689751,431664175240.41003,0.25,UAGUGGAGGGAU,CAAU,0.0
1305,10573.141660301137,826100129432.0071,0.1,GUGGAGGAAG,UAAAU,0.0
1306,360.1702316793773,914060045.6372693,0.0833,GUGGAGGGUAGU,UAAUU,0.0
1307,1319.1112780911408,7535407995.029723,0.2,GUGGAGGACG,UAAU,0.0
1308,1188.9940715294942,377471086290.93536,0.1,GUGGAGGAAG,UAA,0.0
1309,39059.81218193669,164463295713.83673,0.2222,GUGGAGGAU,AACA,0.0
1310,523934.7365808417,377471319032.77704,0.1,GUGGAGGAAG,CAAA,0.0
1311,19598.645173649584,138625660713.62198,0.1,GUGGAGGGAC,UAAAAU,0.0
1312,14098.344178920415,512118573209.76135,0.2,GUGGAGGAAG,UAAU,0.0
1313,232765.61962134345,2594705388330.7256,0.1818,UAGUGGAGGAU,UUAAAAUC,0.0
1314,3993.6806423553157,35607461.74600836,0.0833,UAGAGGAGGGAU,UAACAUA,0.0
1315,14167.13787921356,14296847351.437508,0.3,GUGGAGCGAG,UAAAAU,0.0
1316,441623.6057544982,320931298043.5036,0.5,GUGGAGGAAG,UUAU,0.0
1317,168257.82131899646,630339836476.6948,0.0909,UAGUGGAGGAU,UUAACAUG,0.0
1318,3183626.6744400207,1344150447782.55,0.2222,GUGGAGGAU,AAA,0.0
1319,523934.66690370225,100207567182.7338,0.3,UGUGGAGGAU,UAAAU,0.0
1320,616238.3945326868,62121036191.03101,0.0833,UAGUGGAGGCAU,UUAACAUC,0.0
1321,102519.71232314235,722389079665.2201,0.2727,UAGUGGAGGAU,UUAACAUCU,0.0
1322,295948.89763848577,7004452007631.16,0.1111,GUGGAGGAA,UAAAC,0.0
1323,645.9605823090203,13333933.328397876,0.0,GAGGAGGAA,UAUAAC,0.0
1324,4831.200390642592,27360709961.280563,0.2,GUGGAGGGAG,UAAUAU,0.0
1325,20410.041491740783,3347713966.8943415,0.0,GUGGAAGGAAG,UUAACAUC,0.0
1326,628355.2963334952,1142814985993.8982,0.0,GUGGAGGAAG,AAA,0.0
1327,48076.618808993386,72436491692.73395,0.1,GUGGAGGGAG,AAA,0.0
1328,1710.1559943394034,7027877.155550006,0.0,GAGGAGGAAG,UAAU,0.0
1329,9488.927418426985,1516513848.1692033,0.3,GUGGAGCGAG,UAAUAU,0.0
1330,16663.031369766042,702362105287.6573,0.5,GUGGAGGGAG,CAAUAU,0.0
1331,3.5901468772256435,2902238684.303512,0.2,GUGGAGGAAG,GUAAU,0.0
1332,26980.788947631438,57438475.78146702,0.0,GUCGAGGAA,UAUAAC,0.0
1333,3147.818872643941,73065176127.53761,0.2,GUGGAGGGAG,AAAU,0.0
1334,11.928966622207023,561771717.9782875,0.0909,GUGGAGGGAGU,AAAUU,0.0
1335,51634.668230281655,3347713966.8943415,0.3,GUGGAGUGAU,UAAAAC,0.0
1336,441623.6057544982,49258886.34169047,0.125,GGGAGGAU,AAAA,0.0
1337,17779614.362716973,72436435645.04933,0.3,GUGGAGUGAA,UAUAAC,0.0
1338,2886.8924236250755,477626137.34671366,0.0833,UAGUGGAGGCAU,UAACAUA,0.0
1339,852495.540755363,21695656.59174407,0.7778,GUGAAGGAU,UAUAU,0.0
1340,5180090.242769097,4631182727.261489,0.2222,GUGGAGUAU,UAAAAC,0.0
1341,14753.67616694975,1264499221.5580168,0.2222,GUGGCGGAU,UUAACAUC,0.0
1342,724803.8602353933,267598733565.93445,0.25,GUGGAGGGCAGU,AAAUU,0.0
1343,87920.29247028002,271417.44664311985,0.7778,GUGGACGAU,UAUAU,0.0
1344,14626.731443240918,1875616933945.5674,0.1667,UAGUGGAGGGAU,UAACAUA,0.0
1345,103409.47240022343,770461014.5839998,0.7778,GCGGAGGAU,UAUAU,0.0
1346,19503.44945844852,8266008.811081567,0.2222,GUGUAGGAU,UAAAAC,0.0
1347,32726206.97510163,777146879.8274351,0.2222,GUGUAGGAU,AAAA,0.0
1348,8333.744865404591,10334672737.870703,0.1111,GUGGAGGAA,CUAUAAC,0.0
1349,10664.903016514589,49258867.284672335,0.1,UAGUGGAGAU,UUAACAUC,0.0
1350,78225.63681767158,42838886511998.414,0.3333,GUGGAGGAA,UAACAAUA,0.0
1351,116225.07049612938,507712475945.22595,0.2222,GUGGAGGAU,AGAAA,0.0
1352,4107.552257914439,49258848.22766156,0.25,GUGGUAGGGAGU,AAAUU,0.0
1353,31888.969490700147,702362105287.6573,0.0,GUGGAGGAU,UAGAAC,0.0
1354,724803.8602353933,5447073043.072338,0.1111,GUGGAGGCA,AAAUU,0.0
1355,6498.136952219154,561771717.9782875,0.2,GCUGGAGGAU,UAACAUA,0.0
1356,197900.6476469611,708457984765.9667,0.0,GUGGAGGGAGU,GAAUU,0.0
1357,1049291.144832883,249575402.2710045,0.2222,GUGGAGUAU,AAAA,0.0
1358,39059.806892997054,2249430088761.8433,0.1111,GUGGAGGAU,UAUAAAC,0.0
1359,89648.94616011737,914060752.8911387,0.1818,GCGGAGGGAGU,AAAUU,0.0
1360,322004.6893034492,2419941668.4647098,0.2727,UAGUGGAGAAU,UUAACAUC,0.0
1361,935.151079416109,614184423219.8849,0.1111,GUGGAGGAA,UAUAAAC,0.0
1362,1179330.9292419278,655056556.6256185,0.2222,GUGGAGUAU,UAUAAU,0.0
1363,1387098.5150756624,7535407995.029723,0.1,GUGGAUGGAU,UAAAAC,0.0
1364,7166067.559894724,431664049990.43384,0.3333,GUGGAGGAU,UAUAAU,0.0
1365,3272.828197184402,25517909.23675795,0.2222,GUGCAGGAA,UAUAAC,0.0
1366,137368.15256772953,21206356778075.043,0.1111,GUGGAGGAA,UUAAAC,0.0
1367,7366.843189376365,11177184199327.965,0.2222,GUGGAGGAU,AAAAC,0.0
1368,14753.67848575403,38178924802.8749,0.1667,UAGUGGAGGGAU,UAAAUAG,0.0
1369,692609.7922132096,367006644276.84106,0.3333,GUGGAGGAU,UAUAAC,0.0
1370,1179330.7438889912,1487271256.1392035,0.4444,GUGGCGGAU,UAAAAC,0.0
1371,19503.44568575229,9421237940987.055,0.2,AGUGGAGGAA,UAUAAC,0.0
1372,58.76382842599925,8706559.750693278,0.1111,GUGGAGGCU,UAUAAAC,0.0
1373,127281.11236516308,15462362643798.814,0.1111,GUGGAGGAA,UAUAACA,0.0
1374,160784.3071900363,9503011781004.713,0.3333,GUGGAGGAU,UAAAAC,0.0
1375,9067.446072600094,826100369130.035,0.2222,GUGGAGGAU,AAAGAC,0.0
1376,3272.825664835868,29336590338951.664,0.1111,GUGGAGGAA,UAAAAC,0.0
1377,4738.035550948688,2594701373029.313,0.1111,GUGGAGGAA,UAGCAUA,0.0
1378,1414373.2810429202,355475525554.14905,0.2222,GUGGAGGAU,UAUAAGU,0.0
1379,17352.89477453789,741388827315.2053,0.25,UAGUGGAGGGAU,UAAGCAUA,0.0
1380,378733.874354027,3526140486.302581,0.2222,GUGGAGGAU,UUAAAGC,0.0
1381,5080201.344037248,16961549925.841103,0.1111,GUGAAGGAA,UAACAUA,0.0
1382,523934.8189265639,971638342599.7386,0.4444,GUGGAGGAU,UCAAAU,0.0
1383,814630.0263667438,291018009.9056661,0.2222,GUGUAGGAU,UAUAAC,0.0
1384,44114.739755495735,722387402822.3766,0.1111,GUGGAGGAA,UUAAC,0.0
1385,783514.0204914707,18544033776204.74,0.2,AGUGGAGGAA,UAAAC,0.0
1386,232765.61962134345,512119365713.4582,0.1818,GAGUGGAGGAU,UUAACAUC,0.0
1387,1169183.4549184197,66607289859371.34,0.0909,UAGUGGAGGAU,UAAAAUA,0.0
1388,9722271.26151189,29591251688863.19,0.2727,UAGUGGAGGAU,UUAACAUC,0.0
1389,39059.819737565944,45788054530.33762,0.2,GGUGGAGGAU,UAAAAAC,0.0
1390,4738.033992876358,5955282058523.461,0.1111,GUGGAGGAA,UAUAAAC,0.0
1391,523934.61622942454,1749288202.006216,0.0,UAGUCGGAGGAU,UUAACAUC,0.0
1392,5325.226236107771,2978578151.1941266,0.3,GAUGGAGGAU,UAUAAC,0.0
1393,8194882.904382828,5196446547287.547,0.2222,GUGGAGGAU,UAAAAAGC,0.0
1394,124019.15309362371,18029946808470.848,0.1111,GUGGAGGAU,UAUAAU,0.0
1395,33209.21421539805,1912498079800.9744,0.3333,GUGGAGGAU,UAUAAAC,0.0
1396,30273971.52579017,722387961769.5604,0.3333,GUGGAGGAU,UAAAAAC,0.0
1397,0.8334255530613118,345258872.79915005,0.2222,GUGGAGGAU,AAAAC,0.0
1398,3868.198706801014,2594705388330.7256,0.4545,UAGUGGAGGAU,UAAAUA,0.0
1399,273773.1091006905,2206050385333.4634,0.1818,UAGUGGAGGAU,UUAACAUC,0.0
1400,31888.994164787135,1253618149.3854282,0.1,GUGGAAGGAU,UAAAC,0.0
1401,8266007.21212646,2249428348266.882,0.0,GUGGGGGAU,UAAAAAC,0.0
1402,161568.78750093805,2249430741447.7954,0.1111,GUGGAGGAU,AAGAAC,0.0
1403,12543.779983160879,722388520717.174,0.1111,GUGGAGGAU,UAGAAAC,0.0
1404,189110.22403342815,2419942838.733057,0.125,GGGAGGAU,UAAAAC,0.0
1405,232765.61962134345,872003699200.0983,0.3636,UAGUGGAGGAU,UAAACAUC,0.0
1406,63554.38953932955,3903617632.466963,0.0,GUGGAGGU,UAAAU,0.0
1407,54034.806082205374,3937497567.6709857,0.0,GUGGAGGU,UAAAA,0.0
1408,13449639.21776912,15329317775714.44,0.1,AGUGGAGGAA,AAUAAA,0.0
1409,814629.0808878046,9689857727657.914,0.2,AGUGGAGGAA,AAAAAC,0.0
1410,1956623.566294024,10334678735.209171,0.2222,GCGGAGGAU,UAUAAU,0.0
1411,1051.0447523565142,4922901692711.49,0.2,AGUGGAGGAA,UAUAAC,0.0
1412,5975201.333122908,7004457427325.205,0.3,GUGGAGGAUA,AAAAC,0.0
1413,71311531.41646607,27360688790.95033,0.5,AGUGGAUGAA,UAUAAC,0.0
1414,10191.189382115206,4185524428810.019,0.1111,GUGGAGGAU,UAUAAC,0.0
1415,48.391981100534935,695956818.9044119,0.4167,UAGUGGUAGGAU,UAAAUA,0.0
1416,207.4456600483495,85937435554.12679,0.2222,GUGGAGGAU,UAAAAC,0.0
1417,10573.135013269859,52816172564.772514,0.3,AGUGGCGGAA,UAAUAACA,0.0
1418,3672293.233855077,1783685458.5713136,0.125,GGGAGGAU,UAAAAAC,0.0
1419,78.3563395855579,32460273605.250202,0.2222,GUGGAGGAU,UAAAAC,0.0
1420,161568.8656345726,3051822959239.6772,0.2222,GUGGAGGAU,UCAAAC,0.0
1421,8989.428793750098,4965620424282.588,0.3333,GUGGAGGAA,UAAUAACA,0.0
1422,869258.3129085494,78341770376985.66,0.0909,UAGUGGAGGAU,UAAUAACA,0.0
1423,22939.452457213938,18971923.46466063,0.1111,GUGGAGCAA,UAUAAAC,0.0
1424,33209.22513603684,454215.597443311,0.2222,GUGCAGGAU,UAAAAAC,0.0
1425,168257.84735688262,47733670091091.14,0.1,AGUGGAGGAA,UAAUAAC,0.0
1426,7709.265187773225,5554180888.060381,0.0,GCGGAGGAA,UAUAAAC,0.0
1427,361911.0290847546,11177198252892.238,0.2222,GUGGAGGAU,UAAAAC,0.0
1428,66.6196768081692,312034401001.0182,0.2,AGUGGAGGAA,UAUAAC,0.0
1429,0.32943459796998786,8786697970.053556,0.3333,GUGGAGGAA,UAAUAAA,0.0
1430,37324.85715622403,2594703380679.242,0.2222,GUGGAGGAU,UAAAAC,0.0
1431,37324.886036328564,32180983796.007236,0.4,AGCGGAGGAA,UAUAAC,0.0
1432,136700.91973537445,8786691171.352165,0.5,AGUGGCGGAA,UAUAAC,0.0
1433,84424.94734712054,1264499221.5580168,0.1111,GUGGCGGAU,UAAAA,0.0
1434,160784.08364673448,1594676252314.5405,0.2222,GUGGAGGAU,UAAAAC,0.0
1435,5975201.333122908,66607135247458.65,0.1,GUGGAGGAAU,UAAAAC,0.0
1436,60731.407334911426,38178954343.81418,0.2222,GUGGAGGAU,UAUAGU,0.0
1437,18758.49707465383,9638620.355821515,0.2,AGUGGAGCAA,UAUAAC,0.0
1438,695989.4224634665,345258789.31668633,0.2222,GUGGAUGAU,UAAAA,0.0
1439,319233.9288032127,249575209.16221076,0.1111,GGGGAGGAU,AAAA,0.0
1440,795.0788081377347,49258855.850464955,0.1111,GUGGAGGCU,UAAAAC,0.0
1441,1918893.533782964,4304862745729.209,0.1111,GUGGAGGAU,UAAAAAC,0.0
1442,31888.994164787222,9502998568679.014,0.3636,CAGUGGAGGAU,UAAAUA,0.0
1443,21358.733113599304,4631182727.261489,0.0,GUGGAGGU,UAAAAC,0.0
1444,2631727.7654600493,3111830596511.0093,0.2,AGUGGAGGAU,UAAAAAAC,0.0
1445,7709.269661555176,2384745500200.0176,0.1111,GUGGAGGAA,UAUAAGC,0.0
1446,143055.30872405402,3111829091650.3257,0.1,GGUGGAGGAA,UAAAAAC,0.0
1447,5325.223660863601,2206052732364.2983,0.2222,GUGGAGGAU,AAAAC,0.0
1448,1169183.9920575854,1875617795630.117,0.0,GUGGAGGAU,UAAUGACA,0.0
1449,1956623.566294024,14296845277.278936,0.1111,CUGGAGGAA,AAAA,0.0
1450,9722267.500210844,20341987632.16151,0.2222,GCGGAGGAU,UAAAAAC,0.0
1451,1559003.3728362483,980070542410.2242,0.3333,GUGGAGGAU,UAAAAC,0.0
1452,481539.7794492595,2057469497.4035003,0.4,GUCGGAGGAU,AAAA,0.0
1453,49662.47250044037,8266008.811081567,0.2222,GUGUAGGAU,UAAAA,0.0
1454,4697.267440060566,1749290502.9765112,0.2222,GUGGUGGAA,AAUAAA,0.0
1455,26980.80590969121,906195778.1074677,0.1111,GUGGAGCAA,UAAUAAA,0.0
1456,16582.112335856233,23262454359.50726,0.4,GUCGGAGGAA,UAAAAC,0.0
1457,2782.6030311532522,180409003.31090283,0.3,GUGCGAGGAU,UAAAAC,0.0
1458,322004.84502286225,100207673794.1927,0.3333,GCGGAGGAA,AAUAAA,0.0
1459,454215.5095810347,1344148107703.8713,0.1111,GUGGAGGAA,CAUAAA,0.0
1460,11160.637849842036,116786816.81318651,0.2222,GUGGUGGAU,UAAAAAC,0.0
1461,143055.33086185373,12155381642.205656,0.375,GUGAGGAA,UAAUAAA,0.0
1462,95041.91727208911,1142816201841.926,0.2222,GUGGAGGAU,GAAA,0.0
1463,25739362.11690507,8238461533946.909,0.2222,GUGGAGGAU,UAAAAAC,0.0
1464,1559003.3728362483,13033214561695.879,0.2222,GUGGAGGAU,AAUAAA,0.0
1465,17352.894774537916,5955284938459.869,0.1111,GUGGAGGAA,UAAAU,0.0
1466,396338.2268773301,41741044187773.06,0.0909,UAGUGGAGGAU,UAAAAAU,0.0
1467,143055.23954345338,8238451175380.622,0.0909,UAGUGGAGGAU,UAAAUAA,0.0
1468,1918893.533782964,6810276359554.753,0.1111,GUGGAGGAU,UAAAAA,0.0
1469,1499456.877346515,7535403257.734585,0.0,GUCGAGGAA,UAAAA,0.0
1470,12435.845940474697,4631179860.561742,0.3,GAUGGAGGAA,UAAUAACA,0.0
1471,10191.189382115192,13033204477255.164,0.1111,GUGGAGGAA,UAUAAC,0.0
1472,1.963168665921707,13449662.11242518,0.3,GUGGUAGGAU,UAAAAA,0.0
1473,503105.8181886844,11177198252892.238,0.2222,GUGGAGGAU,UCAAAC,0.0
1474,69.71632069506927,1859477593749.2034,0.0,GUGGAGGAA,UAAUAAA,0.0
1475,149.95501008329668,1344150025268.0435,0.2,GGUGGAGGAA,UAAAAC,0.0
1476,87920.22444201495,6406716244.393555,0.0,GUGGAGGUU,UAAAAC,0.0
1477,49662.46289386172,21811012563726.15,0.1111,GUGGAGGAA,AAUAA,0.0
1478,25121.60851106119,849654680928.784,0.2222,GUGGAGGAU,UAAACAC,0.0
1479,300.31696306370844,8010070787904.714,0.3333,GUGGAGGAA,UAGUAAA,0.0
1480,273772.8972689384,50385989542802.92,0.1111,GUGGAGGAA,UAAGAACA,0.0
1481,92.16073422614136,19949720581.292427,0.3333,GUGGAGGAU,UAAAAC,0.0
1482,3288.79767788895,124618570.26065545,0.2222,GUGGUGGAU,UAAAUA,0.0
1483,7642.9360606189575,962776796.3744092,0.1818,GGUGGAGUGAA,UAAUAACA,0.0
1484,2524.458052038999,2308596074820.386,0.2,GGUGGAGGAA,UGAAUAACA,0.0
1485,11986.607382296555,8010066914287.487,0.1111,GUGGAGGAA,UAUAAC,0.0
1486,74751.02803689793,267598774976.82016,0.2,GGUGGAGGAU,UAAAAA,0.0
1487,27112.45640687864,18186458882301.86,0.1818,UAGUGGAGGAU,UAAAUA,0.0
1488,425670.7146508439,205622229469100.66,0.1111,GUGGAGGAA,UAAAAC,0.0
1489,566374.7347476713,79882094989490.08,0.1111,GUGGAGGAA,UAAAA,0.0
1490,549.2047219769654,293544081.69869375,0.3,GUGGUAGGAU,UAAAAC,0.0
1491,645.9608790723121,1859477728633.8972,0.2,GGUGGAGGAA,UAAAAA,0.0
1492,1319.1112780911408,906195076.939117,0.1111,GUGGCGGAA,UAUAAG,0.0
1493,566374.7347476713,5790194034682.491,0.4444,GUGGAGGAU,UAAUAACAU,0.0
1494,666154.7884433306,110507736307153.19,0.1111,GUGGAGGAA,UAAAA,0.0
1495,2782.6030311532522,13033204477255.164,0.1111,GUGGAGGAA,UAUAAC,0.0
1496,869258.3129085494,78341770376985.66,0.0909,UAGUGGAGGAU,UAAUAACA,0.0
1497,121627.6272988649,13033210780029.695,0.1111,GUGGAGGAA,AAUAAA,0.0
1498,69.11644056771314,118884560981.09024,0.1,GGUGGAGGAA,UAAUAACA,0.0
1499,15819142.019272879,4591334024.368088,0.1,GUGGACGGAU,UAAAAA,0.0
1500,14098.338724627372,191773070440.30875,0.3333,GUGGAGGAA,UAUAAC,0.0
1501,2782.6030311532486,402590578.388329,0.0,GAGGAGGAA,UAUAAC,0.0
1502,103409.50840609705,16815605400.778875,0.1111,GUGAAGGAA,UAAUAAA,0.0
1503,11986.613178943402,7188689090558.046,0.1111,GUGGAGGAA,AAUUAA,0.0
1504,168257.92506372422,191772966107.60104,0.1,GUGGGAGGAA,AAUAAA,0.0
1505,99298.53038927799,56630467259821.16,0.2,AGUGGAGGAU,UAAAUA,0.0
1506,245.18294468054128,293543674.2852276,0.1818,AGUGGUAGGAU,UAAAUA,0.0
1507,71779.30491048371,708457436597.0956,0.25,GUGGAGGA,UAAAUA,0.0
1508,31888.994164787222,9502998568679.014,0.3636,CAGUGGAGGAU,UAAAUA,0.0
1509,523935.0216237827,191772922056.03003,0.3,GUAGGAGGAA,AAUAAA,0.0
1510,7027882.593369269,2399118745.660814,0.375,GUGAGGAA,AAUAAA,0.0
1511,22939.465769261984,40583846707948.83,0.1111,GUGGAGGAA,AAGAAA,0.0
1512,397.00059947046213,402590578.388329,0.0,GAGGAGGAA,UAUAAC,0.0
1513,273772.8972689384,15329341497839.883,0.1818,UAGUGGAGGAU,UAAAAA,0.0
1514,4697.266531433451,2594700871117.071,0.0,GUGGAGGAA,UAAUAACA,0.0
1515,15043.775427130362,8238457549881.43,0.2222,GUGGAGGAA,UAAUAACAC,0.0
1516,54034.80608220547,1344149407747.0793,0.3,UGUGGAGGAU,UAAAAA,0.0
1517,15819142.019272879,5400204066.373497,0.2222,GUGGAUGAA,AAUAAA,0.0
1518,4738.03628415936,556937990.6991062,0.1,AGUGGUGGAU,AAUAAA,0.0
1519,718567.3337618217,18544033776204.74,0.1111,GUGGAGGAA,UAAAGUAU,0.0
1520,378733.7644620993,40583846707948.83,0.3333,GUGGAGGAA,AAUAAA,0.0
1521,1169183.4549184197,66034171876243.99,0.0909,UAGUGGAGGAU,UAAUAAA,0.0
1522,1002684.2571784803,770459598.7435305,0.2727,UAGUGGAGCAU,UAAAAA,0.0
1523,273772.8972689379,4631179860.561742,0.25,GUGGGGAA,UAAAUAU,0.0
1524,523934.8189265649,1695125173022094.0,0.0909,UAGUGGAGGAU,UAAAAA,0.0
1525,143055.28105180993,15329326671507.2,0.1111,GUGGAGGAA,AAUAAA,0.0
1526,279156.1426693425,243946566266659.47,0.1111,GUGGAGGAA,UAAUUAACA,0.0
1527,49662.46289386172,21811012563726.15,0.1111,GUGGAGGAA,AAUAA,0.0
1528,328336.22978055617,8862951849.41326,0.2727,UAGUGGAGAAU,UAAUAACA,0.0
1529,45545.864676809666,3880230855752.3726,0.3333,GUGGAGGAA,UAAUUAAC,0.0
1530,7860.861753791371,6869382183023.364,0.1111,GUGGAGGAA,UAAUUAACA,0.0
1531,7402.792640313336,6406716244.393555,0.1,AGUGGAGGUU,UAAAUA,0.0
1532,232765.68715971767,24942394507595.242,0.1111,GUGGAGGAA,AAUAAA,0.0
1533,279156.1426693425,243946566266659.47,0.0,GUGGAGGAA,UAAUUAACA,0.0
1534,49662.46289386172,34504938255710.9,0.1111,GUGGAGGAA,AAAAA,0.0
1535,4404189.969231053,12260879562.645636,0.375,GUGAGGAA,UAAUUAACA,0.0
1536,201792.0034451797,15462386571811.19,0.1,AGUGGAGGAU,UAAUUAACA,0.0
1537,1002684.2571784803,777146504.0043455,0.2727,UAGUGGAGCAU,UAAAUA,0.0
1538,498.254681350424,146328588092.9897,0.2222,GUGGAGGAA,UAGAUAACA,0.0
1539,127281.21084891119,307188770.40891427,0.2,AGUGGUGGAU,AAAUA,0.0
1540,8664.687773750818,8079597342146.493,0.1,AGUGGAGGAU,UAAAGA,0.0
1541,5351.214355141319,2057469895.395088,0.4,AGUGCAGGAU,UAAAUA,0.0
1542,1002683.9662435699,56143194181333.305,0.1818,UAGUGGAGGAU,UAAAAA,0.0
1543,3395.4863017128773,3347713440.74125,0.1,AGUGGAGGCU,UAAAAUA,0.0
1544,232765.61962134345,13146341464461.385,0.2,AGUGGAGGAU,AAAAUA,0.0
1545,1293.67454500387,109923358.47502382,0.3,GUUGGAGGAA,UAAAUAU,0.0
1546,14753.684193581583,79459576.9071676,0.1667,UAGUCGGAGGAU,UAAAAA,0.0
1547,3122236.958286525,8238463924387.141,0.3,UGUGGAGGAA,UAAAUAU,0.0
1548,319234.175810434,1344149407747.0793,0.3,UGUGGAGGAU,UAAUAAA,0.0
1549,1099.9005382201142,5400204066.373497,0.1,UAGGGAGGAU,UAAAAA,0.0
1550,25950.264004034172,27598155277.335983,0.4167,UAGUGGAGUGAU,UAAAA,0.0
1551,25950.258984283053,4221850248050.191,0.2,AGUGGAGGAU,UAAAA,0.0
1552,852496.2003737052,176340258429597.7,0.2222,AGUGGAGGA,AAAAUA,0.0
1553,12045.110135934863,14420929200.762506,0.1,UAGGGAGGAU,UAAAUA,0.0
1554,10191.189382115206,8079597342146.493,0.1,AGUGGAGGAU,UAAAGA,0.0
1555,121627.60377153514,11081010863362.99,0.0,UAGUGGAGGAU,UAAAAA,0.0
1556,1179331.3854954361,3903616122.2559547,0.5455,UAGUGCAGGAU,UAAAAA,0.0
1557,378733.7644620993,9421230651310.775,0.3636,CAGUGGAGGAU,UAAAAA,0.0
1558,232765.7997237185,2645723496909.8633,0.3333,GUGGAGGAA,UAAAUAU,0.0
1559,10240.919376322661,11177184199327.965,0.0833,UUAGUGGAGGAU,UAAAUA,0.0
1560,31888.994164787222,129976439809732.27,0.1111,GUGGAGGAA,UAAUAA,0.0
1561,84014.95163855806,26328350755291.496,0.1,AGUGGAGGAU,UAAGAAUA,0.0
1562,852495.5407553645,47733707025013.625,0.4545,UAGUGGAGGAU,UAAAAA,0.0
1563,1293.6737442199878,3558592529906.9736,0.2727,UAGUGGAGGAU,UAAGAA,0.0
1564,176078.98850421055,13033214561695.879,0.2,AGUGGAGGAU,UAAGAAA,0.0
1565,10240.916404857859,702361561835.4712,0.0,GUGGGAGGAA,UAAAAA,0.0
1566,396338.2268773301,66034171876243.99,0.0909,UAGUGGAGGAU,UAAAAAA,0.0
1567,1.1585763779206906,80149215.48615238,0.1667,UAGUCGGAGGAU,UAAAUA,0.0
1568,1202519.9751236874,231989703648.63583,0.3,UGUGGAGGAU,UAAAUAU,0.0
1569,51886.655252941404,753084453021621.5,0.25,UAGUGGAGGAAU,AAAAA,0.0
1570,322004.5958718382,148636849383117.53,0.1667,UAGUGGAGGAAU,UAAAAA,0.0
1571,724803.8602353946,174822950437203.72,0.3,UAGUGGAGGA,AAAA,0.0
1572,20410.02569948542,1065844019.7008058,0.4545,UAGUAGAGGAU,UAAAAA,0.0
1573,4549.675200726116,8469274000.709755,0.3636,AGUGGAGCGAU,UAAAUA,0.0
1574,1002684.2571784803,770459598.7435305,0.2727,UAGUGGAGCAU,UAAAAA,0.0
1575,27112.477385139104,10424374570.9363,0.3,AGUGGCGGAU,UAAAUA,0.0
1576,113.43565487995515,79459576.9071676,0.1667,UAGUCGGAGGAU,UAAAAA,0.0
1577,42223.76651251797,1152733605418.52,0.3,UGUGGAGGAU,UAAAA,0.0
1578,37507.00957335685,25158903980050.19,0.4,AGUGGAGGAU,UAAAUA,0.0
1579,548289.002172587,4722242846.954407,0.3636,UAGUGGAGUAU,AAAA,0.0
1580,396338.2268773301,41741044187773.06,0.0909,UAGUGGAGGAU,UAAAAAU,0.0
1581,49662.46289386172,34504938255710.9,0.2,GUGGAGGAAA,AAAA,0.0
1582,1521.5862221175123,120581.12547924323,0.2727,UAGUCGAGGAU,UAAAAA,0.0
1583,588866.7178108167,164463120740.49155,0.2727,AGUGGAUGGAU,UAAAUA,0.0
1584,1521.5868107809927,80149324.01321709,0.2727,UAGUCGAGGAU,UUAAAAUA,0.0
1585,1022399.1291635798,9421223361640.135,0.1111,GUGGAGGAA,CAAAUAU,0.0
1586,1002684.2571784803,777146504.0043455,0.2,AGUGGAGCAU,UAAAUA,0.0
1587,3395.4868353743345,342287718.5879717,0.0,UAGGGGAGGAU,UAAUAAA,0.0
1588,103409.49240348506,8734049646532.891,0.1111,GUGGAGGAA,UAAAUGU,0.0
1589,2654571.6500844383,205622229469100.66,0.1111,GUGGAGGAA,UAAAUAU,0.0
1590,99298.53038927799,13404829953855.475,0.3333,GUGGAGGAA,UAAUAA,0.0
1591,675.9867865478984,16961549269.641462,0.1667,UAGGUGGAGGAU,AAAAAA,0.0
1592,3183629.137770846,205622229469100.66,0.1111,GUGGAGGAA,UAAAUU,0.0
1593,141824.33027607432,13146314763050.293,0.0909,UAGUGGAGGAU,UAAAAUA,0.0
1594,523934.8189265639,8862951849.41326,0.2727,UAGUGGAGAAU,UUAAAAUA,0.0
1595,141824.33027607432,13146314763050.293,0.0909,UAGUGGAGGAU,UAAAAUA,0.0
1596,8989.432271534244,32460248489.13616,0.2,AGCGGAGGAU,UAAAAUA,0.0
1597,3288.7983140654947,80149324.01321709,0.2727,UAGUCGAGGAU,UAAAUA,0.0
1598,7642.935691011557,1355814578834.454,0.1667,AGUGGAGGAACU,UAAAAUA,0.0
1599,92606.17128036536,27598151540.375492,0.3333,GUGGAUGAA,UAAUAAA,0.0
1600,32923.45309877166,265295992838.0951,0.2222,GUGGAGGAA,GAAAUAU,0.0
1601,48076.6327587198,13146314763050.293,0.0909,UAGUGGAGGAU,UAAAACA,0.0
1602,108.92606862066695,44905090987.68925,0.4,AGCGGAGGAU,UAAAUA,0.0
1603,2377.352518558238,561771717.9782875,0.1,AGUGGUGGAU,UAAAUA,0.0
1604,53569.867197199324,1355815431196.7803,0.3333,GUGGAGGAU,UAAAAUA,0.0
1605,80805.96934740315,81983222121622.62,0.1818,AGUGGAGGAAU,UAAAAUGA,0.0
1606,56546.51845834701,1206317321331.4558,0.1667,UAGUGGAGGAUA,UAAAUA,0.0
1607,56546.51845834701,1206317321331.4558,0.1667,UAGUGGAGGAUA,UAAAUA,0.0
